create database practice;
USE practice;

CREATE TABLE city(
id INT NOT NULL,
name VARCHAR(17),
countrycode VARCHAR(3),
district VARCHAR(20),
population int);

INSERT INTO city VALUES
(6,'Rotterdam','NLD','Zuid-Holland',593321),
(3878,'Scottsdale','USA','Arizona',202705),
(3965,'Corona','USA','California',124966),
(3973,'Concord','USA','California',121780),
(3977,'Cedar Rapids','USA','Iowa',120758),
(3982,'Coral Springs','USA','Florida',117549),
(4054,'Fairfield','USA','California',92256),
(4058,'Boulder','USA','Colorado',91238),
(4061,'Fall River','USA','Massachusetts',90555),
(19,'Zaanstad','NLD','Noord-Holland',135621),
(214,'Porto Alegre','BRA','Rio Grande do Sul',1314032),
(397,'Lauro de Freitas','BRA','Bahia',109236),
(547,'Dobric','BGR','Varna',100399),
(552,'Bujumbura','BDI','Bujumbura',300000),
(554,'Santiago de Chile','CHL','Santiago',4703954),
(626,'al-Minya','EGY','al-Minya',201360),
(646,'Santa Ana','SLV','Santa Ana',139389),
(762,'Bahir Dar','ETH','Amhara',96140),
(796,'Baguio','PHL','CAR',252386),
(896,'Malungon','PHL','Southern Mindanao',93232),
(904,'Banjul','GMB','Banjul',42326),
(924,'Villa Nueva','GTM','Guatemala',101295),
(990,'Waru','IDN','East Java',124300),
(1155,'Latur','IND','Maharashtra',197408),
(1222,'Tenali','IND','Andhra Pradesh',143726),
(1235,'Tirunelveli','IND','Tamil Nadu',135825),
(1256,'Alandur','IND','Tamil Nadu',125244),
(1279,'Neyveli','IND','Tamil Nadu',118080),
(1293,'Pallavaram','IND','Tamil Nadu',111866),
(1350,'Dehri','IND','Bihar',94526),
(1383,'Tabriz','IRN','East Azerbaidzan',1191043),
(1385,'Karaj','IRN','Teheran',940968),
(1508,'Bolzano','ITA','Trentino-Alto Adige',97232),
(1520,'Cesena','ITA','Emilia-Romagna',89852),
(1613,'Neyagawa','JPN','Osaka',257315),
(1630,'Ageo','JPN','Saitama',209442),
(1661,'Sayama','JPN','Saitama',162472),
(1681,'Omuta','JPN','Fukuoka',142889),
(1739,'Tokuyama','JPN','Yamaguchi',107078),
(1793,'Novi Sad','YUG','Vojvodina',179626),
(1857,'Kelowna','CAN','British Colombia',89442),
(1895,'Harbin','CHN','Heilongjiang',4289800),
(1900,'Changchun','CHN','Jilin',2812000),
(1913,'Lanzhou','CHN','Gansu',1565800),
(1947,'Changzhou','CHN','Jiangsu',530000),
(2070,'Dezhou','CHN','Shandong',195485),
(2081,'Heze','CHN','Shandong',189293),
(2111,'Chenzhou','CHN','Hunan',169400),
(2153,'Xianning','CHN','Hubei',136811),
(2192,'Lhasa','CHN','Tibet',120000),
(2193,'Lianyuan','CHN','Hunan',118858),
(2227,'Xingcheng','CHN','Liaoning',102384),
(2273,'Villavicencio','COL','Meta',273140),
(2384,'Tong-yong','KOR','Kyongsangnam',131717),
(2386,'Yongju','KOR','Kyongsangbuk',131097),
(2387,'Chinhae','KOR','Kyongsangnam',125997),
(2388,'Sangju','KOR','Kyongsangbuk',124116),
(2406,'Herakleion','GRC','Crete',116178),
(2440,'Monrovia','LBR','Montserrado',850000),
(2462,'Lilongwe','MWI','Lilongwe',435964),
(2505,'Taza','MAR','Taza-Al Hoceima-Taou',92700),
(2555,'Xalapa','MEX','Veracruz',390058),
(2602,'Ocosingo','MEX','Chiapas',171495),
(2609,'Nogales','MEX','Sonora',159103);

CREATE TABLE station(
id INT PRIMARY KEY,
city VARCHAR(21),
state VARCHAR(2),
lat_n INT,
long_w int);

INSERT INTO station VALUES
(794,'Kissee Mills','MO',140,73),
(824,'Loma Mar','CA',49,131),
(603,'Sandy Hook','CT',72,148),
(478,'Tipton','IN',34,98),
(619,'Arlington','CO',75,93),
(711,'Turner','AR',50,101),
(839,'Slidell','LA',85,152),
(411,'Negreet','LA',99,105),
(588,'Glencoe','KY',46,136),
(665,'Chelsea','IA',99,60),
(342,'Chignik Lagoon','AK',103,153),
(733,'Pelahatchie','MS',39,28),
(441,'Hanna City','IL',51,137),
(811,'Dorrance','KS',102,122),
(698,'Albany','CA',50,80),
(325,'Monument','KS',71,142),
(414,'Manchester','MD',74,37),
(113,'Prescott','IA',40,66),
(971,'Graettinger','IA',95,150),
(266,'Cahone','CO',116,127),
(617,'Sturgis','MS',36,126),
(495,'Upperco','MD',114,30),
(473,'Highwood','IL',27,151),
(959,'Waipahu','HI',106,34),
(438,'Bowdon','GA',89,78),
(571,'Tyler','MN',133,59),
(92,'Watkins','CO',83,97),
(399,'Republic','MI',75,130),
(426,'Millville','CA',33,146),
(844,'Aguanga','CA',80,66),
(321,'Bowdon Junction','GA',86,34),
(606,'Morenci','AZ',105,110),
(957,'South El Monte','CA',74,80),
(833,'Hoskinston','KY',66,66),
(843,'Talbert','KY',40,59),
(166,'Mccomb','MS',74,43),
(339,'Kirk','CO',141,136),
(909,'Carlock','IL',117,85),
(829,'Seward','IL',72,90),
(766,'Gustine','CA',111,141),
(392,'Delano','CA',126,92),
(555,'Westphalia','MI',33,144),
(33,'Saint Elmo','AL',27,51),
(728,'Roy','MT',41,52),
(656,'Pattonsburg','MO',138,32),
(394,'Centertown','MO',134,93),
(366,'Norvell','MI',125,94),
(96,'Raymondville','MO',71,148),
(867,'Beaver Island','MI',82,165),
(977,'Odin','IL',53,116),
(741,'Jemison','AL',62,26),
(436,'West Hills','CA',68,73),
(323,'Barrigada','GU',61,148),
(3,'Hesperia','CA',106,71),
(814,'Wickliffe','KY',80,46),
(375,'Culdesac','ID',48,78),
(467,'Roselawn','IN',88,52),
(604,'Forest Lakes','AZ',145,114),
(551,'San Simeon','CA',38,28),
(706,'Little Rock','AR',122,121),
(647,'Portland','AR',84,45),
(25,'New Century','KS',135,79),
(250,'Hampden','MA',76,26),
(124,'Pine City','MN',119,129),
(547,'Sandborn','IN',56,94),
(701,'Seaton','IL',128,78),
(197,'Milledgeville','IL',91,113),
(613,'East China','MI',109,42),
(630,'Prince Frederick','MD',105,58),
(767,'Pomona Park','FL',101,163),
(679,'Gretna','LA',75,143),
(896,'Yazoo City','MS',95,85),
(403,'Zionsville','IN',58,36),
(519,'Rio Oso','CA',29,106),
(482,'Jolon','CA',67,53),
(252,'Childs','MD',93,104),
(600,'Shreveport','LA',136,39),
(14,'Forest','MS',120,50),
(260,'Sizerock','KY',116,113),
(65,'Buffalo Creek','CO',48,148),
(753,'Algonac','MI',119,80),
(174,'Onaway','MI',109,56),
(263,'Irvington','IL',97,68),
(253,'Winsted','MN',69,73),
(557,'Woodbury','GA',103,93),
(897,'Samantha','AL',75,36),
(98,'Hackleburg','AL',120,121),
(423,'Soldier','KS',77,153),
(361,'Arrowsmith','IL',28,109),
(409,'Columbus','GA',67,47),
(312,'Bentonville','AR',37,78),
(854,'Kirkland','AZ',86,58),
(160,'Grosse Pointe','MI',102,91),
(735,'Wilton','ME',57,157),
(608,'Busby','MT',104,30),
(122,'Robertsdale','AL',98,85),
(93,'Dale','IN',70,34),
(67,'Reeds','MO',31,43),
(906,'Hayfork','CA',35,117),
(34,'Mcbrides','MI',74,36),
(921,'Lee Center','IL',96,77),
(401,'Tennessee','IL',55,156),
(536,'Henderson','IA',78,78),
(953,'Udall','KS',113,60),
(370,'Palm Desert','CA',107,146),
(614,'Benedict','KS',138,96),
(998,'Oakfield','ME',48,132),
(805,'Tamms','IL',60,75),
(235,'Haubstadt','IN',28,32),
(820,'Chokio','MN',81,134),
(650,'Clancy','MT',46,164),
(791,'Scotts Valley','CA',120,91),
(324,'Norwood','MN',144,35),
(442,'Elkton','MD',103,157),
(633,'Bertha','MN',40,105),
(109,'Bridgeport','MI',51,80),
(780,'Cherry','IL',68,47),
(492,'Regina','KY',132,90),
(965,'Griffin','GA',39,152),
(778,'Pine Bluff','AR',60,146),
(337,'Mascotte','FL',121,146),
(259,'Baldwin','MD',82,40),
(955,'Netawaka','KS',109,120),
(752,'East Irvine','CA',106,115),
(886,'Pony','MT',99,163),
(200,'Franklin','LA',82,32),
(384,'Amo','IN',104,159),
(518,'Vulcan','MO',109,92),
(188,'Prairie Du Rocher','IL',76,71),
(161,'Alanson','MI',91,72),
(486,'Delta','LA',137,50),
(406,'Carver','MN',46,122),
(940,'Paron','AR',59,104),
(237,'Winchester','ID',38,80),
(465,'Jerome','AZ',122,34),
(591,'Baton Rouge','LA',130,72),
(570,'Greenview','CA',81,58),
(429,'Lucerne Valley','CA',36,48),
(278,'Cromwell','MN',129,54),
(927,'Quinter','KS',60,25),
(59,'Whitewater','MO',83,71),
(218,'Round Pond','ME',127,124),
(291,'Clarkdale','AZ',58,74),
(668,'Rockton','IL',116,87),
(682,'Pheba','MS',91,127),
(775,'Eleele','HI',81,153),
(527,'Auburn','IA',95,137),
(108,'North Berwick','ME',71,27),
(190,'Oconee','GA',93,119),
(232,'Grandville','MI',39,70),
(405,'Susanville','CA',128,80),
(273,'Rosie','AR',73,162),
(813,'Verona','MO',110,153),
(444,'Richland','GA',105,113),
(899,'Fremont','MI',54,151),
(738,'Philipsburg','MT',96,72),
(215,'Kensett','IA',56,140),
(743,'De Tour Village','MI',25,25),
(377,'Koleen','IN',138,111),
(727,'Winslow','IL',113,39),
(363,'Reasnor','IA',42,163),
(117,'West Grove','IA',127,99),
(420,'Frankfort Heights','IL',72,30),
(888,'Bono','AR',133,150),
(784,'Biggsville','IL',86,139),
(413,'Linthicum Heights','MD',128,68),
(695,'Amazonia','MO',46,148),
(609,'Marysville','MI',86,133),
(471,'Cape Girardeau','MO',74,91),
(649,'Pengilly','MN',25,154),
(946,'Newton Center','MA',48,145),
(380,'Crane Lake','MN',73,43),
(383,'Newbury','MA',128,85),
(44,'Kismet','KS',100,157),
(433,'Canton','ME',99,106),
(283,'Clipper Mills','CA',114,57),
(474,'Grayslake','IL',61,33),
(233,'Pierre Part','LA',52,90),
(990,'Bison','KS',132,75),
(502,'Bellevue','KY',127,122),
(327,'Ridgway','CO',77,110),
(4,'South Britain','CT',66,34),
(228,'Rydal','GA',36,79),
(642,'Lynnville','KY',25,146),
(885,'Deerfield','MO',40,36),
(539,'Montreal','MO',129,127),
(202,'Hope','MN',140,44),
(593,'Aliso Viejo','CA',68,131),
(521,'Gowrie','IA',130,128),
(938,'Andersonville','GA',141,73),
(919,'Knob Lick','KY',136,33),
(528,'Crouseville','ME',37,82),
(331,'Cranks','KY',56,27),
(45,'Rives Junction','MI',94,117),
(944,'Ledyard','CT',135,144),
(949,'Norway','ME',84,88),
(88,'Eros','LA',95,58),
(878,'Rantoul','KS',32,119),
(35,'Richmond Hill','GA',39,114),
(17,'Fredericktown','MO',106,113),
(447,'Arkadelphia','AR',99,50),
(498,'Glen Carbon','IL',61,141),
(351,'Fredericksburg','IN',45,78),
(774,'Manchester','IA',130,123),
(116,'Mc Henry','MD',93,113),
(963,'Eriline','KY',94,65),
(643,'Wellington','KY',100,32),
(781,'Hoffman Estates','IL',129,53),
(364,'Howard Lake','MN',126,78),
(777,'Edgewater','MD',130,72),
(15,'Ducor','CA',141,102),
(910,'Salem','KY',87,114),
(612,'Sturdivant','MO',94,86),
(537,'Hagatna','GU',97,152),
(970,'East Haddam','CT',116,132),
(510,'Eastlake','MI',134,39),
(354,'Larkspur','CA',107,66),
(983,'Patriot','IN',83,46),
(799,'Corriganville','MD',141,154),
(581,'Carlos','MN',115,66),
(825,'Addison','MI',96,142),
(526,'Tarzana','CA',136,81),
(176,'Grapevine','AR',92,85),
(994,'Kanorado','KS',65,86),
(704,'Climax','MI',127,107),
(582,'Curdsville','KY',85,150),
(884,'Southport','CT',59,63),
(196,'Compton','IL',107,99),
(605,'Notasulga','AL',67,116),
(430,'Rumsey','KY',71,50),
(234,'Rogers','CT',140,33),
(700,'Pleasant Grove','AR',135,146),
(702,'Everton','MO',119,51),
(662,'Skanee','MI',70,130),
(171,'Springerville','AZ',125,151),
(615,'Libertytown','MD',145,112),
(26,'Church Creek','MD',39,91),
(692,'Yellow Pine','ID',83,151),
(336,'Dumont','MN',57,129),
(464,'Gales Ferry','CT',105,37),
(315,'Ravenna','KY',79,106),
(505,'Williams','AZ',73,112),
(842,'Decatur','MI',63,161),
(982,'Holbrook','AZ',135,104),
(868,'Sherrill','AR',80,152),
(554,'Brownsdale','MN',52,51),
(199,'Linden','MI',53,33),
(453,'Sedgwick','AR',69,75),
(451,'Fort Atkinson','IA',143,141),
(950,'Peachtree City','GA',80,156),
(326,'Rocheport','MO',114,64),
(189,'West Somerset','KY',74,45),
(638,'Clovis','CA',92,138),
(156,'Heyburn','ID',82,121),
(861,'Peabody','KS',75,152),
(722,'Marion Junction','AL',53,31),
(428,'Randall','KS',48,136),
(677,'Hayesville','IA',120,42),
(183,'Jordan','MN',69,35),
(322,'White Horse Beach','MA',54,59),
(827,'Greenville','IL',51,153),
(242,'Macy','IN',139,152),
(621,'Flowood','MS',65,149),
(960,'Deep River','IA',75,39),
(180,'Napoleon','IN',32,160),
(382,'Leavenworth','IN',100,122),
(853,'Coldwater','KS',48,26),
(105,'Weldon','CA',134,119),
(357,'Yellville','AR',36,42),
(710,'Turners Falls','MA',31,125),
(520,'Delray Beach','FL',27,159),
(920,'Eustis','FL',43,39),
(684,'Mineral Point','MO',91,41),
(355,'Weldona','CO',33,58),
(389,'Midpines','CA',106,59),
(303,'Cascade','ID',32,157),
(501,'Tefft','IN',93,150),
(673,'Showell','MD',44,164),
(834,'Bayville','ME',107,143),
(255,'Brighton','IL',108,33),
(595,'Grimes','IA',42,75),
(709,'Nubieber','CA',133,49),
(100,'North Monmouth','ME',131,78),
(522,'Harmony','MN',124,126),
(16,'Beaufort','MO',72,86),
(231,'Arispe','IA',31,138),
(923,'Union Star','MO',79,133),
(891,'Humeston','IA',75,122),
(165,'Baileyville','IL',82,61),
(757,'Lakeville','CT',60,95),
(506,'Firebrick','KY',50,95),
(76,'Pico Rivera','CA',143,117),
(246,'Ludington','MI',30,120),
(583,'Channing','MI',117,57),
(666,'West Baden Springs','IN',30,96),
(373,'Pawnee','IL',85,81),
(504,'Melber','KY',37,56),
(901,'Manchester','MN',71,84),
(306,'Bainbridge','GA',62,57),
(821,'Sanders','AZ',131,97),
(586,'Ottertail','MN',100,44),
(95,'Dupo','IL',41,29),
(524,'Montrose','CA',136,119),
(716,'Schleswig','IA',119,52),
(849,'Harbor Springs','MI',141,149),
(611,'Richmond','IL',113,163),
(904,'Ermine','KY',120,63),
(740,'Siler','KY',137,117),
(439,'Reeves','LA',35,51),
(57,'Clifton','AZ',30,136),
(155,'Casco','MI',139,109),
(755,'Sturgis','MI',117,135),
(11,'Crescent City','FL',58,118),
(287,'Madisonville','LA',112,53),
(435,'Albion','IN',44,122),
(672,'Lismore','MN',59,104),
(572,'Athens','IN',75,121),
(890,'Eufaula','AL',140,103),
(975,'Panther Burn','MS',117,165),
(914,'Hanscom Afb','MA',129,136),
(119,'Wildie','KY',70,112),
(540,'Mosca','CO',89,141),
(678,'Bennington','IN',36,27),
(208,'Lottie','LA',110,83),
(512,'Garland','ME',109,134),
(352,'Clutier','IA',61,127),
(948,'Lupton','MI',140,53),
(503,'Northfield','MN',61,37),
(288,'Daleville','AL',122,136),
(560,'Osage City','KS',110,90),
(479,'Cuba','MO',64,88),
(826,'Norris','MT',47,37),
(651,'Clopton','AL',41,85),
(143,'Renville','MN',142,99),
(240,'Saint Paul','KS',66,163),
(102,'Kirksville','MO',140,144),
(69,'Kingsland','AR',78,85),
(181,'Fairview','KS',80,165),
(175,'Lydia','LA',42,40),
(80,'Bridgton','ME',93,140),
(596,'Brownstown','IL',49,63),
(301,'Monona','IA',144,82),
(987,'Hartland','MI',136,108),
(973,'Andover','CT',52,53),
(981,'Lakota','IA',56,92),
(440,'Grand Terrace','CA',37,127),
(110,'Mesick','MI',82,109),
(396,'Dryden','MI',70,48),
(637,'Beverly','KY',58,127),
(566,'Marine On Saint Croix','MN',126,116),
(801,'Pocahontas','IL',110,83),
(739,'Fort Meade','FL',44,35),
(130,'Hayneville','AL',110,157),
(345,'Yoder','IN',83,144),
(851,'Gatewood','MO',76,146),
(489,'Madden','MS',81,99),
(223,'Losantville','IN',113,107),
(538,'Cheswold','DE',32,59),
(329,'Caseville','MI',103,98),
(815,'Pomona','MO',52,50),
(789,'Hopkinsville','KY',27,48),
(269,'Jack','AL',50,86),
(969,'Dixie','GA',27,36),
(271,'Hillside','CO',99,69),
(667,'Hawarden','IA',91,47),
(350,'Cannonsburg','MI',91,121),
(49,'Osborne','KS',70,140),
(332,'Elm Grove','LA',46,29),
(172,'Atlantic Mine','MI',131,99),
(699,'North Branford','CT',38,95),
(417,'New Liberty','IA',140,95),
(99,'Woodstock Valley','CT',117,163),
(404,'Farmington','IL',92,72),
(23,'Honolulu','HI',110,140),
(1,'Pfeifer','KS',37,66),
(127,'Oshtemo','MI',100,136),
(657,'Gridley','KS',118,56),
(261,'Fulton','KY',111,52),
(182,'Winter Park','FL',133,33),
(328,'Monroe','LA',28,108),
(779,'Del Mar','CA',59,96),
(646,'Greens Fork','IN',134,135),
(756,'Garden City','AL',96,105),
(157,'Blue River','KY',117,162),
(400,'New Ross','IN',134,121),
(61,'Brilliant','AL',86,160),
(610,'Archie','MO',40,28),
(985,'Winslow','AR',126,126),
(207,'Olmitz','KS',29,38),
(941,'Allerton','IA',62,113),
(70,'Norphlet','AR',144,61),
(343,'Mechanic Falls','ME',72,71),
(531,'North Middletown','KY',43,142),
(996,'Keyes','CA',77,86),
(167,'Equality','AL',107,116),
(750,'Neon','KY',102,148),
(410,'Calhoun','KY',96,57),
(725,'Alpine','AR',117,115),
(988,'Mullan','ID',143,155),
(55,'Coalgood','KY',57,149),
(640,'Walnut','MS',41,77),
(302,'Saint Petersburg','FL',52,120),
(387,'Ojai','CA',69,119),
(476,'Julian','CA',131,102),
(907,'Veedersburg','IN',79,95),
(294,'Orange Park','FL',59,137),
(661,'Payson','AZ',126,154),
(745,'Windom','KS',114,126),
(631,'Urbana','IA',143,29),
(356,'Ludlow','CA',111,88),
(419,'Lindsay','MT',143,68),
(494,'Palatka','FL',95,52),
(625,'Bristol','ME',88,95),
(459,'Harmony','IN',135,71),
(636,'Ukiah','CA',87,90),
(106,'Yuma','AZ',111,154),
(204,'Alba','MI',92,104),
(344,'Zachary','LA',61,152),
(599,'Esmond','IL',76,91),
(515,'Waresboro','GA',144,154),
(497,'Hills','MN',138,135),
(162,'Montgomery City','MO',70,45),
(499,'Delavan','MN',33,65),
(362,'Magnolia','MS',113,32),
(545,'Byron','CA',137,120),
(712,'Dundee','IA',62,105),
(257,'Eureka Springs','AR',72,35),
(154,'Baker','CA',31,148),
(715,'Hyde Park','MA',65,156),
(493,'Groveoak','AL',53,88),
(836,'Kenner','LA',92,127),
(82,'Many','LA',36,95),
(644,'Seward','AK',120,36),
(391,'Berryton','KS',61,140),
(696,'Chilhowee','MO',80,49),
(905,'Newark','IL',73,130),
(81,'Cowgill','MO',137,28),
(31,'Novinger','MO',108,112),
(299,'Goodman','MS',101,117),
(84,'Cobalt','CT',87,27),
(754,'South Haven','MI',145,53),
(144,'Eskridge','KS',108,63),
(305,'Bennington','KS',94,83),
(226,'Decatur','MS',71,118),
(224,'West Hyannisport','MA',59,96),
(694,'Ozona','FL',145,121),
(623,'Jackson','AL',111,67),
(543,'Lapeer','MI',129,114),
(819,'Peaks Island','ME',59,111),
(243,'Hazlehurst','MS',49,109),
(457,'Chester','CA',70,124),
(871,'Clarkston','MI',94,81),
(470,'Healdsburg','CA',111,54),
(705,'Hotchkiss','CO',70,72),
(690,'Ravenden Springs','AR',68,108),
(62,'Monroe','AR',132,150),
(365,'Payson','IL',82,92),
(922,'Kell','IL',70,59),
(838,'Strasburg','CO',89,48),
(286,'Five Points','AL',46,122),
(968,'Norris City','IL',54,76),
(928,'Coaling','AL',144,52),
(746,'Orange City','IA',94,163),
(892,'Effingham','KS',133,98),
(193,'Corcoran','CA',81,140),
(225,'Garden City','IA',54,120),
(573,'Alton','MO',80,112),
(830,'Greenway','AR',119,36),
(241,'Woodsboro','MD',77,142),
(783,'Strawn','IL',30,51),
(675,'Dent','MN',71,137),
(270,'Shingletown','CA',61,102),
(378,'Clio','IA',46,115),
(104,'Yalaha','FL',120,120),
(460,'Leakesville','MS',107,73),
(804,'Fort Lupton','CO',39,93),
(53,'Shasta','CA',99,156),
(448,'Canton','MN',124,151),
(751,'Agency','MO',59,96),
(29,'South Carrollton','KY',58,117),
(718,'Taft','CA',108,147),
(213,'Calpine','CA',47,43),
(624,'Knobel','AR',95,62),
(908,'Bullhead City','AZ',95,30),
(845,'Tina','MO',132,28),
(685,'Anthony','KS',45,161),
(731,'Emmett','ID',57,32),
(311,'South Haven','MN',30,87),
(866,'Haverhill','IA',62,109),
(598,'Middleboro','MA',108,149),
(541,'Siloam','GA',105,92),
(889,'Lena','LA',78,130),
(654,'Lee','IL',28,51),
(841,'Freeport','MI',114,51),
(446,'Mid Florida','FL',110,51),
(249,'Acme','LA',73,68),
(376,'Gorham','KS',111,65),
(136,'Bass Harbor','ME',138,61),
(455,'Granger','IA',33,102);


CREATE TABLE student(
ID INT,
Name VARCHAR(50),
Marks INT
);

INSERT INTO student VALUES
(19,'Samantha',87),
(21,'Julia',96),
(11,'Britney',95),
(32,'Kristeen',100),
(12,'Dyana',55),
(13,'Jenny',66),
(14,'Christene',88),
(15,'Meera',24),
(16,'Priya',76),
(17,'Priyanka',77),
(18,'Paige',74),
(19,'Jane',64),
(21,'Belvet',78),
(31,'Scarlet',80),
(41,'Salma',81),
(51,'Amanda',34),
(61,'Heraldo',94),
(71,'Stuart',99),
(81,'Aamina',77),
(76,'Amina',89),
(91,'Vivek',84),
(17,'Evil',79),
(16,'Devil',76),
(34,'Fanny',75),
(38,'Danny',75);

CREATE TABLE grade
(
	grade INT,
    min_mark INT,
    max_mark INT
);

INSERT INTO grade VALUES
(1,0,9),
(2,10,19),
(3,20,29),
(4,30,39),
(5,40,49),
(6,50,59),
(7,60,69),
(8,70,79),
(9,80,89),
(10,90,100);

CREATE TABLE employee(
	employee_id INT,
	name VARCHAR(50),
	months INT,
	SALARY INT
);

INSERT INTO employee VALUES
(330,'Rose',5,2248),
(1233,'Angela',7,1296),
(1901,'Frank',10,2763),
(2035,'Patrick',1,4583),
(2405,'Lisa',7,4350),
(2974,'Kimberly',11,2874),
(3190,'Bonnie',11,3758),
(3506,'Michael',9,1936),
(3708,'Todd',22,4046),
(4428,'Joe',22,3802),
(5962,'Earl',11,2958),
(6060,'Robert',22,4128),
(6418,'Amy',2,4832),
(7466,'Pamela',1,4199),
(9102,'Maria',11,2958),
(11863,'Joe',18,1721),
(12004,'Linda',15,2306),
(12387,'Melissa',20,1854),
(13835,'Carol',20,4340),
(15151,'Paula',15,1526),
(15286,'Marilyn',10,3087),
(15675,'Jennifer',2,2336),
(16493,'Harry',14,4755),
(17858,'David',13,3658),
(19035,'Julia',4,2195),
(19172,'Kevin',1,2113),
(21638,'Paul',6,3120),
(22684,'James',14,1370),
(23621,'Kelly',7,1923),
(24011,'Robin',22,1880),
(24611,'Ralph',22,1495),
(25109,'Gloria',2,1979),
(25120,'Victor',20,1557),
(28247,'David',23,2212),
(30183,'Joyce',20,2748),
(30712,'Donna',8,2604),
(32502,'Michelle',1,2086),
(32654,'Stephanie',17,1444),
(33086,'Gerald',23,2206),
(33132,'Walter',11,4180),
(37008,'Christina',8,3100),
(38246,'Brandon',3,4339),
(38272,'Elizabeth',23,3967),
(38964,'Joseph',4,2194),
(39789,'Lawrence',9,1872),
(40797,'Marilyn',15,2112),
(41228,'Lori',13,4350),
(44436,'Matthew',15,4673),
(45285,'Jesse',1,3768),
(47458,'John',13,3104),
(47496,'Martha',15,4020),
(47920,'Timothy',10,1745),
(48129,'Christine',22,3738),
(50664,'Anthony',22,4912),
(51741,'Paula',1,2492),
(52923,'Kimberly',17,1955),
(55238,'Louise',1,2717),
(56775,'Martin',16,1385),
(57065,'Paul',23,3379),
(58343,'Antonio',21,3268),
(59256,'Jacqueline',14,3913),
(60119,'Diana',13,5149),
(61191,'John',5,1775),
(65288,'Dorothy',22,3792),
(65375,'Evelyn',6,4079),
(66442,'Phillip',9,1894),
(67137,'Evelyn',15,1311),
(68942,'Debra',20,3704),
(69085,'David',11,1845),
(69234,'Willie',12,5088),
(69475,'Brandon',19,2279),
(69787,'Ann',9,1311),
(70963,'Emily',8,5247),
(71569,'Dorothy',22,4088),
(72030,'Jonathan',4,5009),
(72370,'Dorothy',18,3174),
(72785,'Marilyn',1,1860),
(72974,'Norma',21,1558),
(74662,'Nancy',6,3223),
(76876,'Andrew',11,1746),
(77609,'Keith',2,1219),
(78101,'Benjamin',7,4414),
(79744,'Charles',11,1911),
(80475,'Alan',16,1853),
(80895,'Tammy',8,1591),
(81381,'Anna',16,1569),
(82828,'James',23,4398),
(85287,'Robin',23,2078),
(87170,'Jean',18,3895),
(87355,'Andrew',15,1446),
(89017,'Roy',8,3443),
(90507,'Diana',9,5101),
(90558,'Christina',23,3498),
(92908,'Jesse',13,4753),
(95322,'Joyce',18,1577),
(95983,'Patricia',23,1469),
(96963,'Gregory',16,5071),
(97178,'Brian',19,3144),
(98271,'Christine',3,3796),
(98491,'Lillian',3,1920);

CREATE TABLE triangle(
a INT,
b INT,
c INT);

INSERT INTO triangle VALUES
(10,10,10),
(11,11,11),
(30,32,30),
(40,40,40),
(20,20,21),
(21,21,21),
(20,22,21),
(20,20,40),
(20,22,21),
(30,32,41),
(50,22,51),
(20,12,61),
(20,22,50),
(50,52,51),
(80,80,80);


CREATE TABLE bst(
n int,
p int);

INSERT INTO bst VALUES
(1,2),
(3,2),
(5,6),
(7,6),
(2,4),
(6,4),
(4,15),
(8,9),
(10,9),
(12,13),
(14,13),
(9,11),
(13,11),
(11,15),
(15,NULL);

CREATE TABLE company(
company_code VARCHAR(50),
founder VARCHAR(50)
);

INSERT INTO company VALUES
('C93','Jesse'),
('C46','Lori'),
('C98','Christine'),
('C9','Joe'),
('C63','Dorothy'),
('C49','John'),
('C44','Lawrence'),
('C76','Marilyn'),
('C35','Donna'),
('C26','Paul'),
('C100','Aaron'),
('C45','Marilyn'),
('C30','Ralph'),
('C65','Phillip'),
('C70','Brandon'),
('C58','Paul'),
('C99','Lillian'),
('C42','Elizabeth'),
('C78','Nancy'),
('C33','David'),
('C15','Joe'),
('C68','David'),
('C13','Pamela'),
('C69','Willie'),
('C22','Harry'),
('C34','Joyce'),
('C85','Anna'),
('C43','Joseph'),
('C29','Robin'),
('C17','Melissa'),
('C24','Julia'),
('C3','Patrick'),
('C83','Alan'),
('C86','James'),
('C2','Frank'),
('C54','Paula'),
('C23','David'),
('C77','Norma'),
('C64','Evelyn'),
('C18','Carol'),
('C89','Andrew'),
('C90','Roy'),
('C12','Amy'),
('C80','Keith'),
('C81','Benjamin'),
('C55','Kimberly'),
('C72','Emily'),
('C57','Martin'),
('C75','Dorothy'),
('C20','Marilyn'),
('C16','Linda'),
('C32','Victor'),
('C36','Michelle'),
('C62','John'),
('C6','Bonnie'),
('C96','Gregory'),
('C95','Patricia'),
('C61','Diana'),
('C71','Ann'),
('C19','Paula'),
('C21','Jennifer'),
('C8','Todd'),
('C59','Antonio'),
('C4','Lisa'),
('C41','Brandon'),
('C73','Dorothy'),
('C92','Christina'),
('C27','James'),
('C79','Andrew'),
('C14','Maria'),
('C1','Angela'),
('C84','Tammy'),
('C7','Michael'),
('C40','Christina'),
('C66','Evelyn'),
('C48','Jesse'),
('C5','Kimberly'),
('C11','Robert'),
('C39','Walter'),
('C60','Jacqueline'),
('C51','Timothy'),
('C74','Jonathan'),
('C10','Earl'),
('C87','Robin'),
('C82','Charles'),
('C28','Kelly'),
('C25','Kevin'),
('C97','Brian'),
('C56','Louise'),
('C91','Diana'),
('C88','Jean'),
('C38','Gerald'),
('C53','Anthony'),
('C52','Christine'),
('C37','Stephanie'),
('C67','Debra'),
('C50','Martha'),
('C31','Gloria'),
('C47','Matthew'),
('C94','Joyce');

CREATE TABLE lead_manager(
lead_manager_code VARCHAR(50),
company_code VARCHAR(50)
);

INSERT INTO lead_manager VALUES
('LM76','C76'),
('LM74','C74'),
('LM10','C10'),
('LM78','C78'),
('LM55','C55'),
('LM6','C6'),
('LM34','C34'),
('LM46','C46'),
('LM3','C3'),
('LM15','C15'),
('LM30','C30'),
('LM32','C32'),
('LM37','C37'),
('LM89','C89'),
('LM66','C66'),
('LM76','C76'),
('LM19','C19'),
('LM8','C8'),
('LM42','C42'),
('LM50','C50'),
('LM55','C55'),
('LM62','C62'),
('LM94','C94'),
('LM100','C100'),
('LM72','C72'),
('LM63','C63'),
('LM66','C66'),
('LM21','C21'),
('LM45','C45'),
('LM19','C19'),
('LM78','C78'),
('LM87','C87'),
('LM87','C87'),
('LM20','C20'),
('LM4','C4'),
('LM46','C46'),
('LM22','C22'),
('LM72','C72'),
('LM68','C68'),
('LM99','C99'),
('LM73','C73'),
('LM38','C38'),
('LM64','C64'),
('LM18','C18'),
('LM92','C92'),
('LM56','C56'),
('LM43','C43'),
('LM51','C51'),
('LM51','C51'),
('LM41','C41'),
('LM77','C77'),
('LM11','C11'),
('LM53','C53'),
('LM25','C25'),
('LM54','C54'),
('LM62','C62'),
('LM5','C5'),
('LM1','C1'),
('LM34','C34'),
('LM88','C88'),
('LM44','C44'),
('LM33','C33'),
('LM69','C69'),
('LM85','C85'),
('LM79','C79'),
('LM57','C57'),
('LM13','C13'),
('LM81','C81'),
('LM7','C7'),
('LM23','C23'),
('LM94','C94'),
('LM12','C12'),
('LM100','C100'),
('LM84','C84'),
('LM43','C43'),
('LM33','C33'),
('LM75','C75'),
('LM74','C74'),
('LM3','C3'),
('LM17','C17'),
('LM83','C83'),
('LM97','C97'),
('LM86','C86'),
('LM58','C58'),
('LM17','C17'),
('LM90','C90'),
('LM61','C61'),
('LM14','C14'),
('LM29','C29'),
('LM96','C96'),
('LM35','C35'),
('LM42','C42'),
('LM36','C36'),
('LM13','C13'),
('LM39','C39'),
('LM60','C60'),
('LM91','C91'),
('LM54','C54'),
('LM2','C2'),
('LM16','C16'),
('LM65','C65'),
('LM5','C5'),
('LM29','C29'),
('LM67','C67'),
('LM36','C36'),
('LM93','C93'),
('LM83','C83'),
('LM52','C52'),
('LM80','C80'),
('LM89','C89'),
('LM85','C85'),
('LM59','C59'),
('LM91','C91'),
('LM70','C70'),
('LM95','C95'),
('LM70','C70'),
('LM63','C63'),
('LM27','C27'),
('LM49','C49'),
('LM77','C77'),
('LM58','C58'),
('LM38','C38'),
('LM28','C28'),
('LM35','C35'),
('LM82','C82'),
('LM28','C28'),
('LM47','C47'),
('LM71','C71'),
('LM41','C41'),
('LM68','C68'),
('LM40','C40'),
('LM24','C24'),
('LM32','C32'),
('LM47','C47'),
('LM65','C65'),
('LM31','C31'),
('LM98','C98'),
('LM26','C26'),
('LM9','C9'),
('LM48','C48'),
('LM18','C18'),
('LM1','C1'),
('LM71','C71'),
('LM12','C12');

CREATE TABLE senior_manager(
senior_manager_code VARCHAR(50),
lead_manager_code VARCHAR(50),
company_code VARCHAR(50)
);

INSERT INTO senior_manager VALUES
('SM115','LM78','C78'),
('SM77','LM54','C54'),
('SM63','LM44','C44'),
('SM82','LM58','C58'),
('SM60','LM42','C42'),
('SM19','LM14','C14'),
('SM21','LM16','C16'),
('SM110','LM76','C76'),
('SM4','LM3','C3'),
('SM47','LM34','C34'),
('SM119','LM82','C82'),
('SM27','LM19','C19'),
('SM57','LM41','C41'),
('SM117','LM80','C80'),
('SM27','LM19','C19'),
('SM136','LM94','C94'),
('SM33','LM25','C25'),
('SM47','LM34','C34'),
('SM2','LM1','C1'),
('SM20','LM15','C15'),
('SM12','LM9','C9'),
('SM68','LM47','C47'),
('SM49','LM35','C35'),
('SM38','LM29','C29'),
('SM59','LM42','C42'),
('SM20','LM15','C15'),
('SM12','LM9','C9'),
('SM109','LM75','C75'),
('SM97','LM68','C68'),
('SM16','LM12','C12'),
('SM102','LM71','C71'),
('SM119','LM82','C82'),
('SM47','LM34','C34'),
('SM55','LM39','C39'),
('SM82','LM58','C58'),
('SM118','LM81','C81'),
('SM43','LM32','C32'),
('SM87','LM62','C62'),
('SM40','LM30','C30'),
('SM44','LM33','C33'),
('SM56','LM40','C40'),
('SM1','LM1','C1'),
('SM103','LM71','C71'),
('SM144','LM100','C100'),
('SM19','LM14','C14'),
('SM64','LM45','C45'),
('SM2','LM1','C1'),
('SM37','LM28','C28'),
('SM102','LM71','C71'),
('SM128','LM88','C88'),
('SM24','LM18','C18'),
('SM118','LM81','C81'),
('SM44','LM33','C33'),
('SM24','LM18','C18'),
('SM72','LM51','C51'),
('SM90','LM63','C63'),
('SM76','LM54','C54'),
('SM91','LM64','C64'),
('SM85','LM60','C60'),
('SM122','LM84','C84'),
('SM69','LM48','C48'),
('SM49','LM35','C35'),
('SM72','LM51','C51'),
('SM106','LM73','C73'),
('SM41','LM31','C31'),
('SM43','LM32','C32'),
('SM133','LM91','C91'),
('SM87','LM62','C62'),
('SM139','LM96','C96'),
('SM124','LM85','C85'),
('SM135','LM93','C93'),
('SM77','LM54','C54'),
('SM139','LM96','C96'),
('SM27','LM19','C19'),
('SM129','LM89','C89'),
('SM46','LM34','C34'),
('SM1','LM1','C1'),
('SM30','LM22','C22'),
('SM115','LM78','C78'),
('SM14','LM11','C11'),
('SM144','LM100','C100'),
('SM113','LM77','C77'),
('SM48','LM35','C35'),
('SM16','LM12','C12'),
('SM81','LM57','C57'),
('SM107','LM74','C74'),
('SM141','LM98','C98'),
('SM111','LM76','C76'),
('SM37','LM28','C28'),
('SM86','LM61','C61'),
('SM103','LM71','C71'),
('SM45','LM33','C33'),
('SM69','LM48','C48'),
('SM18','LM13','C13'),
('SM89','LM63','C63'),
('SM22','LM17','C17'),
('SM67','LM47','C47'),
('SM32','LM24','C24'),
('SM129','LM89','C89'),
('SM70','LM49','C49'),
('SM75','LM53','C53'),
('SM93','LM65','C65'),
('SM65','LM46','C46'),
('SM30','LM22','C22'),
('SM25','LM18','C18'),
('SM142','LM99','C99'),
('SM138','LM95','C95'),
('SM98','LM68','C68'),
('SM110','LM76','C76'),
('SM74','LM52','C52'),
('SM105','LM72','C72'),
('SM131','LM90','C90'),
('SM93','LM65','C65'),
('SM48','LM35','C35'),
('SM36','LM28','C28'),
('SM132','LM91','C91'),
('SM89','LM63','C63'),
('SM51','LM36','C36'),
('SM98','LM68','C68'),
('SM81','LM57','C57'),
('SM50','LM36','C36'),
('SM138','LM95','C95'),
('SM112','LM77','C77'),
('SM38','LM29','C29'),
('SM44','LM33','C33'),
('SM116','LM79','C79'),
('SM125','LM86','C86'),
('SM36','LM28','C28'),
('SM8','LM5','C5'),
('SM61','LM43','C43'),
('SM18','LM13','C13'),
('SM30','LM22','C22'),
('SM21','LM16','C16'),
('SM56','LM40','C40'),
('SM52','LM37','C37'),
('SM95','LM66','C66'),
('SM58','LM41','C41'),
('SM120','LM83','C83'),
('SM63','LM44','C44'),
('SM49','LM35','C35'),
('SM65','LM46','C46'),
('SM43','LM32','C32'),
('SM33','LM25','C25'),
('SM52','LM37','C37'),
('SM50','LM36','C36'),
('SM101','LM70','C70'),
('SM29','LM21','C21'),
('SM129','LM89','C89'),
('SM48','LM35','C35'),
('SM7','LM5','C5'),
('SM125','LM86','C86'),
('SM103','LM71','C71'),
('SM83','LM58','C58'),
('SM66','LM46','C46'),
('SM88','LM62','C62'),
('SM105','LM72','C72'),
('SM38','LM29','C29'),
('SM59','LM42','C42'),
('SM70','LM49','C49'),
('SM134','LM92','C92'),
('SM113','LM77','C77'),
('SM69','LM48','C48'),
('SM89','LM63','C63'),
('SM28','LM20','C20'),
('SM92','LM65','C65'),
('SM6','LM4','C4'),
('SM112','LM77','C77'),
('SM51','LM36','C36'),
('SM15','LM12','C12'),
('SM70','LM49','C49'),
('SM11','LM8','C8'),
('SM140','LM97','C97'),
('SM116','LM79','C79'),
('SM10','LM7','C7'),
('SM59','LM42','C42'),
('SM51','LM36','C36'),
('SM93','LM65','C65'),
('SM80','LM56','C56'),
('SM77','LM54','C54'),
('SM127','LM87','C87'),
('SM83','LM58','C58'),
('SM123','LM85','C85'),
('SM87','LM62','C62'),
('SM9','LM6','C6'),
('SM54','LM38','C38'),
('SM55','LM39','C39'),
('SM21','LM16','C16'),
('SM67','LM47','C47'),
('SM13','LM10','C10'),
('SM121','LM83','C83'),
('SM108','LM74','C74'),
('SM13','LM10','C10'),
('SM94','LM66','C66'),
('SM73','LM51','C51'),
('SM46','LM34','C34'),
('SM18','LM13','C13'),
('SM101','LM70','C70'),
('SM74','LM52','C52'),
('SM111','LM76','C76'),
('SM131','LM90','C90'),
('SM79','LM55','C55'),
('SM28','LM20','C20'),
('SM126','LM87','C87'),
('SM17','LM13','C13'),
('SM54','LM38','C38'),
('SM3','LM2','C2'),
('SM15','LM12','C12'),
('SM29','LM21','C21'),
('SM61','LM43','C43'),
('SM135','LM93','C93'),
('SM127','LM87','C87'),
('SM40','LM30','C30'),
('SM35','LM27','C27'),
('SM144','LM100','C100'),
('SM78','LM55','C55'),
('SM72','LM51','C51'),
('SM137','LM94','C94'),
('SM96','LM67','C67'),
('SM111','LM76','C76'),
('SM62','LM43','C43'),
('SM25','LM18','C18'),
('SM101','LM70','C70'),
('SM71','LM50','C50'),
('SM58','LM41','C41'),
('SM99','LM69','C69'),
('SM118','LM81','C81'),
('SM19','LM14','C14'),
('SM90','LM63','C63'),
('SM138','LM95','C95'),
('SM16','LM12','C12'),
('SM84','LM59','C59'),
('SM46','LM34','C34'),
('SM1','LM1','C1'),
('SM123','LM85','C85'),
('SM42','LM32','C32'),
('SM107','LM74','C74'),
('SM36','LM28','C28'),
('SM130','LM89','C89'),
('SM29','LM21','C21'),
('SM39','LM29','C29'),
('SM23','LM17','C17'),
('SM23','LM17','C17'),
('SM137','LM94','C94'),
('SM55','LM39','C39'),
('SM136','LM94','C94'),
('SM26','LM19','C19'),
('SM142','LM99','C99'),
('SM12','LM9','C9'),
('SM112','LM77','C77'),
('SM17','LM13','C13'),
('SM63','LM44','C44'),
('SM61','LM43','C43'),
('SM100','LM70','C70'),
('SM24','LM18','C18'),
('SM94','LM66','C66'),
('SM73','LM51','C51'),
('SM109','LM75','C75'),
('SM141','LM98','C98'),
('SM54','LM38','C38'),
('SM9','LM6','C6'),
('SM97','LM68','C68'),
('SM114','LM78','C78'),
('SM128','LM88','C88'),
('SM107','LM74','C74'),
('SM125','LM86','C86'),
('SM32','LM24','C24'),
('SM5','LM3','C3'),
('SM104','LM72','C72'),
('SM45','LM33','C33'),
('SM56','LM40','C40'),
('SM71','LM50','C50'),
('SM53','LM38','C38'),
('SM97','LM68','C68'),
('SM94','LM66','C66'),
('SM136','LM94','C94'),
('SM34','LM26','C26'),
('SM143','LM100','C100'),
('SM31','LM23','C23'),
('SM8','LM5','C5'),
('SM84','LM59','C59'),
('SM124','LM85','C85'),
('SM88','LM62','C62'),
('SM120','LM83','C83'),
('SM15','LM12','C12');

CREATE TABLE manager(
manager_code VARCHAR(50),
senior_manager_code VARCHAR(50),
lead_manager_code VARCHAR(50),
company_code VARCHAR(50)
);

INSERT INTO manager VALUES
('M152','SM73','LM51','C51'),
('M4','SM2','LM1','C1'),
('M223','SM112','LM77','C77'),
('M76','SM38','LM29','C29'),
('M17','SM12','LM9','C9'),
('M236','SM118','LM81','C81'),
('M246','SM124','LM85','C85'),
('M23','SM15','LM12','C12'),
('M202','SM101','LM70','C70'),
('M13','SM9','LM6','C6'),
('M122','SM59','LM42','C42'),
('M31','SM18','LM13','C13'),
('M171','SM85','LM60','C60'),
('M160','SM78','LM55','C55'),
('M242','SM122','LM84','C84'),
('M284','SM144','LM100','C100'),
('M62','SM31','LM23','C23'),
('M123','SM59','LM42','C42'),
('M211','SM106','LM73','C73'),
('M234','SM118','LM81','C81'),
('M256','SM129','LM89','C89'),
('M175','SM87','LM62','C62'),
('M190','SM94','LM66','C66'),
('M16','SM11','LM8','C8'),
('M27','SM16','LM12','C12'),
('M219','SM110','LM76','C76'),
('M236','SM118','LM81','C81'),
('M65','SM33','LM25','C25'),
('M172','SM86','LM61','C61'),
('M9','SM6','LM4','C4'),
('M14','SM9','LM6','C6'),
('M85','SM44','LM33','C33'),
('M212','SM107','LM74','C74'),
('M264','SM135','LM93','C93'),
('M236','SM118','LM81','C81'),
('M50','SM26','LM19','C19'),
('M60','SM30','LM22','C22'),
('M11','SM8','LM5','C5'),
('M70','SM36','LM28','C28'),
('M99','SM49','LM35','C35'),
('M164','SM81','LM57','C57'),
('M90','SM46','LM34','C34'),
('M33','SM18','LM13','C13'),
('M4','SM2','LM1','C1'),
('M163','SM81','LM57','C57'),
('M113','SM55','LM39','C39'),
('M131','SM63','LM44','C44'),
('M265','SM135','LM93','C93'),
('M112','SM54','LM38','C38'),
('M169','SM84','LM59','C59'),
('M233','SM117','LM80','C80'),
('M70','SM36','LM28','C28'),
('M127','SM61','LM43','C43'),
('M104','SM51','LM36','C36'),
('M256','SM129','LM89','C89'),
('M108','SM52','LM37','C37'),
('M147','SM71','LM50','C50'),
('M63','SM32','LM24','C24'),
('M263','SM134','LM92','C92'),
('M6','SM3','LM2','C2'),
('M100','SM49','LM35','C35'),
('M169','SM84','LM59','C59'),
('M132','SM63','LM44','C44'),
('M14','SM9','LM6','C6'),
('M24','SM15','LM12','C12'),
('M205','SM103','LM71','C71'),
('M220','SM111','LM76','C76'),
('M209','SM105','LM72','C72'),
('M187','SM93','LM65','C65'),
('M170','SM84','LM59','C59'),
('M18','SM12','LM9','C9'),
('M277','SM141','LM98','C98'),
('M91','SM46','LM34','C34'),
('M267','SM136','LM94','C94'),
('M235','SM118','LM81','C81'),
('M276','SM140','LM97','C97'),
('M187','SM93','LM65','C65'),
('M124','SM59','LM42','C42'),
('M200','SM101','LM70','C70'),
('M220','SM111','LM76','C76'),
('M226','SM113','LM77','C77'),
('M250','SM126','LM87','C87'),
('M230','SM115','LM78','C78'),
('M29','SM17','LM13','C13'),
('M188','SM94','LM66','C66'),
('M85','SM44','LM33','C33'),
('M225','SM112','LM77','C77'),
('M47','SM24','LM18','C18'),
('M76','SM38','LM29','C29'),
('M105','SM51','LM36','C36'),
('M40','SM21','LM16','C16'),
('M210','SM105','LM72','C72'),
('M173','SM87','LM62','C62'),
('M46','SM24','LM18','C18'),
('M39','SM21','LM16','C16'),
('M225','SM112','LM77','C77'),
('M192','SM96','LM67','C67'),
('M138','SM67','LM47','C47'),
('M145','SM70','LM49','C49'),
('M134','SM65','LM46','C46'),
('M55','SM28','LM20','C20'),
('M80','SM41','LM31','C31'),
('M52','SM27','LM19','C19'),
('M209','SM105','LM72','C72'),
('M75','SM38','LM29','C29'),
('M234','SM118','LM81','C81'),
('M282','SM144','LM100','C100'),
('M201','SM101','LM70','C70'),
('M75','SM38','LM29','C29'),
('M252','SM127','LM87','C87'),
('M72','SM37','LM28','C28'),
('M88','SM45','LM33','C33'),
('M64','SM32','LM24','C24'),
('M18','SM12','LM9','C9'),
('M98','SM48','LM35','C35'),
('M233','SM117','LM80','C80'),
('M95','SM47','LM34','C34'),
('M17','SM12','LM9','C9'),
('M86','SM44','LM33','C33'),
('M263','SM134','LM92','C92'),
('M283','SM144','LM100','C100'),
('M66','SM33','LM25','C25'),
('M174','SM87','LM62','C62'),
('M80','SM41','LM31','C31'),
('M254','SM128','LM88','C88'),
('M168','SM83','LM58','C58'),
('M31','SM18','LM13','C13'),
('M237','SM119','LM82','C82'),
('M269','SM137','LM94','C94'),
('M245','SM124','LM85','C85'),
('M156','SM76','LM54','C54'),
('M71','SM36','LM28','C28'),
('M283','SM144','LM100','C100'),
('M11','SM8','LM5','C5'),
('M8','SM5','LM3','C3'),
('M145','SM70','LM49','C49'),
('M179','SM89','LM63','C63'),
('M165','SM82','LM58','C58'),
('M92','SM46','LM34','C34'),
('M200','SM101','LM70','C70'),
('M14','SM9','LM6','C6'),
('M208','SM104','LM72','C72'),
('M191','SM95','LM66','C66'),
('M116','SM56','LM40','C40'),
('M281','SM143','LM100','C100'),
('M176','SM88','LM62','C62'),
('M37','SM20','LM15','C15'),
('M137','SM67','LM47','C47'),
('M35','SM19','LM14','C14'),
('M79','SM40','LM30','C30'),
('M83','SM43','LM32','C32'),
('M268','SM136','LM94','C94'),
('M25','SM15','LM12','C12'),
('M147','SM71','LM50','C50'),
('M57','SM29','LM21','C21'),
('M153','SM74','LM52','C52'),
('M117','SM56','LM40','C40'),
('M51','SM27','LM19','C19'),
('M30','SM17','LM13','C13'),
('M6','SM3','LM2','C2'),
('M229','SM115','LM78','C78'),
('M12','SM8','LM5','C5'),
('M162','SM80','LM56','C56'),
('M106','SM51','LM36','C36'),
('M58','SM29','LM21','C21'),
('M118','SM56','LM40','C40'),
('M215','SM108','LM74','C74'),
('M235','SM118','LM81','C81'),
('M268','SM136','LM94','C94'),
('M162','SM80','LM56','C56'),
('M6','SM3','LM2','C2'),
('M169','SM84','LM59','C59'),
('M48','SM25','LM18','C18'),
('M16','SM11','LM8','C8'),
('M51','SM27','LM19','C19'),
('M59','SM30','LM22','C22'),
('M181','SM90','LM63','C63'),
('M5','SM2','LM1','C1'),
('M183','SM91','LM64','C64'),
('M95','SM47','LM34','C34'),
('M28','SM16','LM12','C12'),
('M44','SM23','LM17','C17'),
('M78','SM40','LM30','C30'),
('M134','SM65','LM46','C46'),
('M74','SM38','LM29','C29'),
('M119','SM57','LM41','C41'),
('M19','SM12','LM9','C9'),
('M272','SM138','LM95','C95'),
('M59','SM30','LM22','C22'),
('M28','SM16','LM12','C12'),
('M273','SM138','LM95','C95'),
('M246','SM124','LM85','C85'),
('M251','SM127','LM87','C87'),
('M260','SM131','LM90','C90'),
('M181','SM90','LM63','C63'),
('M91','SM46','LM34','C34'),
('M98','SM48','LM35','C35'),
('M206','SM103','LM71','C71'),
('M150','SM72','LM51','C51'),
('M260','SM131','LM90','C90'),
('M10','SM7','LM5','C5'),
('M95','SM47','LM34','C34'),
('M104','SM51','LM36','C36'),
('M253','SM128','LM88','C88'),
('M162','SM80','LM56','C56'),
('M267','SM136','LM94','C94'),
('M57','SM29','LM21','C21'),
('M73','SM37','LM28','C28'),
('M25','SM15','LM12','C12'),
('M13','SM9','LM6','C6'),
('M109','SM53','LM38','C38'),
('M58','SM29','LM21','C21'),
('M267','SM136','LM94','C94'),
('M10','SM7','LM5','C5'),
('M164','SM81','LM57','C57'),
('M167','SM83','LM58','C58'),
('M33','SM18','LM13','C13'),
('M248','SM125','LM86','C86'),
('M197','SM98','LM68','C68'),
('M105','SM51','LM36','C36'),
('M119','SM57','LM41','C41'),
('M112','SM54','LM38','C38'),
('M3','SM1','LM1','C1'),
('M252','SM127','LM87','C87'),
('M117','SM56','LM40','C40'),
('M3','SM1','LM1','C1'),
('M7','SM4','LM3','C3'),
('M176','SM88','LM62','C62'),
('M242','SM122','LM84','C84'),
('M159','SM77','LM54','C54'),
('M231','SM116','LM79','C79'),
('M270','SM137','LM94','C94'),
('M186','SM93','LM65','C65'),
('M284','SM144','LM100','C100'),
('M107','SM52','LM37','C37'),
('M133','SM64','LM45','C45'),
('M96','SM48','LM35','C35'),
('M256','SM129','LM89','C89'),
('M175','SM87','LM62','C62'),
('M229','SM115','LM78','C78'),
('M120','SM58','LM41','C41'),
('M235','SM118','LM81','C81'),
('M143','SM70','LM49','C49'),
('M103','SM50','LM36','C36'),
('M177','SM88','LM62','C62'),
('M97','SM48','LM35','C35'),
('M155','SM75','LM53','C53'),
('M40','SM21','LM16','C16'),
('M161','SM79','LM55','C55'),
('M152','SM73','LM51','C51'),
('M280','SM142','LM99','C99'),
('M99','SM49','LM35','C35'),
('M117','SM56','LM40','C40'),
('M96','SM48','LM35','C35'),
('M89','SM45','LM33','C33'),
('M41','SM21','LM16','C16'),
('M203','SM102','LM71','C71'),
('M223','SM112','LM77','C77'),
('M275','SM139','LM96','C96'),
('M270','SM137','LM94','C94'),
('M107','SM52','LM37','C37'),
('M199','SM100','LM70','C70'),
('M255','SM129','LM89','C89'),
('M2','SM1','LM1','C1'),
('M15','SM10','LM7','C7'),
('M221','SM111','LM76','C76'),
('M13','SM9','LM6','C6'),
('M166','SM82','LM58','C58'),
('M207','SM103','LM71','C71'),
('M196','SM98','LM68','C68'),
('M127','SM61','LM43','C43'),
('M72','SM37','LM28','C28'),
('M177','SM88','LM62','C62'),
('M249','SM125','LM86','C86'),
('M63','SM32','LM24','C24'),
('M77','SM39','LM29','C29'),
('M114','SM55','LM39','C39'),
('M168','SM83','LM58','C58'),
('M101','SM49','LM35','C35'),
('M84','SM43','LM32','C32'),
('M189','SM94','LM66','C66'),
('M193','SM97','LM68','C68'),
('M110','SM54','LM38','C38'),
('M119','SM57','LM41','C41'),
('M192','SM96','LM67','C67'),
('M53','SM27','LM19','C19'),
('M200','SM101','LM70','C70'),
('M208','SM104','LM72','C72'),
('M139','SM68','LM47','C47'),
('M272','SM138','LM95','C95'),
('M1','SM1','LM1','C1'),
('M152','SM73','LM51','C51'),
('M93','SM47','LM34','C34'),
('M83','SM43','LM32','C32'),
('M125','SM60','LM42','C42'),
('M244','SM123','LM85','C85'),
('M177','SM88','LM62','C62'),
('M2','SM1','LM1','C1'),
('M189','SM94','LM66','C66'),
('M263','SM134','LM92','C92'),
('M45','SM24','LM18','C18'),
('M135','SM65','LM46','C46'),
('M60','SM30','LM22','C22'),
('M224','SM112','LM77','C77'),
('M182','SM90','LM63','C63'),
('M222','SM111','LM76','C76'),
('M141','SM69','LM48','C48'),
('M220','SM111','LM76','C76'),
('M20','SM13','LM10','C10'),
('M246','SM124','LM85','C85'),
('M158','SM77','LM54','C54'),
('M34','SM19','LM14','C14'),
('M68','SM35','LM27','C27'),
('M257','SM129','LM89','C89'),
('M3','SM1','LM1','C1'),
('M269','SM137','LM94','C94'),
('M143','SM70','LM49','C49'),
('M241','SM121','LM83','C83'),
('M65','SM33','LM25','C25'),
('M102','SM50','LM36','C36'),
('M176','SM88','LM62','C62'),
('M198','SM99','LM69','C69'),
('M173','SM87','LM62','C62'),
('M283','SM144','LM100','C100'),
('M222','SM111','LM76','C76'),
('M270','SM137','LM94','C94'),
('M158','SM77','LM54','C54'),
('M219','SM110','LM76','C76'),
('M209','SM105','LM72','C72'),
('M239','SM120','LM83','C83'),
('M68','SM35','LM27','C27'),
('M130','SM63','LM44','C44'),
('M185','SM93','LM65','C65'),
('M136','SM66','LM46','C46'),
('M26','SM16','LM12','C12'),
('M223','SM112','LM77','C77'),
('M50','SM26','LM19','C19'),
('M230','SM115','LM78','C78'),
('M49','SM25','LM18','C18'),
('M207','SM103','LM71','C71'),
('M29','SM17','LM13','C13'),
('M271','SM138','LM95','C95'),
('M218','SM110','LM76','C76'),
('M133','SM64','LM45','C45'),
('M279','SM142','LM99','C99'),
('M247','SM125','LM86','C86'),
('M12','SM8','LM5','C5'),
('M164','SM81','LM57','C57'),
('M136','SM66','LM46','C46'),
('M183','SM91','LM64','C64'),
('M81','SM42','LM32','C32'),
('M66','SM33','LM25','C25'),
('M84','SM43','LM32','C32'),
('M126','SM61','LM43','C43'),
('M277','SM141','LM98','C98'),
('M123','SM59','LM42','C42'),
('M273','SM138','LM95','C95'),
('M1','SM1','LM1','C1'),
('M128','SM61','LM43','C43'),
('M192','SM96','LM67','C67'),
('M136','SM66','LM46','C46'),
('M279','SM142','LM99','C99'),
('M163','SM81','LM57','C57'),
('M143','SM70','LM49','C49'),
('M181','SM90','LM63','C63'),
('M196','SM98','LM68','C68'),
('M1','SM1','LM1','C1'),
('M248','SM125','LM86','C86'),
('M229','SM115','LM78','C78'),
('M148','SM72','LM51','C51'),
('M258','SM130','LM89','C89'),
('M108','SM52','LM37','C37'),
('M180','SM89','LM63','C63'),
('M187','SM93','LM65','C65'),
('M86','SM44','LM33','C33'),
('M137','SM67','LM47','C47'),
('M204','SM102','LM71','C71'),
('M19','SM12','LM9','C9'),
('M190','SM94','LM66','C66'),
('M103','SM50','LM36','C36'),
('M154','SM74','LM52','C52'),
('M217','SM109','LM75','C75'),
('M45','SM24','LM18','C18'),
('M280','SM142','LM99','C99'),
('M67','SM34','LM26','C26'),
('M133','SM64','LM45','C45'),
('M189','SM94','LM66','C66'),
('M10','SM7','LM5','C5'),
('M240','SM120','LM83','C83'),
('M23','SM15','LM12','C12'),
('M102','SM50','LM36','C36'),
('M31','SM18','LM13','C13'),
('M219','SM110','LM76','C76'),
('M67','SM34','LM26','C26'),
('M166','SM82','LM58','C58'),
('M73','SM37','LM28','C28'),
('M36','SM19','LM14','C14'),
('M238','SM119','LM82','C82'),
('M87','SM44','LM33','C33'),
('M195','SM97','LM68','C68'),
('M237','SM119','LM82','C82'),
('M191','SM95','LM66','C66'),
('M241','SM121','LM83','C83'),
('M140','SM69','LM48','C48'),
('M34','SM19','LM14','C14'),
('M37','SM20','LM15','C15'),
('M147','SM71','LM50','C50'),
('M88','SM45','LM33','C33'),
('M213','SM107','LM74','C74'),
('M72','SM37','LM28','C28'),
('M68','SM35','LM27','C27'),
('M144','SM70','LM49','C49'),
('M120','SM58','LM41','C41'),
('M38','SM20','LM15','C15'),
('M151','SM73','LM51','C51'),
('M115','SM55','LM39','C39'),
('M8','SM5','LM3','C3'),
('M127','SM61','LM43','C43'),
('M178','SM89','LM63','C63'),
('M234','SM118','LM81','C81'),
('M206','SM103','LM71','C71'),
('M185','SM93','LM65','C65'),
('M79','SM40','LM30','C30'),
('M206','SM103','LM71','C71'),
('M257','SM129','LM89','C89'),
('M24','SM15','LM12','C12'),
('M151','SM73','LM51','C51'),
('M23','SM15','LM12','C12'),
('M150','SM72','LM51','C51'),
('M50','SM26','LM19','C19'),
('M217','SM109','LM75','C75'),
('M218','SM110','LM76','C76'),
('M111','SM54','LM38','C38'),
('M43','SM23','LM17','C17'),
('M157','SM77','LM54','C54'),
('M224','SM112','LM77','C77'),
('M202','SM101','LM70','C70'),
('M106','SM51','LM36','C36'),
('M42','SM22','LM17','C17'),
('M7','SM4','LM3','C3'),
('M41','SM21','LM16','C16'),
('M4','SM2','LM1','C1'),
('M129','SM62','LM43','C43'),
('M232','SM116','LM79','C79'),
('M69','SM36','LM28','C28'),
('M203','SM102','LM71','C71'),
('M7','SM4','LM3','C3'),
('M58','SM29','LM21','C21'),
('M44','SM23','LM17','C17'),
('M250','SM126','LM87','C87'),
('M75','SM38','LM29','C29'),
('M16','SM11','LM8','C8'),
('M194','SM97','LM68','C68'),
('M66','SM33','LM25','C25'),
('M43','SM23','LM17','C17'),
('M211','SM106','LM73','C73'),
('M184','SM92','LM65','C65'),
('M89','SM45','LM33','C33'),
('M120','SM58','LM41','C41'),
('M254','SM128','LM88','C88'),
('M27','SM16','LM12','C12'),
('M142','SM69','LM48','C48'),
('M78','SM40','LM30','C30'),
('M188','SM94','LM66','C66'),
('M64','SM32','LM24','C24'),
('M145','SM70','LM49','C49'),
('M266','SM136','LM94','C94'),
('M274','SM139','LM96','C96'),
('M88','SM45','LM33','C33'),
('M123','SM59','LM42','C42'),
('M188','SM94','LM66','C66'),
('M81','SM42','LM32','C32'),
('M85','SM44','LM33','C33'),
('M244','SM123','LM85','C85'),
('M216','SM109','LM75','C75'),
('M62','SM31','LM23','C23'),
('M245','SM124','LM85','C85'),
('M78','SM40','LM30','C30'),
('M11','SM8','LM5','C5'),
('M193','SM97','LM68','C68'),
('M282','SM144','LM100','C100'),
('M54','SM28','LM20','C20'),
('M33','SM18','LM13','C13'),
('M243','SM123','LM85','C85'),
('M60','SM30','LM22','C22'),
('M56','SM29','LM21','C21'),
('M149','SM72','LM51','C51'),
('M82','SM43','LM32','C32'),
('M64','SM32','LM24','C24'),
('M101','SM49','LM35','C35'),
('M2','SM1','LM1','C1'),
('M146','SM71','LM50','C50'),
('M194','SM97','LM68','C68'),
('M30','SM17','LM13','C13'),
('M22','SM14','LM11','C11'),
('M198','SM99','LM69','C69'),
('M115','SM55','LM39','C39'),
('M124','SM59','LM42','C42'),
('M198','SM99','LM69','C69'),
('M98','SM48','LM35','C35'),
('M116','SM56','LM40','C40'),
('M228','SM114','LM78','C78'),
('M157','SM77','LM54','C54'),
('M208','SM104','LM72','C72'),
('M161','SM79','LM55','C55'),
('M212','SM107','LM74','C74'),
('M144','SM70','LM49','C49'),
('M109','SM53','LM38','C38'),
('M151','SM73','LM51','C51'),
('M113','SM55','LM39','C39'),
('M282','SM144','LM100','C100'),
('M134','SM65','LM46','C46'),
('M149','SM72','LM51','C51'),
('M261','SM132','LM91','C91'),
('M280','SM142','LM99','C99'),
('M103','SM50','LM36','C36'),
('M269','SM137','LM94','C94'),
('M25','SM15','LM12','C12'),
('M34','SM19','LM14','C14'),
('M15','SM10','LM7','C7'),
('M214','SM107','LM74','C74'),
('M171','SM85','LM60','C60'),
('M115','SM55','LM39','C39'),
('M57','SM29','LM21','C21'),
('M242','SM122','LM84','C84'),
('M216','SM109','LM75','C75'),
('M278','SM141','LM98','C98'),
('M80','SM41','LM31','C31'),
('M259','SM131','LM90','C90'),
('M158','SM77','LM54','C54'),
('M121','SM58','LM41','C41'),
('M135','SM65','LM46','C46'),
('M135','SM65','LM46','C46'),
('M221','SM111','LM76','C76'),
('M26','SM16','LM12','C12'),
('M97','SM48','LM35','C35'),
('M230','SM115','LM78','C78'),
('M224','SM112','LM77','C77'),
('M281','SM143','LM100','C100'),
('M114','SM55','LM39','C39'),
('M130','SM63','LM44','C44'),
('M262','SM133','LM91','C91'),
('M43','SM23','LM17','C17'),
('M150','SM72','LM51','C51'),
('M21','SM13','LM10','C10'),
('M214','SM107','LM74','C74'),
('M20','SM13','LM10','C10'),
('M32','SM18','LM13','C13'),
('M124','SM59','LM42','C42'),
('M42','SM22','LM17','C17'),
('M86','SM44','LM33','C33'),
('M266','SM136','LM94','C94'),
('M29','SM17','LM13','C13'),
('M94','SM47','LM34','C34'),
('M227','SM113','LM77','C77'),
('M146','SM71','LM50','C50'),
('M32','SM18','LM13','C13'),
('M30','SM17','LM13','C13'),
('M90','SM46','LM34','C34'),
('M167','SM83','LM58','C58'),
('M61','SM30','LM22','C22'),
('M76','SM38','LM29','C29'),
('M278','SM141','LM98','C98'),
('M108','SM52','LM37','C37'),
('M197','SM98','LM68','C68'),
('M77','SM39','LM29','C29'),
('M63','SM32','LM24','C24'),
('M215','SM108','LM74','C74'),
('M205','SM103','LM71','C71'),
('M83','SM43','LM32','C32'),
('M168','SM83','LM58','C58'),
('M67','SM34','LM26','C26'),
('M277','SM141','LM98','C98'),
('M12','SM8','LM5','C5'),
('M248','SM125','LM86','C86'),
('M190','SM94','LM66','C66'),
('M279','SM142','LM99','C99'),
('M184','SM92','LM65','C65');

CREATE TABLE employee1(
employee_code VARCHAR(50),
manager_code VARCHAR(50),
senior_manager_code VARCHAR(50),
lead_manager_code VARCHAR(50),
company_code VARCHAR(50)
);

INSERT INTO employee1 VALUES
('E85','M36','SM19','LM14','C14'),
('E560','M277','SM141','LM98','C98'),
('E274','M131','SM63','LM44','C44'),
('E277','M133','SM64','LM45','C45'),
('E145','M68','SM35','LM27','C27'),
('E68','M29','SM17','LM13','C13'),
('E558','M277','SM141','LM98','C98'),
('E536','M265','SM135','LM93','C93'),
('E381','M187','SM93','LM65','C65'),
('E531','M262','SM133','LM91','C91'),
('E371','M181','SM90','LM63','C63'),
('E40','M16','SM11','LM8','C8'),
('E494','M241','SM121','LM83','C83'),
('E146','M68','SM35','LM27','C27'),
('E422','M206','SM103','LM71','C71'),
('E564','M279','SM142','LM99','C99'),
('E275','M132','SM63','LM44','C44'),
('E516','M252','SM127','LM87','C87'),
('E474','M230','SM115','LM78','C78'),
('E150','M70','SM36','LM28','C28'),
('E316','M151','SM73','LM51','C51'),
('E343','M166','SM82','LM58','C58'),
('E77','M32','SM18','LM13','C13'),
('E124','M59','SM30','LM22','C22'),
('E549','M270','SM137','LM94','C94'),
('E482','M234','SM118','LM81','C81'),
('E32','M13','SM9','LM6','C6'),
('E415','M202','SM101','LM70','C70'),
('E183','M85','SM44','LM33','C33'),
('E150','M70','SM36','LM28','C28'),
('E110','M51','SM27','LM19','C19'),
('E43','M17','SM12','LM9','C9'),
('E419','M204','SM102','LM71','C71'),
('E25','M10','SM7','LM5','C5'),
('E273','M130','SM63','LM44','C44'),
('E264','M124','SM59','LM42','C42'),
('E256','M120','SM58','LM41','C41'),
('E577','M284','SM144','LM100','C100'),
('E383','M187','SM93','LM65','C65'),
('E252','M119','SM57','LM41','C41'),
('E59','M25','SM15','LM12','C12'),
('E230','M108','SM52','LM37','C37'),
('E510','M248','SM125','LM86','C86'),
('E189','M88','SM45','LM33','C33'),
('E380','M186','SM93','LM65','C65'),
('E419','M204','SM102','LM71','C71'),
('E45','M18','SM12','LM9','C9'),
('E340','M164','SM81','LM57','C57'),
('E274','M131','SM63','LM44','C44'),
('E366','M177','SM88','LM62','C62'),
('E301','M145','SM70','LM49','C49'),
('E28','M11','SM8','LM5','C5'),
('E512','M250','SM126','LM87','C87'),
('E458','M222','SM111','LM76','C76'),
('E164','M77','SM39','LM29','C29'),
('E117','M57','SM29','LM21','C21'),
('E225','M106','SM51','LM36','C36'),
('E2','M1','SM1','LM1','C1'),
('E302','M145','SM70','LM49','C49'),
('E7','M3','SM1','LM1','C1'),
('E463','M224','SM112','LM77','C77'),
('E423','M206','SM103','LM71','C71'),
('E420','M205','SM103','LM71','C71'),
('E136','M64','SM32','LM24','C24'),
('E288','M137','SM67','LM47','C47'),
('E258','M122','SM59','LM42','C42'),
('E172','M80','SM41','LM31','C31'),
('E196','M91','SM46','LM34','C34'),
('E119','M57','SM29','LM21','C21'),
('E229','M108','SM52','LM37','C37'),
('E89','M39','SM21','LM16','C16'),
('E97','M43','SM23','LM17','C17'),
('E176','M82','SM43','LM32','C32'),
('E507','M247','SM125','LM86','C86'),
('E512','M250','SM126','LM87','C87'),
('E2','M1','SM1','LM1','C1'),
('E227','M107','SM52','LM37','C37'),
('E109','M50','SM26','LM19','C19'),
('E277','M133','SM64','LM45','C45'),
('E534','M263','SM134','LM92','C92'),
('E480','M234','SM118','LM81','C81'),
('E430','M209','SM105','LM72','C72'),
('E346','M168','SM83','LM58','C58'),
('E332','M161','SM79','LM55','C55'),
('E339','M164','SM81','LM57','C57'),
('E302','M145','SM70','LM49','C49'),
('E86','M37','SM20','LM15','C15'),
('E530','M261','SM132','LM91','C91'),
('E251','M119','SM57','LM41','C41'),
('E385','M188','SM94','LM66','C66'),
('E300','M145','SM70','LM49','C49'),
('E278','M133','SM64','LM45','C45'),
('E46','M18','SM12','LM9','C9'),
('E444','M216','SM109','LM75','C75'),
('E139','M66','SM33','LM25','C25'),
('E479','M233','SM117','LM80','C80'),
('E37','M14','SM9','LM6','C6'),
('E235','M111','SM54','LM38','C38'),
('E456','M221','SM111','LM76','C76'),
('E543','M268','SM136','LM94','C94'),
('E498','M242','SM122','LM84','C84'),
('E249','M117','SM56','LM40','C40'),
('E442','M215','SM108','LM74','C74'),
('E141','M66','SM33','LM25','C25'),
('E16','M6','SM3','LM2','C2'),
('E342','M166','SM82','LM58','C58'),
('E456','M221','SM111','LM76','C76'),
('E92','M41','SM21','LM16','C16'),
('E121','M58','SM29','LM21','C21'),
('E184','M85','SM44','LM33','C33'),
('E189','M88','SM45','LM33','C33'),
('E461','M223','SM112','LM77','C77'),
('E360','M175','SM87','LM62','C62'),
('E432','M209','SM105','LM72','C72'),
('E208','M98','SM48','LM35','C35'),
('E399','M193','SM97','LM68','C68'),
('E2','M1','SM1','LM1','C1'),
('E9','M3','SM1','LM1','C1'),
('E482','M234','SM118','LM81','C81'),
('E43','M17','SM12','LM9','C9'),
('E204','M96','SM48','LM35','C35'),
('E99','M44','SM23','LM17','C17'),
('E37','M14','SM9','LM6','C6'),
('E577','M284','SM144','LM100','C100'),
('E536','M265','SM135','LM93','C93'),
('E5','M2','SM1','LM1','C1'),
('E324','M157','SM77','LM54','C54'),
('E27','M11','SM8','LM5','C5'),
('E135','M64','SM32','LM24','C24'),
('E63','M27','SM16','LM12','C12'),
('E118','M57','SM29','LM21','C21'),
('E475','M230','SM115','LM78','C78'),
('E288','M137','SM67','LM47','C47'),
('E489','M237','SM119','LM82','C82'),
('E445','M217','SM109','LM75','C75'),
('E469','M228','SM114','LM78','C78'),
('E401','M194','SM97','LM68','C68'),
('E416','M202','SM101','LM70','C70'),
('E282','M135','SM65','LM46','C46'),
('E293','M141','SM69','LM48','C48'),
('E386','M188','SM94','LM66','C66'),
('E495','M241','SM121','LM83','C83'),
('E70','M30','SM17','LM13','C13'),
('E74','M31','SM18','LM13','C13'),
('E219','M103','SM50','LM36','C36'),
('E517','M253','SM128','LM88','C88'),
('E121','M58','SM29','LM21','C21'),
('E330','M160','SM78','LM55','C55'),
('E153','M72','SM37','LM28','C28'),
('E38','M15','SM10','LM7','C7'),
('E494','M241','SM121','LM83','C83'),
('E9','M3','SM1','LM1','C1'),
('E526','M258','SM130','LM89','C89'),
('E217','M102','SM50','LM36','C36'),
('E50','M20','SM13','LM10','C10'),
('E529','M260','SM131','LM90','C90'),
('E364','M177','SM88','LM62','C62'),
('E35','M14','SM9','LM6','C6'),
('E429','M208','SM104','LM72','C72'),
('E1','M1','SM1','LM1','C1'),
('E152','M72','SM37','LM28','C28'),
('E349','M169','SM84','LM59','C59'),
('E200','M94','SM47','LM34','C34'),
('E361','M176','SM88','LM62','C62'),
('E518','M254','SM128','LM88','C88'),
('E45','M18','SM12','LM9','C9'),
('E566','M280','SM142','LM99','C99'),
('E203','M95','SM47','LM34','C34'),
('E251','M119','SM57','LM41','C41'),
('E50','M20','SM13','LM10','C10'),
('E385','M188','SM94','LM66','C66'),
('E509','M248','SM125','LM86','C86'),
('E382','M187','SM93','LM65','C65'),
('E554','M273','SM138','LM95','C95'),
('E288','M137','SM67','LM47','C47'),
('E215','M101','SM49','LM35','C35'),
('E483','M235','SM118','LM81','C81'),
('E151','M71','SM36','LM28','C28'),
('E59','M25','SM15','LM12','C12'),
('E252','M119','SM57','LM41','C41'),
('E66','M28','SM16','LM12','C12'),
('E545','M269','SM137','LM94','C94'),
('E242','M115','SM55','LM39','C39'),
('E124','M59','SM30','LM22','C22'),
('E529','M260','SM131','LM90','C90'),
('E60','M25','SM15','LM12','C12'),
('E333','M162','SM80','LM56','C56'),
('E14','M6','SM3','LM2','C2'),
('E234','M110','SM54','LM38','C38'),
('E175','M81','SM42','LM32','C32'),
('E419','M204','SM102','LM71','C71'),
('E260','M123','SM59','LM42','C42'),
('E453','M220','SM111','LM76','C76'),
('E248','M117','SM56','LM40','C40'),
('E112','M52','SM27','LM19','C19'),
('E124','M59','SM30','LM22','C22'),
('E256','M120','SM58','LM41','C41'),
('E463','M224','SM112','LM77','C77'),
('E285','M136','SM66','LM46','C46'),
('E514','M251','SM127','LM87','C87'),
('E225','M106','SM51','LM36','C36'),
('E551','M272','SM138','LM95','C95'),
('E72','M30','SM17','LM13','C13'),
('E155','M73','SM37','LM28','C28'),
('E152','M72','SM37','LM28','C28'),
('E502','M245','SM124','LM85','C85'),
('E508','M248','SM125','LM86','C86'),
('E404','M196','SM98','LM68','C68'),
('E123','M59','SM30','LM22','C22'),
('E509','M248','SM125','LM86','C86'),
('E90','M40','SM21','LM16','C16'),
('E557','M276','SM140','LM97','C97'),
('E117','M57','SM29','LM21','C21'),
('E435','M211','SM106','LM73','C73'),
('E160','M75','SM38','LM29','C29'),
('E271','M129','SM62','LM43','C43'),
('E125','M60','SM30','LM22','C22'),
('E265','M125','SM60','LM42','C42'),
('E88','M38','SM20','LM15','C15'),
('E474','M230','SM115','LM78','C78'),
('E38','M15','SM10','LM7','C7'),
('E423','M206','SM103','LM71','C71'),
('E212','M99','SM49','LM35','C35'),
('E300','M145','SM70','LM49','C49'),
('E172','M80','SM41','LM31','C31'),
('E443','M216','SM109','LM75','C75'),
('E55','M23','SM15','LM12','C12'),
('E100','M44','SM23','LM17','C17'),
('E129','M62','SM31','LM23','C23'),
('E72','M30','SM17','LM13','C13'),
('E325','M157','SM77','LM54','C54'),
('E459','M223','SM112','LM77','C77'),
('E324','M157','SM77','LM54','C54'),
('E412','M200','SM101','LM70','C70'),
('E542','M268','SM136','LM94','C94'),
('E280','M134','SM65','LM46','C46'),
('E495','M241','SM121','LM83','C83'),
('E427','M208','SM104','LM72','C72'),
('E389','M189','SM94','LM66','C66'),
('E319','M152','SM73','LM51','C51'),
('E554','M273','SM138','LM95','C95'),
('E576','M283','SM144','LM100','C100'),
('E61','M26','SM16','LM12','C12'),
('E444','M216','SM109','LM75','C75'),
('E493','M240','SM120','LM83','C83'),
('E326','M158','SM77','LM54','C54'),
('E8','M3','SM1','LM1','C1'),
('E484','M235','SM118','LM81','C81'),
('E315','M151','SM73','LM51','C51'),
('E70','M30','SM17','LM13','C13'),
('E25','M10','SM7','LM5','C5'),
('E340','M164','SM81','LM57','C57'),
('E206','M97','SM48','LM35','C35'),
('E320','M153','SM74','LM52','C52'),
('E249','M117','SM56','LM40','C40'),
('E42','M16','SM11','LM8','C8'),
('E75','M31','SM18','LM13','C13'),
('E27','M11','SM8','LM5','C5'),
('E20','M8','SM5','LM3','C3'),
('E535','M264','SM135','LM93','C93'),
('E45','M18','SM12','LM9','C9'),
('E10','M4','SM2','LM1','C1'),
('E62','M26','SM16','LM12','C12'),
('E470','M229','SM115','LM78','C78'),
('E201','M95','SM47','LM34','C34'),
('E364','M177','SM88','LM62','C62'),
('E151','M71','SM36','LM28','C28'),
('E283','M135','SM65','LM46','C46'),
('E487','M236','SM118','LM81','C81'),
('E246','M116','SM56','LM40','C40'),
('E541','M267','SM136','LM94','C94'),
('E48','M19','SM12','LM9','C9'),
('E389','M189','SM94','LM66','C66'),
('E358','M174','SM87','LM62','C62'),
('E248','M117','SM56','LM40','C40'),
('E234','M110','SM54','LM38','C38'),
('E325','M157','SM77','LM54','C54'),
('E364','M177','SM88','LM62','C62'),
('E30','M12','SM8','LM5','C5'),
('E222','M104','SM51','LM36','C36'),
('E58','M25','SM15','LM12','C12'),
('E322','M155','SM75','LM53','C53'),
('E503','M245','SM124','LM85','C85'),
('E130','M62','SM31','LM23','C23'),
('E325','M157','SM77','LM54','C54'),
('E286','M136','SM66','LM46','C46'),
('E79','M33','SM18','LM13','C13'),
('E335','M162','SM80','LM56','C56'),
('E444','M216','SM109','LM75','C75'),
('E161','M76','SM38','LM29','C29'),
('E283','M135','SM65','LM46','C46'),
('E428','M208','SM104','LM72','C72'),
('E141','M66','SM33','LM25','C25'),
('E312','M150','SM72','LM51','C51'),
('E542','M268','SM136','LM94','C94'),
('E261','M123','SM59','LM42','C42'),
('E355','M172','SM86','LM61','C61'),
('E296','M143','SM70','LM49','C49'),
('E404','M196','SM98','LM68','C68'),
('E536','M265','SM135','LM93','C93'),
('E487','M236','SM118','LM81','C81'),
('E224','M105','SM51','LM36','C36'),
('E285','M136','SM66','LM46','C46'),
('E502','M245','SM124','LM85','C85'),
('E285','M136','SM66','LM46','C46'),
('E39','M15','SM10','LM7','C7'),
('E7','M3','SM1','LM1','C1'),
('E491','M238','SM119','LM82','C82'),
('E140','M66','SM33','LM25','C25'),
('E564','M279','SM142','LM99','C99'),
('E214','M101','SM49','LM35','C35'),
('E386','M188','SM94','LM66','C66'),
('E371','M181','SM90','LM63','C63'),
('E412','M200','SM101','LM70','C70'),
('E86','M37','SM20','LM15','C15'),
('E35','M14','SM9','LM6','C6'),
('E493','M240','SM120','LM83','C83'),
('E172','M80','SM41','LM31','C31'),
('E518','M254','SM128','LM88','C88'),
('E443','M216','SM109','LM75','C75'),
('E485','M235','SM118','LM81','C81'),
('E432','M209','SM105','LM72','C72'),
('E211','M99','SM49','LM35','C35'),
('E33','M13','SM9','LM6','C6'),
('E53','M23','SM15','LM12','C12'),
('E231','M108','SM52','LM37','C37'),
('E441','M215','SM108','LM74','C74'),
('E544','M269','SM137','LM94','C94'),
('E142','M67','SM34','LM26','C26'),
('E47','M19','SM12','LM9','C9'),
('E508','M248','SM125','LM86','C86'),
('E433','M210','SM105','LM72','C72'),
('E378','M185','SM93','LM65','C65'),
('E377','M184','SM92','LM65','C65'),
('E213','M100','SM49','LM35','C35'),
('E154','M72','SM37','LM28','C28'),
('E568','M280','SM142','LM99','C99'),
('E166','M78','SM40','LM30','C30'),
('E379','M185','SM93','LM65','C65'),
('E570','M281','SM143','LM100','C100'),
('E561','M278','SM141','LM98','C98'),
('E62','M26','SM16','LM12','C12'),
('E166','M78','SM40','LM30','C30'),
('E106','M49','SM25','LM18','C18'),
('E145','M68','SM35','LM27','C27'),
('E347','M168','SM83','LM58','C58'),
('E362','M176','SM88','LM62','C62'),
('E507','M247','SM125','LM86','C86'),
('E91','M40','SM21','LM16','C16'),
('E119','M57','SM29','LM21','C21'),
('E432','M209','SM105','LM72','C72'),
('E266','M126','SM61','LM43','C43'),
('E313','M150','SM72','LM51','C51'),
('E449','M219','SM110','LM76','C76'),
('E325','M157','SM77','LM54','C54'),
('E172','M80','SM41','LM31','C31'),
('E205','M96','SM48','LM35','C35'),
('E280','M134','SM65','LM46','C46'),
('E461','M223','SM112','LM77','C77'),
('E217','M102','SM50','LM36','C36'),
('E454','M220','SM111','LM76','C76'),
('E382','M187','SM93','LM65','C65'),
('E491','M238','SM119','LM82','C82'),
('E444','M216','SM109','LM75','C75'),
('E499','M243','SM123','LM85','C85'),
('E361','M176','SM88','LM62','C62'),
('E538','M266','SM136','LM94','C94'),
('E52','M22','SM14','LM11','C11'),
('E489','M237','SM119','LM82','C82'),
('E156','M73','SM37','LM28','C28'),
('E429','M208','SM104','LM72','C72'),
('E228','M107','SM52','LM37','C37'),
('E100','M44','SM23','LM17','C17'),
('E68','M29','SM17','LM13','C13'),
('E434','M211','SM106','LM73','C73'),
('E337','M163','SM81','LM57','C57'),
('E362','M176','SM88','LM62','C62'),
('E500','M244','SM123','LM85','C85'),
('E578','M284','SM144','LM100','C100'),
('E32','M13','SM9','LM6','C6'),
('E131','M63','SM32','LM24','C24'),
('E116','M56','SM29','LM21','C21'),
('E347','M168','SM83','LM58','C58'),
('E343','M166','SM82','LM58','C58'),
('E277','M133','SM64','LM45','C45'),
('E279','M134','SM65','LM46','C46'),
('E402','M195','SM97','LM68','C68'),
('E373','M182','SM90','LM63','C63'),
('E98','M43','SM23','LM17','C17'),
('E367','M178','SM89','LM63','C63'),
('E339','M164','SM81','LM57','C57'),
('E425','M207','SM103','LM71','C71'),
('E136','M64','SM32','LM24','C24'),
('E206','M97','SM48','LM35','C35'),
('E392','M190','SM94','LM66','C66'),
('E271','M129','SM62','LM43','C43'),
('E512','M250','SM126','LM87','C87'),
('E158','M75','SM38','LM29','C29'),
('E425','M207','SM103','LM71','C71'),
('E481','M234','SM118','LM81','C81'),
('E68','M29','SM17','LM13','C13'),
('E115','M55','SM28','LM20','C20'),
('E270','M128','SM61','LM43','C43'),
('E111','M51','SM27','LM19','C19'),
('E146','M68','SM35','LM27','C27'),
('E197','M91','SM46','LM34','C34'),
('E146','M68','SM35','LM27','C27'),
('E177','M83','SM43','LM32','C32'),
('E396','M192','SM96','LM67','C67'),
('E405','M197','SM98','LM68','C68'),
('E396','M192','SM96','LM67','C67'),
('E454','M220','SM111','LM76','C76'),
('E2','M1','SM1','LM1','C1'),
('E87','M37','SM20','LM15','C15'),
('E573','M282','SM144','LM100','C100'),
('E136','M64','SM32','LM24','C24'),
('E451','M219','SM110','LM76','C76'),
('E304','M146','SM71','LM50','C50'),
('E180','M84','SM43','LM32','C32'),
('E402','M195','SM97','LM68','C68'),
('E305','M147','SM71','LM50','C50'),
('E555','M274','SM139','LM96','C96'),
('E475','M230','SM115','LM78','C78'),
('E57','M24','SM15','LM12','C12'),
('E275','M132','SM63','LM44','C44'),
('E553','M273','SM138','LM95','C95'),
('E548','M270','SM137','LM94','C94'),
('E339','M164','SM81','LM57','C57'),
('E360','M175','SM87','LM62','C62'),
('E484','M235','SM118','LM81','C81'),
('E351','M169','SM84','LM59','C59'),
('E125','M60','SM30','LM22','C22'),
('E544','M269','SM137','LM94','C94'),
('E468','M227','SM113','LM77','C77'),
('E159','M75','SM38','LM29','C29'),
('E107','M50','SM26','LM19','C19'),
('E322','M155','SM75','LM53','C53'),
('E29','M12','SM8','LM5','C5'),
('E434','M211','SM106','LM73','C73'),
('E323','M156','SM76','LM54','C54'),
('E166','M78','SM40','LM30','C30'),
('E185','M86','SM44','LM33','C33'),
('E352','M170','SM84','LM59','C59'),
('E227','M107','SM52','LM37','C37'),
('E289','M137','SM67','LM47','C47'),
('E157','M74','SM38','LM29','C29'),
('E116','M56','SM29','LM21','C21'),
('E355','M172','SM86','LM61','C61'),
('E363','M176','SM88','LM62','C62'),
('E13','M5','SM2','LM1','C1'),
('E94','M42','SM22','LM17','C17'),
('E168','M78','SM40','LM30','C30'),
('E51','M21','SM13','LM10','C10'),
('E503','M245','SM124','LM85','C85'),
('E125','M60','SM30','LM22','C22'),
('E535','M264','SM135','LM93','C93'),
('E121','M58','SM29','LM21','C21'),
('E465','M225','SM112','LM77','C77'),
('E543','M268','SM136','LM94','C94'),
('E177','M83','SM43','LM32','C32'),
('E413','M200','SM101','LM70','C70'),
('E26','M11','SM8','LM5','C5'),
('E572','M282','SM144','LM100','C100'),
('E50','M20','SM13','LM10','C10'),
('E59','M25','SM15','LM12','C12'),
('E165','M77','SM39','LM29','C29'),
('E342','M166','SM82','LM58','C58'),
('E141','M66','SM33','LM25','C25'),
('E483','M235','SM118','LM81','C81'),
('E552','M272','SM138','LM95','C95'),
('E462','M224','SM112','LM77','C77'),
('E468','M227','SM113','LM77','C77'),
('E350','M169','SM84','LM59','C59'),
('E280','M134','SM65','LM46','C46'),
('E107','M50','SM26','LM19','C19'),
('E462','M224','SM112','LM77','C77'),
('E80','M33','SM18','LM13','C13'),
('E237','M112','SM54','LM38','C38'),
('E386','M188','SM94','LM66','C66'),
('E462','M224','SM112','LM77','C77'),
('E228','M107','SM52','LM37','C37'),
('E506','M246','SM124','LM85','C85'),
('E222','M104','SM51','LM36','C36'),
('E354','M171','SM85','LM60','C60'),
('E231','M108','SM52','LM37','C37'),
('E241','M114','SM55','LM39','C39'),
('E314','M151','SM73','LM51','C51'),
('E179','M83','SM43','LM32','C32'),
('E150','M70','SM36','LM28','C28'),
('E574','M283','SM144','LM100','C100'),
('E218','M103','SM50','LM36','C36'),
('E344','M167','SM83','LM58','C58'),
('E92','M41','SM21','LM16','C16'),
('E226','M106','SM51','LM36','C36'),
('E165','M77','SM39','LM29','C29'),
('E426','M207','SM103','LM71','C71'),
('E309','M149','SM72','LM51','C51'),
('E61','M26','SM16','LM12','C12'),
('E556','M275','SM139','LM96','C96'),
('E271','M129','SM62','LM43','C43'),
('E222','M104','SM51','LM36','C36'),
('E131','M63','SM32','LM24','C24'),
('E355','M172','SM86','LM61','C61'),
('E538','M266','SM136','LM94','C94'),
('E410','M199','SM100','LM70','C70'),
('E110','M51','SM27','LM19','C19'),
('E215','M101','SM49','LM35','C35'),
('E432','M209','SM105','LM72','C72'),
('E315','M151','SM73','LM51','C51'),
('E55','M23','SM15','LM12','C12'),
('E166','M78','SM40','LM30','C30'),
('E108','M50','SM26','LM19','C19'),
('E126','M60','SM30','LM22','C22'),
('E542','M268','SM136','LM94','C94'),
('E457','M222','SM111','LM76','C76'),
('E49','M20','SM13','LM10','C10'),
('E543','M268','SM136','LM94','C94'),
('E384','M188','SM94','LM66','C66'),
('E338','M164','SM81','LM57','C57'),
('E332','M161','SM79','LM55','C55'),
('E101','M45','SM24','LM18','C18'),
('E21','M8','SM5','LM3','C3'),
('E277','M133','SM64','LM45','C45'),
('E416','M202','SM101','LM70','C70'),
('E178','M83','SM43','LM32','C32'),
('E165','M77','SM39','LM29','C29'),
('E64','M27','SM16','LM12','C12'),
('E544','M269','SM137','LM94','C94'),
('E521','M256','SM129','LM89','C89'),
('E83','M34','SM19','LM14','C14'),
('E412','M200','SM101','LM70','C70'),
('E565','M279','SM142','LM99','C99'),
('E33','M13','SM9','LM6','C6'),
('E414','M201','SM101','LM70','C70'),
('E518','M254','SM128','LM88','C88'),
('E104','M47','SM24','LM18','C18'),
('E351','M169','SM84','LM59','C59'),
('E339','M164','SM81','LM57','C57'),
('E323','M156','SM76','LM54','C54'),
('E481','M234','SM118','LM81','C81'),
('E191','M88','SM45','LM33','C33'),
('E481','M234','SM118','LM81','C81'),
('E418','M203','SM102','LM71','C71'),
('E473','M230','SM115','LM78','C78'),
('E528','M260','SM131','LM90','C90'),
('E409','M198','SM99','LM69','C69'),
('E458','M222','SM111','LM76','C76'),
('E173','M80','SM41','LM31','C31'),
('E246','M116','SM56','LM40','C40'),
('E226','M106','SM51','LM36','C36'),
('E532','M263','SM134','LM92','C92'),
('E146','M68','SM35','LM27','C27'),
('E248','M117','SM56','LM40','C40'),
('E91','M40','SM21','LM16','C16'),
('E460','M223','SM112','LM77','C77'),
('E84','M35','SM19','LM14','C14'),
('E100','M44','SM23','LM17','C17'),
('E341','M165','SM82','LM58','C58'),
('E276','M133','SM64','LM45','C45'),
('E373','M182','SM90','LM63','C63'),
('E140','M66','SM33','LM25','C25'),
('E153','M72','SM37','LM28','C28'),
('E289','M137','SM67','LM47','C47'),
('E313','M150','SM72','LM51','C51'),
('E298','M144','SM70','LM49','C49'),
('E240','M114','SM55','LM39','C39'),
('E539','M267','SM136','LM94','C94'),
('E13','M5','SM2','LM1','C1'),
('E215','M101','SM49','LM35','C35'),
('E16','M6','SM3','LM2','C2'),
('E219','M103','SM50','LM36','C36'),
('E372','M181','SM90','LM63','C63'),
('E564','M279','SM142','LM99','C99'),
('E67','M29','SM17','LM13','C13'),
('E17','M7','SM4','LM3','C3'),
('E460','M223','SM112','LM77','C77'),
('E59','M25','SM15','LM12','C12'),
('E118','M57','SM29','LM21','C21'),
('E107','M50','SM26','LM19','C19'),
('E22','M9','SM6','LM4','C4'),
('E260','M123','SM59','LM42','C42'),
('E278','M133','SM64','LM45','C45'),
('E352','M170','SM84','LM59','C59'),
('E308','M148','SM72','LM51','C51'),
('E132','M63','SM32','LM24','C24'),
('E301','M145','SM70','LM49','C49'),
('E221','M104','SM51','LM36','C36'),
('E46','M18','SM12','LM9','C9'),
('E563','M279','SM142','LM99','C99'),
('E128','M61','SM30','LM22','C22'),
('E204','M96','SM48','LM35','C35'),
('E81','M34','SM19','LM14','C14'),
('E229','M108','SM52','LM37','C37'),
('E341','M165','SM82','LM58','C58'),
('E425','M207','SM103','LM71','C71'),
('E531','M262','SM133','LM91','C91'),
('E27','M11','SM8','LM5','C5'),
('E16','M6','SM3','LM2','C2'),
('E347','M168','SM83','LM58','C58'),
('E70','M30','SM17','LM13','C13'),
('E423','M206','SM103','LM71','C71'),
('E148','M69','SM36','LM28','C28'),
('E136','M64','SM32','LM24','C24'),
('E122','M58','SM29','LM21','C21'),
('E56','M24','SM15','LM12','C12'),
('E526','M258','SM130','LM89','C89'),
('E387','M189','SM94','LM66','C66'),
('E222','M104','SM51','LM36','C36'),
('E202','M95','SM47','LM34','C34'),
('E555','M274','SM139','LM96','C96'),
('E5','M2','SM1','LM1','C1'),
('E260','M123','SM59','LM42','C42'),
('E453','M220','SM111','LM76','C76'),
('E524','M257','SM129','LM89','C89'),
('E10','M4','SM2','LM1','C1'),
('E367','M178','SM89','LM63','C63'),
('E398','M193','SM97','LM68','C68'),
('E343','M166','SM82','LM58','C58'),
('E232','M109','SM53','LM38','C38'),
('E306','M147','SM71','LM50','C50'),
('E386','M188','SM94','LM66','C66'),
('E28','M11','SM8','LM5','C5'),
('E547','M270','SM137','LM94','C94'),
('E117','M57','SM29','LM21','C21'),
('E390','M190','SM94','LM66','C66'),
('E58','M25','SM15','LM12','C12'),
('E243','M115','SM55','LM39','C39'),
('E20','M8','SM5','LM3','C3'),
('E533','M263','SM134','LM92','C92'),
('E247','M117','SM56','LM40','C40'),
('E227','M107','SM52','LM37','C37'),
('E187','M86','SM44','LM33','C33'),
('E89','M39','SM21','LM16','C16'),
('E278','M133','SM64','LM45','C45'),
('E434','M211','SM106','LM73','C73'),
('E77','M32','SM18','LM13','C13'),
('E87','M37','SM20','LM15','C15'),
('E536','M265','SM135','LM93','C93'),
('E515','M252','SM127','LM87','C87'),
('E254','M120','SM58','LM41','C41'),
('E538','M266','SM136','LM94','C94'),
('E518','M254','SM128','LM88','C88'),
('E238','M113','SM55','LM39','C39'),
('E453','M220','SM111','LM76','C76'),
('E572','M282','SM144','LM100','C100'),
('E391','M190','SM94','LM66','C66'),
('E567','M280','SM142','LM99','C99'),
('E397','M192','SM96','LM67','C67'),
('E190','M88','SM45','LM33','C33'),
('E1','M1','SM1','LM1','C1'),
('E575','M283','SM144','LM100','C100'),
('E398','M193','SM97','LM68','C68'),
('E181','M84','SM43','LM32','C32'),
('E465','M225','SM112','LM77','C77'),
('E523','M256','SM129','LM89','C89'),
('E554','M273','SM138','LM95','C95'),
('E555','M274','SM139','LM96','C96'),
('E111','M51','SM27','LM19','C19'),
('E145','M68','SM35','LM27','C27'),
('E33','M13','SM9','LM6','C6'),
('E440','M214','SM107','LM74','C74'),
('E148','M69','SM36','LM28','C28'),
('E174','M81','SM42','LM32','C32'),
('E494','M241','SM121','LM83','C83'),
('E322','M155','SM75','LM53','C53'),
('E504','M246','SM124','LM85','C85'),
('E284','M135','SM65','LM46','C46'),
('E359','M175','SM87','LM62','C62'),
('E290','M138','SM67','LM47','C47'),
('E560','M277','SM141','LM98','C98'),
('E521','M256','SM129','LM89','C89'),
('E553','M273','SM138','LM95','C95'),
('E6','M2','SM1','LM1','C1'),
('E66','M28','SM16','LM12','C12'),
('E461','M223','SM112','LM77','C77'),
('E96','M43','SM23','LM17','C17'),
('E524','M257','SM129','LM89','C89'),
('E369','M180','SM89','LM63','C63'),
('E552','M272','SM138','LM95','C95'),
('E547','M270','SM137','LM94','C94'),
('E74','M31','SM18','LM13','C13'),
('E69','M29','SM17','LM13','C13'),
('E255','M120','SM58','LM41','C41'),
('E106','M49','SM25','LM18','C18'),
('E78','M33','SM18','LM13','C13'),
('E392','M190','SM94','LM66','C66'),
('E468','M227','SM113','LM77','C77'),
('E429','M208','SM104','LM72','C72'),
('E240','M114','SM55','LM39','C39'),
('E199','M93','SM47','LM34','C34'),
('E50','M20','SM13','LM10','C10'),
('E458','M222','SM111','LM76','C76'),
('E128','M61','SM30','LM22','C22'),
('E493','M240','SM120','LM83','C83'),
('E220','M103','SM50','LM36','C36'),
('E491','M238','SM119','LM82','C82'),
('E210','M98','SM48','LM35','C35'),
('E478','M233','SM117','LM80','C80'),
('E192','M89','SM45','LM33','C33'),
('E185','M86','SM44','LM33','C33'),
('E146','M68','SM35','LM27','C27'),
('E300','M145','SM70','LM49','C49'),
('E482','M234','SM118','LM81','C81'),
('E227','M107','SM52','LM37','C37'),
('E421','M205','SM103','LM71','C71'),
('E482','M234','SM118','LM81','C81'),
('E45','M18','SM12','LM9','C9'),
('E482','M234','SM118','LM81','C81'),
('E378','M185','SM93','LM65','C65'),
('E167','M78','SM40','LM30','C30'),
('E97','M43','SM23','LM17','C17'),
('E537','M266','SM136','LM94','C94'),
('E203','M95','SM47','LM34','C34'),
('E507','M247','SM125','LM86','C86'),
('E416','M202','SM101','LM70','C70'),
('E526','M258','SM130','LM89','C89'),
('E266','M126','SM61','LM43','C43'),
('E495','M241','SM121','LM83','C83'),
('E285','M136','SM66','LM46','C46'),
('E282','M135','SM65','LM46','C46'),
('E61','M26','SM16','LM12','C12'),
('E196','M91','SM46','LM34','C34'),
('E351','M169','SM84','LM59','C59'),
('E362','M176','SM88','LM62','C62'),
('E351','M169','SM84','LM59','C59'),
('E216','M102','SM50','LM36','C36'),
('E121','M58','SM29','LM21','C21'),
('E547','M270','SM137','LM94','C94'),
('E415','M202','SM101','LM70','C70'),
('E212','M99','SM49','LM35','C35'),
('E335','M162','SM80','LM56','C56'),
('E38','M15','SM10','LM7','C7'),
('E457','M222','SM111','LM76','C76'),
('E548','M270','SM137','LM94','C94'),
('E10','M4','SM2','LM1','C1'),
('E11','M4','SM2','LM1','C1'),
('E273','M130','SM63','LM44','C44'),
('E136','M64','SM32','LM24','C24'),
('E203','M95','SM47','LM34','C34'),
('E521','M256','SM129','LM89','C89'),
('E324','M157','SM77','LM54','C54'),
('E23','M10','SM7','LM5','C5'),
('E361','M176','SM88','LM62','C62'),
('E2','M1','SM1','LM1','C1'),
('E308','M148','SM72','LM51','C51'),
('E366','M177','SM88','LM62','C62'),
('E7','M3','SM1','LM1','C1'),
('E213','M100','SM49','LM35','C35'),
('E32','M13','SM9','LM6','C6'),
('E362','M176','SM88','LM62','C62'),
('E64','M27','SM16','LM12','C12'),
('E83','M34','SM19','LM14','C14'),
('E506','M246','SM124','LM85','C85'),
('E297','M143','SM70','LM49','C49'),
('E402','M195','SM97','LM68','C68'),
('E397','M192','SM96','LM67','C67'),
('E255','M120','SM58','LM41','C41'),
('E491','M238','SM119','LM82','C82'),
('E323','M156','SM76','LM54','C54'),
('E185','M86','SM44','LM33','C33'),
('E215','M101','SM49','LM35','C35'),
('E150','M70','SM36','LM28','C28'),
('E242','M115','SM55','LM39','C39'),
('E96','M43','SM23','LM17','C17'),
('E398','M193','SM97','LM68','C68'),
('E203','M95','SM47','LM34','C34'),
('E279','M134','SM65','LM46','C46'),
('E135','M64','SM32','LM24','C24'),
('E13','M5','SM2','LM1','C1'),
('E226','M106','SM51','LM36','C36'),
('E180','M84','SM43','LM32','C32'),
('E325','M157','SM77','LM54','C54'),
('E372','M181','SM90','LM63','C63'),
('E194','M90','SM46','LM34','C34'),
('E1','M1','SM1','LM1','C1'),
('E249','M117','SM56','LM40','C40'),
('E210','M98','SM48','LM35','C35'),
('E445','M217','SM109','LM75','C75'),
('E324','M157','SM77','LM54','C54'),
('E259','M123','SM59','LM42','C42'),
('E366','M177','SM88','LM62','C62'),
('E426','M207','SM103','LM71','C71'),
('E115','M55','SM28','LM20','C20'),
('E69','M29','SM17','LM13','C13'),
('E432','M209','SM105','LM72','C72'),
('E578','M284','SM144','LM100','C100'),
('E253','M119','SM57','LM41','C41'),
('E343','M166','SM82','LM58','C58'),
('E163','M76','SM38','LM29','C29'),
('E83','M34','SM19','LM14','C14'),
('E536','M265','SM135','LM93','C93'),
('E266','M126','SM61','LM43','C43'),
('E252','M119','SM57','LM41','C41'),
('E500','M244','SM123','LM85','C85'),
('E420','M205','SM103','LM71','C71'),
('E525','M257','SM129','LM89','C89'),
('E16','M6','SM3','LM2','C2'),
('E368','M179','SM89','LM63','C63'),
('E190','M88','SM45','LM33','C33'),
('E336','M163','SM81','LM57','C57'),
('E191','M88','SM45','LM33','C33'),
('E110','M51','SM27','LM19','C19'),
('E500','M244','SM123','LM85','C85'),
('E69','M29','SM17','LM13','C13'),
('E8','M3','SM1','LM1','C1'),
('E366','M177','SM88','LM62','C62'),
('E552','M272','SM138','LM95','C95'),
('E488','M236','SM118','LM81','C81'),
('E521','M256','SM129','LM89','C89'),
('E408','M198','SM99','LM69','C69'),
('E498','M242','SM122','LM84','C84'),
('E205','M96','SM48','LM35','C35'),
('E444','M216','SM109','LM75','C75'),
('E472','M229','SM115','LM78','C78'),
('E343','M166','SM82','LM58','C58'),
('E136','M64','SM32','LM24','C24'),
('E257','M121','SM58','LM41','C41'),
('E138','M65','SM33','LM25','C25'),
('E78','M33','SM18','LM13','C13'),
('E525','M257','SM129','LM89','C89'),
('E174','M81','SM42','LM32','C32'),
('E89','M39','SM21','LM16','C16'),
('E467','M226','SM113','LM77','C77'),
('E567','M280','SM142','LM99','C99'),
('E296','M143','SM70','LM49','C49'),
('E20','M8','SM5','LM3','C3'),
('E402','M195','SM97','LM68','C68'),
('E304','M146','SM71','LM50','C50'),
('E129','M62','SM31','LM23','C23'),
('E138','M65','SM33','LM25','C25'),
('E568','M280','SM142','LM99','C99'),
('E218','M103','SM50','LM36','C36'),
('E517','M253','SM128','LM88','C88'),
('E230','M108','SM52','LM37','C37'),
('E235','M111','SM54','LM38','C38'),
('E114','M54','SM28','LM20','C20'),
('E78','M33','SM18','LM13','C13'),
('E382','M187','SM93','LM65','C65'),
('E507','M247','SM125','LM86','C86'),
('E170','M79','SM40','LM30','C30'),
('E51','M21','SM13','LM10','C10'),
('E21','M8','SM5','LM3','C3'),
('E55','M23','SM15','LM12','C12'),
('E335','M162','SM80','LM56','C56'),
('E81','M34','SM19','LM14','C14'),
('E120','M58','SM29','LM21','C21'),
('E308','M148','SM72','LM51','C51'),
('E372','M181','SM90','LM63','C63'),
('E488','M236','SM118','LM81','C81'),
('E134','M64','SM32','LM24','C24'),
('E159','M75','SM38','LM29','C29'),
('E471','M229','SM115','LM78','C78'),
('E414','M201','SM101','LM70','C70'),
('E305','M147','SM71','LM50','C50'),
('E561','M278','SM141','LM98','C98'),
('E368','M179','SM89','LM63','C63'),
('E408','M198','SM99','LM69','C69'),
('E362','M176','SM88','LM62','C62'),
('E474','M230','SM115','LM78','C78'),
('E68','M29','SM17','LM13','C13'),
('E181','M84','SM43','LM32','C32'),
('E302','M145','SM70','LM49','C49'),
('E292','M140','SM69','LM48','C48'),
('E101','M45','SM24','LM18','C18'),
('E17','M7','SM4','LM3','C3'),
('E389','M189','SM94','LM66','C66'),
('E348','M168','SM83','LM58','C58'),
('E216','M102','SM50','LM36','C36'),
('E498','M242','SM122','LM84','C84'),
('E143','M67','SM34','LM26','C26'),
('E121','M58','SM29','LM21','C21'),
('E93','M41','SM21','LM16','C16'),
('E46','M18','SM12','LM9','C9'),
('E236','M112','SM54','LM38','C38'),
('E245','M116','SM56','LM40','C40'),
('E421','M205','SM103','LM71','C71'),
('E448','M218','SM110','LM76','C76'),
('E380','M186','SM93','LM65','C65'),
('E81','M34','SM19','LM14','C14'),
('E531','M262','SM133','LM91','C91'),
('E264','M124','SM59','LM42','C42'),
('E561','M278','SM141','LM98','C98'),
('E229','M108','SM52','LM37','C37'),
('E480','M234','SM118','LM81','C81'),
('E129','M62','SM31','LM23','C23'),
('E150','M70','SM36','LM28','C28'),
('E489','M237','SM119','LM82','C82'),
('E98','M43','SM23','LM17','C17'),
('E36','M14','SM9','LM6','C6'),
('E8','M3','SM1','LM1','C1'),
('E273','M130','SM63','LM44','C44'),
('E206','M97','SM48','LM35','C35'),
('E539','M267','SM136','LM94','C94'),
('E28','M11','SM8','LM5','C5'),
('E257','M121','SM58','LM41','C41'),
('E390','M190','SM94','LM66','C66'),
('E445','M217','SM109','LM75','C75'),
('E531','M262','SM133','LM91','C91'),
('E157','M74','SM38','LM29','C29'),
('E446','M217','SM109','LM75','C75'),
('E283','M135','SM65','LM46','C46'),
('E69','M29','SM17','LM13','C13'),
('E399','M193','SM97','LM68','C68'),
('E276','M133','SM64','LM45','C45'),
('E577','M284','SM144','LM100','C100'),
('E334','M162','SM80','LM56','C56'),
('E469','M228','SM114','LM78','C78'),
('E72','M30','SM17','LM13','C13'),
('E312','M150','SM72','LM51','C51'),
('E534','M263','SM134','LM92','C92'),
('E99','M44','SM23','LM17','C17'),
('E335','M162','SM80','LM56','C56'),
('E535','M264','SM135','LM93','C93'),
('E539','M267','SM136','LM94','C94'),
('E288','M137','SM67','LM47','C47'),
('E445','M217','SM109','LM75','C75'),
('E22','M9','SM6','LM4','C4'),
('E449','M219','SM110','LM76','C76'),
('E240','M114','SM55','LM39','C39'),
('E218','M103','SM50','LM36','C36'),
('E345','M167','SM83','LM58','C58'),
('E375','M183','SM91','LM64','C64'),
('E252','M119','SM57','LM41','C41'),
('E302','M145','SM70','LM49','C49'),
('E301','M145','SM70','LM49','C49'),
('E289','M137','SM67','LM47','C47'),
('E346','M168','SM83','LM58','C58'),
('E158','M75','SM38','LM29','C29'),
('E124','M59','SM30','LM22','C22'),
('E509','M248','SM125','LM86','C86'),
('E505','M246','SM124','LM85','C85'),
('E27','M11','SM8','LM5','C5'),
('E221','M104','SM51','LM36','C36'),
('E224','M105','SM51','LM36','C36'),
('E413','M200','SM101','LM70','C70'),
('E529','M260','SM131','LM90','C90'),
('E256','M120','SM58','LM41','C41'),
('E381','M187','SM93','LM65','C65'),
('E478','M233','SM117','LM80','C80'),
('E142','M67','SM34','LM26','C26'),
('E549','M270','SM137','LM94','C94'),
('E302','M145','SM70','LM49','C49'),
('E18','M7','SM4','LM3','C3'),
('E433','M210','SM105','LM72','C72'),
('E504','M246','SM124','LM85','C85'),
('E162','M76','SM38','LM29','C29'),
('E429','M208','SM104','LM72','C72'),
('E427','M208','SM104','LM72','C72'),
('E326','M158','SM77','LM54','C54'),
('E320','M153','SM74','LM52','C52'),
('E529','M260','SM131','LM90','C90'),
('E156','M73','SM37','LM28','C28'),
('E272','M130','SM63','LM44','C44'),
('E157','M74','SM38','LM29','C29'),
('E507','M247','SM125','LM86','C86'),
('E391','M190','SM94','LM66','C66'),
('E485','M235','SM118','LM81','C81'),
('E542','M268','SM136','LM94','C94'),
('E341','M165','SM82','LM58','C58'),
('E531','M262','SM133','LM91','C91'),
('E121','M58','SM29','LM21','C21'),
('E212','M99','SM49','LM35','C35'),
('E490','M237','SM119','LM82','C82'),
('E477','M232','SM116','LM79','C79'),
('E254','M120','SM58','LM41','C41'),
('E262','M124','SM59','LM42','C42'),
('E290','M138','SM67','LM47','C47'),
('E77','M32','SM18','LM13','C13'),
('E330','M160','SM78','LM55','C55'),
('E186','M86','SM44','LM33','C33'),
('E341','M165','SM82','LM58','C58'),
('E98','M43','SM23','LM17','C17'),
('E103','M46','SM24','LM18','C18'),
('E193','M89','SM45','LM33','C33'),
('E229','M108','SM52','LM37','C37'),
('E82','M34','SM19','LM14','C14'),
('E47','M19','SM12','LM9','C9'),
('E495','M241','SM121','LM83','C83'),
('E86','M37','SM20','LM15','C15'),
('E542','M268','SM136','LM94','C94'),
('E24','M10','SM7','LM5','C5'),
('E117','M57','SM29','LM21','C21'),
('E388','M189','SM94','LM66','C66'),
('E391','M190','SM94','LM66','C66'),
('E354','M171','SM85','LM60','C60'),
('E175','M81','SM42','LM32','C32'),
('E312','M150','SM72','LM51','C51'),
('E201','M95','SM47','LM34','C34'),
('E111','M51','SM27','LM19','C19'),
('E140','M66','SM33','LM25','C25'),
('E12','M4','SM2','LM1','C1'),
('E487','M236','SM118','LM81','C81'),
('E299','M144','SM70','LM49','C49'),
('E4','M2','SM1','LM1','C1'),
('E286','M136','SM66','LM46','C46'),
('E500','M244','SM123','LM85','C85'),
('E503','M245','SM124','LM85','C85'),
('E171','M80','SM41','LM31','C31'),
('E36','M14','SM9','LM6','C6'),
('E79','M33','SM18','LM13','C13'),
('E167','M78','SM40','LM30','C30'),
('E280','M134','SM65','LM46','C46'),
('E448','M218','SM110','LM76','C76'),
('E115','M55','SM28','LM20','C20'),
('E547','M270','SM137','LM94','C94'),
('E50','M20','SM13','LM10','C10'),
('E220','M103','SM50','LM36','C36'),
('E469','M228','SM114','LM78','C78'),
('E108','M50','SM26','LM19','C19'),
('E428','M208','SM104','LM72','C72'),
('E104','M47','SM24','LM18','C18'),
('E191','M88','SM45','LM33','C33'),
('E166','M78','SM40','LM30','C30'),
('E467','M226','SM113','LM77','C77'),
('E135','M64','SM32','LM24','C24'),
('E551','M272','SM138','LM95','C95'),
('E209','M98','SM48','LM35','C35'),
('E470','M229','SM115','LM78','C78'),
('E431','M209','SM105','LM72','C72'),
('E561','M278','SM141','LM98','C98'),
('E61','M26','SM16','LM12','C12'),
('E249','M117','SM56','LM40','C40'),
('E77','M32','SM18','LM13','C13'),
('E249','M117','SM56','LM40','C40'),
('E572','M282','SM144','LM100','C100'),
('E393','M191','SM95','LM66','C66'),
('E188','M87','SM44','LM33','C33'),
('E52','M22','SM14','LM11','C11'),
('E129','M62','SM31','LM23','C23'),
('E213','M100','SM49','LM35','C35'),
('E299','M144','SM70','LM49','C49'),
('E533','M263','SM134','LM92','C92'),
('E290','M138','SM67','LM47','C47'),
('E160','M75','SM38','LM29','C29'),
('E224','M105','SM51','LM36','C36'),
('E182','M85','SM44','LM33','C33'),
('E422','M206','SM103','LM71','C71'),
('E47','M19','SM12','LM9','C9'),
('E18','M7','SM4','LM3','C3'),
('E165','M77','SM39','LM29','C29'),
('E475','M230','SM115','LM78','C78'),
('E49','M20','SM13','LM10','C10'),
('E406','M197','SM98','LM68','C68'),
('E128','M61','SM30','LM22','C22'),
('E409','M198','SM99','LM69','C69'),
('E258','M122','SM59','LM42','C42'),
('E138','M65','SM33','LM25','C25'),
('E422','M206','SM103','LM71','C71'),
('E14','M6','SM3','LM2','C2'),
('E155','M73','SM37','LM28','C28'),
('E255','M120','SM58','LM41','C41'),
('E316','M151','SM73','LM51','C51'),
('E96','M43','SM23','LM17','C17'),
('E92','M41','SM21','LM16','C16'),
('E403','M196','SM98','LM68','C68'),
('E243','M115','SM55','LM39','C39'),
('E467','M226','SM113','LM77','C77'),
('E513','M250','SM126','LM87','C87'),
('E296','M143','SM70','LM49','C49'),
('E372','M181','SM90','LM63','C63'),
('E276','M133','SM64','LM45','C45'),
('E126','M60','SM30','LM22','C22'),
('E412','M200','SM101','LM70','C70'),
('E530','M261','SM132','LM91','C91'),
('E102','M45','SM24','LM18','C18'),
('E182','M85','SM44','LM33','C33'),
('E105','M48','SM25','LM18','C18'),
('E75','M31','SM18','LM13','C13'),
('E78','M33','SM18','LM13','C13'),
('E235','M111','SM54','LM38','C38'),
('E51','M21','SM13','LM10','C10'),
('E296','M143','SM70','LM49','C49'),
('E185','M86','SM44','LM33','C33'),
('E71','M30','SM17','LM13','C13'),
('E164','M77','SM39','LM29','C29'),
('E42','M16','SM11','LM8','C8'),
('E152','M72','SM37','LM28','C28'),
('E231','M108','SM52','LM37','C37'),
('E164','M77','SM39','LM29','C29'),
('E42','M16','SM11','LM8','C8'),
('E280','M134','SM65','LM46','C46'),
('E174','M81','SM42','LM32','C32'),
('E7','M3','SM1','LM1','C1'),
('E290','M138','SM67','LM47','C47'),
('E96','M43','SM23','LM17','C17'),
('E68','M29','SM17','LM13','C13'),
('E413','M200','SM101','LM70','C70'),
('E85','M36','SM19','LM14','C14'),
('E142','M67','SM34','LM26','C26'),
('E522','M256','SM129','LM89','C89'),
('E251','M119','SM57','LM41','C41'),
('E3','M1','SM1','LM1','C1'),
('E63','M27','SM16','LM12','C12'),
('E3','M1','SM1','LM1','C1'),
('E337','M163','SM81','LM57','C57'),
('E319','M152','SM73','LM51','C51'),
('E502','M245','SM124','LM85','C85'),
('E213','M100','SM49','LM35','C35'),
('E63','M27','SM16','LM12','C12'),
('E344','M167','SM83','LM58','C58'),
('E114','M54','SM28','LM20','C20'),
('E272','M130','SM63','LM44','C44'),
('E410','M199','SM100','LM70','C70'),
('E94','M42','SM22','LM17','C17'),
('E468','M227','SM113','LM77','C77'),
('E567','M280','SM142','LM99','C99'),
('E29','M12','SM8','LM5','C5'),
('E7','M3','SM1','LM1','C1'),
('E50','M20','SM13','LM10','C10'),
('E211','M99','SM49','LM35','C35'),
('E76','M32','SM18','LM13','C13'),
('E194','M90','SM46','LM34','C34'),
('E236','M112','SM54','LM38','C38'),
('E6','M2','SM1','LM1','C1'),
('E480','M234','SM118','LM81','C81'),
('E125','M60','SM30','LM22','C22'),
('E275','M132','SM63','LM44','C44'),
('E552','M272','SM138','LM95','C95'),
('E577','M284','SM144','LM100','C100'),
('E213','M100','SM49','LM35','C35'),
('E70','M30','SM17','LM13','C13'),
('E151','M71','SM36','LM28','C28'),
('E499','M243','SM123','LM85','C85'),
('E385','M188','SM94','LM66','C66'),
('E392','M190','SM94','LM66','C66'),
('E281','M134','SM65','LM46','C46'),
('E127','M60','SM30','LM22','C22'),
('E422','M206','SM103','LM71','C71'),
('E417','M203','SM102','LM71','C71'),
('E181','M84','SM43','LM32','C32'),
('E55','M23','SM15','LM12','C12'),
('E96','M43','SM23','LM17','C17'),
('E145','M68','SM35','LM27','C27'),
('E122','M58','SM29','LM21','C21'),
('E34','M13','SM9','LM6','C6'),
('E178','M83','SM43','LM32','C32'),
('E309','M149','SM72','LM51','C51'),
('E310','M149','SM72','LM51','C51'),
('E83','M34','SM19','LM14','C14'),
('E183','M85','SM44','LM33','C33'),
('E187','M86','SM44','LM33','C33'),
('E521','M256','SM129','LM89','C89'),
('E457','M222','SM111','LM76','C76'),
('E209','M98','SM48','LM35','C35'),
('E25','M10','SM7','LM5','C5'),
('E169','M79','SM40','LM30','C30'),
('E118','M57','SM29','LM21','C21'),
('E538','M266','SM136','LM94','C94'),
('E107','M50','SM26','LM19','C19'),
('E470','M229','SM115','LM78','C78'),
('E354','M171','SM85','LM60','C60'),
('E491','M238','SM119','LM82','C82'),
('E64','M27','SM16','LM12','C12'),
('E539','M267','SM136','LM94','C94'),
('E17','M7','SM4','LM3','C3'),
('E475','M230','SM115','LM78','C78'),
('E163','M76','SM38','LM29','C29'),
('E315','M151','SM73','LM51','C51'),
('E125','M60','SM30','LM22','C22'),
('E502','M245','SM124','LM85','C85'),
('E456','M221','SM111','LM76','C76'),
('E311','M150','SM72','LM51','C51'),
('E284','M135','SM65','LM46','C46'),
('E234','M110','SM54','LM38','C38'),
('E271','M129','SM62','LM43','C43'),
('E475','M230','SM115','LM78','C78'),
('E363','M176','SM88','LM62','C62'),
('E433','M210','SM105','LM72','C72'),
('E287','M136','SM66','LM46','C46'),
('E217','M102','SM50','LM36','C36'),
('E431','M209','SM105','LM72','C72'),
('E170','M79','SM40','LM30','C30'),
('E268','M127','SM61','LM43','C43'),
('E323','M156','SM76','LM54','C54'),
('E529','M260','SM131','LM90','C90'),
('E333','M162','SM80','LM56','C56'),
('E340','M164','SM81','LM57','C57'),
('E291','M139','SM68','LM47','C47'),
('E159','M75','SM38','LM29','C29'),
('E62','M26','SM16','LM12','C12'),
('E390','M190','SM94','LM66','C66'),
('E219','M103','SM50','LM36','C36'),
('E578','M284','SM144','LM100','C100'),
('E517','M253','SM128','LM88','C88'),
('E551','M272','SM138','LM95','C95'),
('E273','M130','SM63','LM44','C44'),
('E459','M223','SM112','LM77','C77'),
('E196','M91','SM46','LM34','C34'),
('E279','M134','SM65','LM46','C46'),
('E230','M108','SM52','LM37','C37'),
('E223','M105','SM51','LM36','C36'),
('E497','M242','SM122','LM84','C84'),
('E538','M266','SM136','LM94','C94'),
('E144','M67','SM34','LM26','C26'),
('E464','M224','SM112','LM77','C77'),
('E314','M151','SM73','LM51','C51'),
('E10','M4','SM2','LM1','C1'),
('E466','M225','SM112','LM77','C77'),
('E309','M149','SM72','LM51','C51'),
('E335','M162','SM80','LM56','C56'),
('E495','M241','SM121','LM83','C83'),
('E385','M188','SM94','LM66','C66'),
('E160','M75','SM38','LM29','C29'),
('E295','M143','SM70','LM49','C49'),
('E7','M3','SM1','LM1','C1'),
('E316','M151','SM73','LM51','C51'),
('E530','M261','SM132','LM91','C91'),
('E386','M188','SM94','LM66','C66'),
('E285','M136','SM66','LM46','C46'),
('E327','M158','SM77','LM54','C54'),
('E216','M102','SM50','LM36','C36'),
('E409','M198','SM99','LM69','C69'),
('E223','M105','SM51','LM36','C36'),
('E77','M32','SM18','LM13','C13'),
('E519','M254','SM128','LM88','C88'),
('E214','M101','SM49','LM35','C35'),
('E318','M152','SM73','LM51','C51'),
('E291','M139','SM68','LM47','C47'),
('E525','M257','SM129','LM89','C89'),
('E138','M65','SM33','LM25','C25'),
('E48','M19','SM12','LM9','C9'),
('E521','M256','SM129','LM89','C89'),
('E240','M114','SM55','LM39','C39'),
('E492','M239','SM120','LM83','C83'),
('E46','M18','SM12','LM9','C9'),
('E546','M269','SM137','LM94','C94'),
('E465','M225','SM112','LM77','C77'),
('E453','M220','SM111','LM76','C76'),
('E94','M42','SM22','LM17','C17'),
('E442','M215','SM108','LM74','C74'),
('E319','M152','SM73','LM51','C51'),
('E503','M245','SM124','LM85','C85'),
('E204','M96','SM48','LM35','C35'),
('E454','M220','SM111','LM76','C76'),
('E477','M232','SM116','LM79','C79'),
('E97','M43','SM23','LM17','C17'),
('E229','M108','SM52','LM37','C37'),
('E53','M23','SM15','LM12','C12'),
('E271','M129','SM62','LM43','C43'),
('E71','M30','SM17','LM13','C13'),
('E8','M3','SM1','LM1','C1'),
('E67','M29','SM17','LM13','C13'),
('E292','M140','SM69','LM48','C48'),
('E550','M271','SM138','LM95','C95'),
('E340','M164','SM81','LM57','C57'),
('E439','M214','SM107','LM74','C74'),
('E493','M240','SM120','LM83','C83'),
('E259','M123','SM59','LM42','C42'),
('E284','M135','SM65','LM46','C46'),
('E292','M140','SM69','LM48','C48'),
('E35','M14','SM9','LM6','C6'),
('E547','M270','SM137','LM94','C94'),
('E29','M12','SM8','LM5','C5'),
('E6','M2','SM1','LM1','C1'),
('E119','M57','SM29','LM21','C21'),
('E222','M104','SM51','LM36','C36'),
('E48','M19','SM12','LM9','C9'),
('E516','M252','SM127','LM87','C87'),
('E222','M104','SM51','LM36','C36'),
('E161','M76','SM38','LM29','C29'),
('E97','M43','SM23','LM17','C17'),
('E89','M39','SM21','LM16','C16'),
('E438','M213','SM107','LM74','C74'),
('E562','M278','SM141','LM98','C98'),
('E39','M15','SM10','LM7','C7'),
('E185','M86','SM44','LM33','C33'),
('E175','M81','SM42','LM32','C32'),
('E496','M242','SM122','LM84','C84'),
('E218','M103','SM50','LM36','C36'),
('E199','M93','SM47','LM34','C34'),
('E426','M207','SM103','LM71','C71'),
('E406','M197','SM98','LM68','C68'),
('E129','M62','SM31','LM23','C23'),
('E329','M159','SM77','LM54','C54'),
('E368','M179','SM89','LM63','C63'),
('E303','M146','SM71','LM50','C50'),
('E102','M45','SM24','LM18','C18'),
('E51','M21','SM13','LM10','C10'),
('E565','M279','SM142','LM99','C99'),
('E304','M146','SM71','LM50','C50'),
('E134','M64','SM32','LM24','C24'),
('E308','M148','SM72','LM51','C51'),
('E276','M133','SM64','LM45','C45'),
('E336','M163','SM81','LM57','C57'),
('E93','M41','SM21','LM16','C16'),
('E484','M235','SM118','LM81','C81'),
('E213','M100','SM49','LM35','C35'),
('E209','M98','SM48','LM35','C35'),
('E268','M127','SM61','LM43','C43'),
('E14','M6','SM3','LM2','C2'),
('E466','M225','SM112','LM77','C77'),
('E278','M133','SM64','LM45','C45'),
('E235','M111','SM54','LM38','C38'),
('E452','M220','SM111','LM76','C76'),
('E531','M262','SM133','LM91','C91'),
('E116','M56','SM29','LM21','C21'),
('E211','M99','SM49','LM35','C35'),
('E440','M214','SM107','LM74','C74'),
('E210','M98','SM48','LM35','C35'),
('E41','M16','SM11','LM8','C8'),
('E305','M147','SM71','LM50','C50'),
('E243','M115','SM55','LM39','C39'),
('E32','M13','SM9','LM6','C6'),
('E259','M123','SM59','LM42','C42'),
('E445','M217','SM109','LM75','C75'),
('E73','M31','SM18','LM13','C13'),
('E437','M212','SM107','LM74','C74'),
('E232','M109','SM53','LM38','C38'),
('E67','M29','SM17','LM13','C13'),
('E243','M115','SM55','LM39','C39'),
('E26','M11','SM8','LM5','C5'),
('E112','M52','SM27','LM19','C19'),
('E378','M185','SM93','LM65','C65'),
('E472','M229','SM115','LM78','C78'),
('E552','M272','SM138','LM95','C95'),
('E314','M151','SM73','LM51','C51'),
('E31','M12','SM8','LM5','C5'),
('E149','M70','SM36','LM28','C28'),
('E520','M255','SM129','LM89','C89'),
('E383','M187','SM93','LM65','C65'),
('E469','M228','SM114','LM78','C78'),
('E60','M25','SM15','LM12','C12'),
('E483','M235','SM118','LM81','C81'),
('E515','M252','SM127','LM87','C87'),
('E376','M184','SM92','LM65','C65'),
('E134','M64','SM32','LM24','C24'),
('E15','M6','SM3','LM2','C2'),
('E439','M214','SM107','LM74','C74'),
('E445','M217','SM109','LM75','C75'),
('E16','M6','SM3','LM2','C2'),
('E119','M57','SM29','LM21','C21'),
('E278','M133','SM64','LM45','C45'),
('E124','M59','SM30','LM22','C22'),
('E160','M75','SM38','LM29','C29'),
('E137','M65','SM33','LM25','C25'),
('E42','M16','SM11','LM8','C8'),
('E37','M14','SM9','LM6','C6'),
('E393','M191','SM95','LM66','C66'),
('E423','M206','SM103','LM71','C71'),
('E475','M230','SM115','LM78','C78'),
('E43','M17','SM12','LM9','C9');

CREATE TABLE employee2(
id INT,
name VARCHAR(50),
SALARY INT);

INSERT INTO employee2 VALUES
(1,'Ashley',2340),
(2,'Julia',1198),
(3,'Britney',9009),
(4,'Kristeen',2341),
(5,'Dyana',9990),
(6,'Diana',8011),
(7,'Jenny',2341),
(8,'Christeen',2342),
(9,'Meera',2343),
(10,'Priya',2344),
(11,'Priyanka',2345),
(12,'Paige',2346),
(13,'Jane',2347),
(14,'Belvet',2348),
(15,'Scarlet',2349),
(16,'Salma',9087),
(17,'Amanda',7777),
(18,'Aamina',5500),
(19,'Amina',2570),
(20,'Ketty',2007);


CREATE TABLE city1
(
	id INT NOT NULL,
	name VARCHAR(50),
	countrycode VARCHAR(3),
	district VARCHAR(50),
	population int
);


INSERT INTO city1 VALUES
(4,'Mazar-e-Sharif','AFG','Balkh',127800),
(11,'Groningen','NLD','Groningen',172701),
(80,'Merlo','ARG','Buenos Aires',463846),
(89,'San Isidro','ARG','Buenos Aires',306341),
(91,'Malvinas Argentinas','ARG','Buenos Aires',290335),
(124,'San Rafael','ARG','Mendoza',94651),
(128,'Vanadzor','ARM','Lori',172700),
(141,'Geelong','AUS','Victoria',125382),
(142,'Townsville','AUS','Queensland',109914),
(143,'Cairns','AUS','Queensland',92273),
(146,'Sumqayit','AZE','Sumqayit',283000),
(150,'Dhaka','BGD','Dhaka',3612850),
(151,'Chittagong','BGD','Chittagong',1392860),
(162,'Dinajpur','BGD','Rajshahi',127815),
(166,'Tangail','BGD','Dhaka',106004),
(168,'Pabna','BGD','Rajshahi',103277),
(304,'Petrolina','BRA','Pernambuco',210540),
(321,'Rio Grande','BRA','Rio Grande do Sul',182222),
(379,'Palmas','BRA','Tocantins',121919),
(431,'Angra dos Reis','BRA','Rio de Janeiro',96864),
(473,'Stoke-on-Trent','GBR','England',252000),
(478,'Aberdeen','GBR','Scotland',213070),
(479,'Northampton','GBR','England',196000),
(484,'Luton','GBR','England',183000),
(510,'Slough','GBR','England',112000),
(521,'Colchester','GBR','England',96063),
(526,'Birkenhead','GBR','England',93087),
(532,'Maidstone','GBR','England',90878),
(540,'Plovdiv','BGR','Plovdiv',342584),
(575,'Punta Arenas','CHL','Magallanes',125631),
(628,'Qina','EGY','Qina',171275),
(633,'Warraq al-Arab','EGY','Giza',127108),
(657,'Zaragoza','ESP','Aragonia',603367),
(665,'Vigo','ESP','Galicia',283670),
(673,'Badalona','ESP','Katalonia',209635),
(686,'Terrassa','ESP','Katalonia',168695),
(720,'Kempton Park','ZAF','Gauteng',442633),
(721,'Alberton','ZAF','Gauteng',410102),
(732,'Klerksdorp','ZAF','North West',261911),
(738,'Uitenhage','ZAF','Eastern Cape',192120),
(743,'Brakpan','ZAF','Gauteng',171363),
(784,'Iloilo','PHL','Western Visayas',365820),
(789,'Iligan','PHL','Central Mindanao',285061),
(805,'San Pablo','PHL','Southern Tagalog',207927),
(811,'Binangonan','PHL','Southern Tagalog',187691),
(820,'Legazpi','PHL','Bicol',157010),
(858,'Hagonoy','PHL','Central Luzon',111425),
(865,'San Jose','PHL','Central Luzon',108254),
(886,'Bislig','PHL','Caraga',97860),
(887,'Talavera','PHL','Central Luzon',97329),
(892,'Capas','PHL','Central Luzon',95219),
(902,'Libreville','GAB','Estuaire',419000),
(906,'Kutaisi','GEO','Imereti',240900),
(909,'Sohumi','GEO','Abhasia [Aphazeti]',111700),
(931,'Delmas','HTI','Ouest',240429),
(939,'Jakarta','IDN','Jakarta Raya',9604900),
(941,'Bandung','IDN','West Java',2429000),
(967,'Ciputat','IDN','West Java',270800),
(981,'Karawang','IDN','West Java',145000),
(997,'Cianjur','IDN','West Java',114300),
(1002,'Citeureup','IDN','West Java',105100),
(1004,'Klaten','IDN','Central Java',103300),
(1021,'Sawangan','IDN','West Java',91100),
(1032,'Nagpur','IND','Maharashtra',1624752),
(1045,'Patna','IND','Bihar',917243),
(1046,'Srinagar','IND','Jammu and Kashmir',892506),
(1060,'Hubli-Dharwad','IND','Karnataka',648298),
(1063,'Bareilly','IND','Uttar Pradesh',587211),
(1092,'Bhilai','IND','Chhatisgarh',386159),
(1099,'Jamnagar','IND','Gujarat',341637),
(1119,'Davangere','IND','Karnataka',266082),
(1122,'Bellary','IND','Karnataka',245391),
(1126,'Muzaffarpur','IND','Bihar',241107),
(1163,'Bally','IND','West Bengali',184474),
(1164,'Bhilwara','IND','Rajasthan',183965),
(1195,'Arrah (Ara)','IND','Bihar',157082),
(1201,'Cuddalore','IND','Tamil Nadu',153086),
(1203,'Dhanbad','IND','Jharkhand',151789);

CREATE TABLE country
(
	code VARCHAR(3),
	name VARCHAR(50),
    continent VARCHAR(13),
    region VARCHAR(25),
    SurfaceArea NUMERIC,
    IndepYear VARCHAR(5),
    population NUMERIC,
    LifeExpectancy VARCHAR(4),
    GNP NUMERIC,
    GNPOLD VARCHAR(9),
    LocalName VARCHAR(50),
    GovernmentForm VARCHAR(44),
    HeadOfState VARCHAR(32),
	capital VARCHAR(4),
	code2 VARCHAR(2)
);

INSERT INTO country VALUES
('ABW','Aruba','North America','Caribbean',193,NULL,103000,'78.4',828,'793.0','Aruba','Nonmetropolitan Territory of The Netherlands','Beatrix','129','AW'),
('AFG','Afghanistan','Asia','Southern and Central Asia',652090,'1919',22720000,'45.9',5976,NULL,'Afganistan/Afqanestan','Islamic Emirate','Mohammad Omar',1,'AF'),
('AIA','Anguilla','North America','Caribbean',96,NULL,8000,'76.1',63,NULL,'Anguilla','Dependent Territory of the UK','Elisabeth II','62','AI'),
('AND','Andorra','Europe','Southern Europe',468,'1278',78000,'83.5',1630,NULL,'Andorra','Parliamentary Coprincipality',NULL,'55','AD'),
('ANT','Netherlands Antilles','North America','Caribbean',800,NULL,217000,'74.7','1941',NULL,'Nederlandse Antillen','Nonmetropolitan Territory of The Netherlands','Beatrix','33','AN'),
('ASM','American Samoa','Oceania','Polynesia',199,NULL,68000,'75.1',334,NULL,'Amerika Samoa','US Territory','George W. Bush','54','AS'),
('ATG','Antigua and Barbuda','North America','Caribbean',442,'1981',68000,'70.5',612,'584.0','Antigua and Barbuda','Constitutional Monarchy','Elisabeth II','63','AG'),
('AUS','Australia','Oceania','Australia and New Zealand',7741220,'1901',18886000,'79.8',351182,'392911.0','Australia','Constitutional Monarchy, Federation','Elisabeth II','135','AU'),
('BDI','Burundi','Africa','Eastern Africa',27834,'1962',6695000,'46.2',903,'982.0','Burundi/Uburundi','Republic','Pierre Buyoya','552','BI'),
('BGD','Bangladesh','Asia','Southern and Central Asia',143998,'1971',129155000,'60.2',32852,'31966.0','Bangladesh','Republic','Shahabuddin Ahmad','150','BD'),
('BGR','Bulgaria','Europe','Eastern Europe',110994,'1908',8190900,'70.9',12178,'10169.0','Balgarija','Rep-- ublic','Petar Stojanov','539','BG'),
('BHR','Bahrain','Asia','Middle East',694,'1971',617000,'73.0',6366,'6097.0','Al-Bahrayn','Monarchy (Emirate)','Hamad ibn Isa al-Khalifa','149','BH'),
('BHS','Bahamas','North America','Caribbean',13878,'1973',307000,'71.1',3527,'3347.0','The Bahamas','Constitutional Monarchy','Elisabeth II','148','BS'),
('BIH','Bosnia and Herzegovina','Europe','Southern Europe',51197,'1992',3972000,'71.5',2841,NULL,'Bosna i Hercegovina','Federal Republic','Ante Jelavic','201','BA'),
('BLZ','Belize','North America','Central America',22696,'1981',241000,'70.9',630,'616.0','Belize','Constitutional Monarchy','Elisabeth II','185','BZ'),
('BMU','Bermuda','North America','North America',53,NULL,65000,'76.9',2328,'2190.0','Bermuda','Dependent Territory of the UK','Elisabeth II','191','BM'),
('BRA','Brazil','South America','South America',8547403,'1822',170115000,'62.9',776739,'804108.0','Brasil','Federal Republic','Fernando Henrique Cardoso','211','BR'),
('BRB','Barbados','North America','Caribbean',430,'1966',270000,'73.0',2223,'2186.0','Barbados','Constitutional Monarchy','Elisabeth II','174','BB'),
('BRN','Brunei','Asia','Southeast Asia',5765,'1984',328000,'73.6',11705,'12460.0','Brunei Darussalam','Monarchy (Sultanate)','Haji Hassan al-Bolkiah','538','BN'),
('BTN','Bhutan','Asia','Southern and Central Asia',47000,'1910',2124000,'52.4',372,383.0,'Druk-Yul','Monarchy','Jigme Singye Wangchuk','192','BT'),
('BWA','Botswana','Africa','Southern Africa',581730,'1966',1622000,'39.3',4834,'4935.0','Botswana','Republic','Festus G. Mogae','204','BW'),
('CAN','Canada','North America','North America',9970610,'1867',31147000,'79.4',598862,'625626.0','Canada','Constitutional Monarchy Federation','Elisabeth II','1822','CA'),
('CCK','Cocos (Keeling) Islands','Oceania','Australia and New Zealand',14,NULL,600,NULL,0,NULL,'Cocos (Keeling) Islands','Territory of Australia','Elisabeth II','2317','CC'),
('CHE','Switzerland','Europe','Western Europe',41284,'1499',7160400,'79.6',264478,'256092.0','Schweiz/Suisse/Svizzera/Svizra','Federation','Adolf Ogi','3248','CH'),
('CHL','Chile','South America','South America',756626,'1810',15211000,'75.7',72949,'75780.0','Chile','Republic','Ricardo Lagos Escobar','554','CL'),
('CMR','Cameroon','Africa','Central Africa',475442,'1960',15085000,'54.8',9174,'8596.0','Cameroun/Cameroon','Republic','Paul Biya','1804','CM'),
('COG','Congo','Africa','Central Africa',342000,'1960',2943000,'47.4',2108,'2287.0','Congo','Republic','Denis Sassou-Nguesso','2296','CG'),
('COK','Cook Islands','Oceania','Polynesia',236,NULL,20000,'71.1',100,NULL,'The Cook Islands','Nonmetropolitan Territory of New Zealand','Elisabeth II','583','CK'),
('COM','Comoros','Africa','Eastern Africa',1862,'1975',578000,'60.0',4401,'4361.0','Komori/Comores','Republic','Azali Assoumani','2295','KM'),
('CUB','Cuba','North America','Caribbean',110861,'1902',11201000,'76.2',17843,'18862.0','Cuba','Socialistic Republic','Fidel Castro Ruz','2413','CU'),
('CXR','Christmas Island','Oceania','Australia and New Zealand',135,NULL,2500,NULL,0,NULL,'Christmas Island','Territory of Australia','Elisabeth II','1791','CX'),
('CYM','Cayman Islands','North America','Caribbean',264,NULL,38000,'78.9',1263,'1186.0','Cayman Islands','Dependent Territory of the UK','Elisabeth II','553','KY'),
('DEU','Germany','Europe','Western Europe',357022,'1955',82164700,'77.4',2133367,'2102826.0','Deutschland','Federal Republic','Johannes Rau','3068','DE'),
('DJI','Djibouti','Africa','Eastern Africa',23200,'1977',638000,'50.8',382,'373.0','Djibouti/Jibuti','Republic','Ismail Omar Guelleh','585','DJ'),
('DMA','Dominica','North America','Caribbean',751,'1978',71000,'73.4',256,'243.0','Dominica','Republic','Vernon Shaw','586','DM'),
('DNK','Denmark','Europe','Nordic Countries',43094,'800',5330000,'76.5',174099,'169264.0','Danmark','Constitutional Monarchy','Margrethe II','3315','DK'),
('ECU','Ecuador','South America','South America',283561,'1822',12646000,'71.1',19770,'19769.0','Ecuador','Republic','Gustavo Noboa Bejarano','594','EC'),
('EGY','Egypt','Africa','Northern Africa',1001449,'1922',68470000,'63.3',82710,'75617.0','Misr','Republic','Hosni Mubarak','608','EG'),
('ERI','Eritrea','Africa','Eastern Africa',117600,'1993',3850000,'55.8',650,'755.0','Ertra','Republic','Isayas Afewerki [Isaias Afwerki]','652','ER'),
('ESH','Western Sahara','Africa','Northern Africa',266000,NULL,293000,'49.8',60,NULL,'As-Sahrawiya','Occupied by Marocco','Mohammed Abdel Aziz','2453','EH'),
('EST','Estonia','Europe','Baltic Countries',45227,'1991',1439200,'69.5',5328,3371.0,'Eesti','Republic','Lennart Meri','3791','EE'),
('FIN','Finland','Europe','Nordic Countries',338145,'1917',5171300,'77.4',121914,'119833.0','Suomi','Republic','Tarja Halonen','3236','FI'),
('FJI','Fiji Islands','Oceania','Melanesia',18274,'1970',817000,'67.9',1536,'2149.0','Fiji Islands','Republic','Josefa Iloilo','764','FJ'),
('FLK','Falkland Islands','South America','South America',12173,NULL,'2000',NULL,0,NULL,'Falkland Islands','Dependent Territory of the UK','Elisabeth II','763','FK'),
('FRA','France','Europe','Western Europe',551500,'843',59225700,'78.8',1424285,'1392448.0','France','Republic','Jacques Chirac','2974','FR'),
('FSM','Micronesia','Oceania','Micronesia',702,'1990',119000,'68.6',212,NULL,'Micronesia','Federal Republic','Leo A. Falcam','2689','FM'),
('GAB','Gabon','Africa','Central Africa',267668,'1960',1226000,'50.1',5493,'5279.0','Le Gabon','Republic','Omar Bongo','902','GA'),
('GBR','United Kingdom','Europe','British Islands',242900,'1066',59623400,'77.7',1378330,'1296830.0','United Kingdom','Constitutional Monarchy','Elisabeth II','456','GB'),
('GHA','Ghana','Africa','Western Africa',238533,'1957',20212000,'57.4',7137,'6884.0','Ghana','Republic','John Kufuor','910','GH'),
('GIB','Gibraltar','Europe','Southern Europe',6,NULL,25000,'79.0',258,NULL,'Gibraltar','Dependent Territory of the UK','Elisabeth II','915','GI'),
('GLP','Guadeloupe','North America','Caribbean',1705,NULL,456000,'77.0',3501,NULL,'Guadeloupe','Overseas Department of France','Jacques Chirac','919','GP'),
('GMB','Gambia','Africa','Western Africa',11295,'1965',1305000,'53.2',320,'325.0','The Gambia','Republic','Yahya Jammeh','904','GM'),
('GNQ','Equatorial Guinea','Africa','Central Africa',28051,'1968',453000,'53.6',283,'542.0','Guinea Ecuatorial','Republic','Teodoro Obiang Nguema Mbasogo','2972','GQ'),
('GRD','Grenada','North America','Caribbean',344,1974,94000,'64.5',318,NULL,'Grenada','Constitutional Monarchy','Elisabeth II','916','GD'),
('GTM','Guatemala','North America','Central America',108889,'1821',11385000,'66.2',19008,'17797.0','Guatemala','Republic','Alfonso Portillo Cabrera','922','GT'),
('GUM','Guam','Oceania','Micronesia',549,NULL,168000,'77.8',1197,'1136.0','Guam','US Territory','George W. Bush','921','GU'),
('GUY','Guyana','South America','South America',214969,'1966',861000,'64.0',722,'743.0','Guyana','Republic','Bharrat Jagdeo','928','GY'),
('HKG','Hong Kong','Asia','Eastern Asia',1075,NULL,6782000,'79.5',166448,'173610.0','Xianggang/Hong Kong','Special Administrative Region of China','Jiang Zemin','937','HK'),
('HMD','Heard Island and McDonald Islands','Antarctica','Antarctica',359,NULL,0,NULL,0,NULL,'Heard and McDonald Islands',' Territory of Australia','Elisabeth II','NULL','HM'),
('IDN','Indonesia','Asia','Southeast Asia',1904569,'1945',212107000,'68.0',84982,'215002.0','Indonesia','Republic','Abdurrahman Wahid','939','ID'),
('IND','India','Asia','Southern and Central Asia',3287263,'1947',1013662000,'62.5',447114,'430572.0','Bharat/India','Federal Republic','Kocheril Raman Narayanan','1109','IN'),
('IOT','British Indian Ocean Territory','Africa','Eastern Africa',78,NULL,0,NULL,0,NULL,'British Indian Ocean Territory','Dependent Territory of the UK','Elisabeth II',NULL,'IO'),
('IRN','Iran','Asia','Southern and Central Asia',1648195,'1906',67702000,'69.7',195746,'160151.0','Iran','Islamic Republic','Ali Mohammad Khatami-Ardakani','1380','IR'),
('ITA','Italy','Europe','Southern Europe',301316,'1861',57680000,'79.0',1161755,'1145372.0','Italia','Republic','Carlo Azeglio Ciampi','1464','IT'),
('JAM','Jamaica','North America','Caribbean',10990,'1962',2583000,'75.2',6871,'6722.0','Jamaica','Constitutional Monarchy','Elisabeth II','1530','JM'),
('JOR','Jordan','Asia','Middle East',88946,'1946',5083000,'77.4',7526,'7051.0','Al-Urdunn','Constitutional Monarchy','Abdullah II','1786','JO'),
('JPN','Japan','Asia','Eastern Asia',377829,'-660',126714000,'80.7',3787042,'4192638.0','Nihon/Nippon','Constitutional Monarchy','Akihito','1532','JP'),
('KAZ','Kazakstan','Asia','Southern and Central Asia',2724900,'1991',16223000,'63.2',24375,'23383.0','Qazaqstan','Republic','Nursultan Nazarbajev','1864','KZ'),
('KEN','Kenya','Africa','Eastern Africa',580367,'1963',30080000,'48.0',9217,'10241.0','Kenya','Republic','Daniel arap Moi','1881','KE'),
('KGZ','Kyrgyzstan','Asia','Southern and Central Asia',199900,'1991',4699000,'63.4',1626,'1767.0','Kyrgyzstan','Republic','Askar Akajev','2253','KG'),
('KIR','Kiribati','Oceania','Micronesia',726,'1979',83000,'59.8',41,NULL,'Kiribati','Republic','Teburoro Tito','2256','KI'),
('KNA','Saint Kitts and Nevis','North America','Caribbean',261,'1983',38000,'70.7',299,NULL,'Saint Kitts and Nevis','Constitutional Monarchy','Elisabeth II','3064','KN'),
('KWT','Kuwait','Asia','Middle East',17818,'1961',1972000,'76.1',27037,'30373.0','Al-Kuwayt','Constitutional Monarchy (Emirate)','Jabir al-Ahmad al-Jabir al-Sabah','2429','KW'),
('LAO','Laos','Asia','Southeast Asia',236800,'1953',5433000,'53.1',1292,'1746.0','Lao','Republic','Khamtay Siphandone','2432','LA'),
('LBR','Liberia','Africa','Western Africa',111369,'1847',3154000,'51.0',2012,NULL,'Liberia','Republic','Charles Taylor','2440','LR'),
('LBY','Libyan Arab Jamahiriya','Africa','Northern Africa',1759540,'1951',5605000,'75.5',44806,'40562.0','Libiya','Socialistic State','Muammar al-Qadhafi','2441','LY'),
('LCA','Saint Lucia','North America','Caribbean',622,'1979',154000,'72.3',571,NULL,'Saint Lucia','Constitutional Monarchy','Elisabeth II','3065','LC'),
('LIE','Liechtenstein','Europe','Western Europe',160,'1806',32300,'78.8',1119,'1084.0','Liechtenstein','Constitutional Monarchy','Hans-Adam II','2446','LI'),
('LKA','Sri Lanka','Asia','Southern and Central Asia',65610,'1948',18827000,'71.8',15706,'15091.0','Sri Lanka/Ilankai','Republic','Chandrika Kumaratunga','3217','LK'),
('LSO','Lesotho','Africa','Southern Africa',30355,'1966',2153000,'50.8',1061,'1161.0','Lesotho','Constitutional Monarchy','Letsie III','2437','LS'),
('LTU','Lithuania','Europe','Baltic Countries',65301,'1991',3698500,'69.1',10692,'9585.0','Lietuva','Republic','Valdas Adamkus','2447','LT'),
('LVA','Latvia','Europe','Baltic Countries',64589,'1991',2424200,'68.4',6398,'5639.0','Latvija','Republic','Vaira Vike-Freiberga','2434','LV'),
('MAC','Macao','Asia','Eastern Asia',18,NULL,473000,'81.6',5749,'5940.0','Macau/Aomen','Special Administrative Region of China','Jiang Zemin','2454','MO'),
('MAR','Morocco','Africa','Northern Africa',446550,'1956',28351000,'69.1',36124,'33514.0','Al-Maghrib','Constitutional Monarchy','Mohammed VI','2486','MA'),
('MCO','Monaco','Europe','Western Europe',2,'1861',34000,'78.8',776,NULL,'Monaco','Constitutional Monarchy','Rainier III','2695','MC'),
('MDA','Moldova','Europe','Eastern Europe',33851,'1991',4380000,'64.5',1579,'1872.0','Moldova','Republic','Vladimir Voronin','2690','MD'),
('MDG','Madagascar','Africa','Eastern Africa',587041,'1960',15942000,'55.0',3750,'3545.0','Madagasikara/Madagascar','Federal Republic','Didier Ratsiraka','2455','MG'),
('MDV','Maldives','Asia','Southern and Central Asia',298,'1965',286000,'62.2',199,NULL,'Dhivehi Raajje/Maldives','Republic','Maumoon Abdul Gayoom','2463','MV'),
('MHL','Marshall Islands','Oceania','Micronesia',181,'1990',64000,'65.5',97,NULL,'Marshall Islands/Majol','Republic','Kessai Note','2507','MH'),
('MKD','Macedonia','Europe','Southern Europe',25713,'1991',2024000,'73.8',1694,'1915.0','Makedonija','Republic','Boris Trajkovski','2460','MK'),
('MLT','Malta','Europe','Southern Europe',316,'1964',380200,'77.9',3512,'3338.0','Malta','Republic','Guido de Marco','2484','MT'),
('MMR','Myanmar','Asia','Southeast Asia',676578,'1948',45611000,'54.9',180375,'171028.0','Myanma Pye','Republic','kenraali Than Shwe','2710','MM'),
('MNG','Mongolia','Asia','Eastern Asia',1566500,'1921',2662000,'67.3',1043,'933.0','Mongol Uls','Republic','Natsagiin Bagabandi','2696','MN'),
('MNP','Northern Mariana Islands','Oceania','Micronesia',464,NULL,78000,'75.5',0,NULL,'Northern Mariana Islands','Commonwealth of the US','George W. Bush','2913','MP'),
('MSR','Montserrat','North America','Caribbean',102,NULL,11000,'78.0',109,NULL,'Montserrat','Dependent Territory of the UK','Elisabeth II','2697','MS'),
('MTQ','Martinique','North America','Caribbean',1102,NULL,395000,'78.3',2731,'2559.0','Martinique Overseas','Department of France','Jacques Chirac','2508','MQ'),
('MUS','Mauritius','Africa','Eastern Africa',2040,'1968',1158000,'71.0',4251,'4186.0','Mauritius','Republic','Cassam Uteem','2511','MU'),
('MWI','Malawi','Africa','Eastern Africa',118484,'1964',10925000,'37.6',1687,'2527.0','Malawi','Republic','Bakili Muluzi','2462','MW'),
('MYS','Malaysia','Asia','Southeast Asia',329758,'1957',22244000,'70.8',69213,'97884.0','Malaysia','Constitutional Monarchy Federation','Salahuddin Abdul Aziz Shah Alhaj','2464','MY'),
('MYT','Mayotte','Africa','Eastern Africa',373,NULL,149000,'59.5',0,NULL,'Mayotte','Territorial Collectivity of France','Jacques Chirac','2514','YT'),
('NAM','Namibia','Africa','Southern Africa',824292,'1990',1726000,'42.5',3101,'3384.0','Namibia','Republic','Sam Nujoma','2726','NA'),
('NER','Niger','Africa','Western Africa',1267000,'1960',10730000,'41.3',1706,'1580.0','Niger','Republic','Mamadou Tandja','2738','NE'),
('NFK','Norfolk Island','Oceania','Australia and New Zealand',36,NULL,2000,NULL,0,NULL,'Norfolk Island','Territory of Australia','Elisabeth II','2806','NF'),
('NGA','Nigeria','Africa','Western Africa',923768,'1960',111506000,'51.6',65707,'58623.0','Nigeria','Federal Republic','Olusegun Obasanjo','2754','NG'),
('NIU','Niue','Oceania','Polynesia',260,NULL,2000,NULL,0,NULL,'Niue','Nonmetropolitan Territory of New Zealand','Elisabeth II','2805','NU'),
('NLD','Netherlands','Europe','Western Europe',41526,'1581',15864000,'78.3',371362,'360478.0','Nederland','Constitutional Monarchy','Beatrix','5','NL'),
('NOR','Norway','Europe','Nordic Countries',323877,'1905',4478500,'78.7',145895,'153370.0','Norge','Constitutional Monarchy','Harald V','2807','NO'),
('NPL','Nepal','Asia','Southern and Central Asia',147181,'1769','23930000','57.8',4768,'4837.0','Nepal','Constitutional Monarchy','Gyanendra Bir Bikram','2729','NP'),
('NRU','Nauru','Oceania','Micronesia',21,'1968',12000,'60.8',197,NULL,'Naoero/Nauru','Republic','Bernard Dowiyogo','2728','NR'),
('NZL','New Zealand','Oceania','Australia and New Zealand',270534,'1907',3862000,'77.8',54669,'64960.0','New Zealand/Aotearoa','Constitutional Monarchy','Elisabeth II','3499','NZ'),
('PAK','Pakistan','Asia','Southern and Central Asia',796095,'1947',156483000,'61.1',61289,'58549.0','Pakistan','Republic','Mohammad Rafiq Tarar','2831','PK'),
('PCN','Pitcairn','Oceania','Polynesia',49,NULL,50,NULL,0,NULL,'Pitcairn','Dependent Territory of the UK','Elisabeth II','2912','PN'),
('PHL','Philippines','Asia','Southeast Asia',300000,'1946',75967000,'67.5',65107,'82239.0','Pilipinas','Republic','Gloria Macapagal-Arroyo','766','PH'),
('PLW','Palau','Oceania','Micronesia',459,'1994',19000,'68.6',105,NULL,'Belau/Palau','Republic','Kuniwo Nakamura','2881','PW'),
('PNG','Papua New Guinea','Oceania','Melanesia',462840,'1975',4807000,'63.1',4988,'6328.0','Papua New Guinea/Papua Niugini','Constitutional Monarchy','Elisabeth II','2884','PG'),
('POL','Poland','Europe','Eastern Europe',323250,'1918',38653600,'73.2',151697,'135636.0','Polska',' Republic','Aleksander Kwasniewski','2928','PL'),
('PRI','Puerto Rico','North America','Caribbean',8875,NULL,3869000,'75.6',34100,'32100.0','Puerto Rico','Commonwealth of the US','George W. Bush','2919','PR'),
('PSE','Palestine','Asia','Middle East',6257,NULL,3101000,'71.4',4173,NULL,'Filastin','Autonomous Area','Yasser (Yasir) Arafat','4074','PS'),
('QAT','Qatar','Asia','Middle East',11000,'1971',599000,'72.4',9472,'8920.0','Qatar','Monarchy','Hamad ibn Khalifa al-Thani','2973','QA'),
('RUS','Russian Federation','Europe','Eastern Europe',17075400,'1991',146934000,'67.2',276608,'442989.0','Rossija','Federal Republic','Vladimir Putin','3580','RU'),
('RWA','Rwanda','Africa','Eastern Africa',26338,'1962',7733000,'39.3',2036,'1863.0','Rwanda/Urwanda','Republic','Paul Kagame','3047','RW'),
('SDN','Sudan','Africa','Northern Africa',2505813,'1956',29490000,'56.6',10162,NULL,'As-Sudan','Islamic Republic','Omar Hassan Ahmad al-Bashir','3225','SD'),
('SGP','Singapore','Asia','Southeast Asia',618,'1965',3567000,'80.1',86503,'96318.0','Singapore/Singapura/Xinjiapo/Singapur','Republic','Sellapan Rama Nathan','3208','SG'),
('SGS','South Georgia and the South Sandwich Islands','Antarctica','Antarctica',3903,NULL,0,NULL,0,NULL,'South Georgia and the South Sandwich Islands','Dependent Territory of the UK','Elisabeth II','NULL','GS'),
('SHN','Saint Helena','Africa','Western Africa',314,NULL,6000,'76.8',0,NULL,'Saint Helena','Dependent Territory of the UK','Elisabeth II','3063','SH'),
('SJM','Svalbard and Jan Mayen','Europe','Nordic Countries',62422,NULL,3200,NULL,0,NULL,'Svalbard og Jan Mayen','Dependent Territory of Norway','Harald V','938','SJ'),
('SLB','Solomon Islands','Oceania','Melanesia',28896,'1978',444000,'71.3',182,220.0,'Solomon Islands','Constitutional Monarchy','Elisabeth II','3161','SB'),
('SLE','Sierra Leone','Africa','Western Africa',71740,'1961',4854000,'45.3',746,'858.0','Sierra Leone','Republic','Ahmed Tejan Kabbah','3207','SL'),
('SMR','San Marino','Europe','Southern Europe',61,'1885',27000,'81.1',510,NULL,'San Marino','Republic','NULL','3171','SM'),
('SOM','Somalia','Africa','Eastern Africa',637657,'1960',10097000,'46.2',935,NULL,'Soomaaliya','Republic','Abdiqassim Salad Hassan','3214','SO'),
('SPM','Saint Pierre and Miquelon','North America','North America',242,NULL,7000,'77.6',0,NULL,'Saint-Pierre-et-Miquelon','Territorial Collectivity of France','Jacques Chirac','3067','PM'),
('SUR','Suriname','South America','South America','163265','1975',417000,'71.4',870,'706.0','Suriname','Republic','Ronald Venetiaan','3243','SR'),
('SVK','Slovakia','Europe','Eastern Europe',49012,'1993',5398700,'73.7',20594,'19452.0','Slovensko','Republic','Rudolf Schuster','3209','SK'),
('SVN','Slovenia','Europe','Southern Europe',20256,'1991',1987800,'74.9',19756,'18202.0','Slovenija','Republic','Milan Kucan','3212','SI'),
('SWE','Sweden','Europe','Nordic Countries',449964,'836',8861400,'79.6',226492,'227757.0','Sverige','Constitutional Monarchy','Carl XVI Gustaf','3048','SE'),
('SWZ','Swaziland','Africa','Southern Africa',17364,'1968',1008000,'40.4',1206,'1312.0','kaNgwane','Monarchy','Mswati III','3244','SZ'),
('SYR','Syria','Asia','Middle East',185180,'1941',16125000,'68.5',65984,'64926.0','Suriya','Republic','Bashar al-Assad','3250','SY'),
('TCA','Turks and Caicos Islands','North America','Caribbean',430,NULL,17000,'73.3',96,NULL,'The Turks and Caicos Islands','Dependent Territory of the UK','Elisabeth II','3423','TC'),
('THA','Thailand','Asia','Southeast Asia',513115,'1350',61399000,'68.6',116416,'153907.0','Prathet Thai','Constitutional Monarchy','Bhumibol Adulyadej','3320','TH'),
('TKL','Tokelau','Oceania','Polynesia',12,NULL,'2000',NULL,0,NULL,'Tokelau','Nonmetropolitan Territory of New Zealand','Elisabeth II','3333','TK'),
('TTO','Trinidad and Tobago','North America','Caribbean',5130,'1962',1295000,'68.0',6232,'5867.0','Trinidad and Tobago','Republic','Arthur N. R. Robinson','3336','TT'),
('TUN','Tunisia','Africa','Northern Africa',163610,'1956',9586000,'73.7',20026,'18898.0','Tunis/Tunisie','Republic','Zine al-Abidine Ben Ali','3349','TN'),
('TUV','Tuvalu','Oceania','Polynesia',26,'1978',12000,'66.3',6,NULL,'Tuvalu','Constitutional Monarchy','Elisabeth II','3424','TV'),
('TZA','Tanzania','Africa','Eastern Africa',883749,'1961',33517000,'52.3',8005,'7388.0','Tanzania','Republic','Benjamin William Mkapa','3306','TZ'),
('UGA','Uganda','Africa','Eastern Africa',241038,'1962',21778000,'42.9',6313,'6887.0','Uganda','Republic','Yoweri Museveni','3425','UG'),
('UMI','United States Minor Outlying Islands','Oceania','Micronesia/Caribbean',16,NULL,0,NULL,0,NULL,'United States Minor Outlying Islands','Dependent Territory of the US','George W. Bush',NULL,'UM'),
('USA','United States','North America','North America',9363520,'1776',278357000,'77.1',8510700,'8110900.0','United States','Federal Republic','George W. Bush','3813','US'),
('UZB','Uzbekistan','Asia','Southern and Central Asia',447400,'1991',24318000,'63.7',14194,'21300.0','Uzbekiston','Republic Islam','Karimov','3503','UZ'),
('VCT','Saint Vincent and the Grenadines','North America','Caribbean',388,'1979',114000,'72.3',285,NULL,'Saint Vincent and the Grenadines','Constitutional Monarchy','Elisabeth II','3066','VC'),
('VGB','Virgin Islands British','North America','Caribbean',151,NULL,21000,'75.4',612,'573.0','British Virgin Islands','Dependent Territory of the UK','Elisabeth II','537','VG'),
('VIR','Virgin Islands, U.S.','North America','Caribbean',347,NULL,93000,'78.1',0,NULL,'Virgin Islands of the United States','US Territory','George W. Bush','4067','VI'),
('VUT','Vanuatu','Oceania','Melanesia',12189,'1980',190000,'60.6',261,'246.0','Vanuatu','Republic','John Bani','3537','VU'),
('WLF','Wallis and Futuna','Oceania','Polynesia',200,NULL,15000,NULL,0,NULL,'Wallis-et-Futuna','Nonmetropolitan Territory of France','Jacques Chirac','3536','WF'),
('WSM','Samoa','Oceania','Polynesia',2831,'1962',180000,'69.2',141,'157.0','Samoa','Parlementary Monarchy','Malietoa Tanumafili II','3169','WS'),
('YEM','Yemen','Asia','Middle East',527968,'1918',18112000,'59.8',6041,'5729.0','Al-Yaman','Republic','Ali Abdallah Salih','1780','YE'),
('ZAF','South Africa','Africa','Southern Africa',1221037,'1910',40377000,'51.1',116729,'129092.0','South Africa','Republic','Thabo Mbeki','716','ZA'),
('ZMB','Zambia','Africa','Eastern Africa',752618,'1964',9169000,'37.2',3377,'3922.0','Zambia','Republic','Frederick Chiluba','3162','ZM'),
('ZWE','Zimbabwe','Africa','Eastern Africa',390757,'1980',11669000,'37.8',5951,'8670.0','Zimbabwe','Republic','Robert G. Mugabe','4068','ZW');

CREATE TABLE hackers(
	hacker_id INT,
    name VARCHAR(50)
);
INSERT INTO hackers VALUES
(72,'Rose'),
(270,'Angela'),
(929,'Frank'),
(1194,'Patrick'),
(1434,'Lisa'),
(1842,'Kimberly'),
(2319,'Bonnie'),
(2729,'Michael'),
(2746,'Todd'),
(3395,'Joe'),
(3768,'Earl'),
(4509,'Robert'),
(5135,'Amy'),
(5275,'Pamela'),
(5611,'Maria'),
(5720,'Joe'),
(5828,'Linda'),
(7671,'Melissa'),
(8205,'Carol'),
(8285,'Paula'),
(8498,'Marilyn'),
(9761,'Jennifer'),
(10011,'Harry'),
(10084,'David'),
(10776,'Julia'),
(10857,'Kevin'),
(12539,'Paul'),
(13122,'James'),
(13380,'Kelly'),
(13391,'Robin'),
(13523,'Ralph'),
(13762,'Gloria'),
(13944,'Victor'),
(14246,'David'),
(14363,'Joyce'),
(14366,'Donna'),
(14372,'Michelle'),
(14658,'Stephanie'),
(14777,'Gerald'),
(14863,'Walter'),
(15719,'Christina'),
(16259,'Brandon'),
(17295,'Elizabeth'),
(17762,'Joseph'),
(18330,'Lawrence'),
(18690,'Marilyn'),
(18983,'Lori'),
(19076,'Matthew'),
(19448,'Jesse'),
(20504,'John'),
(20534,'Martha'),
(21212,'Timothy'),
(21463,'Christine'),
(22196,'Anthony'),
(23278,'Paula'),
(23678,'Kimberly'),
(24663,'Louise'),
(25184,'Martin'),
(25238,'Paul'),
(25732,'Antonio'),
(26133,'Jacqueline'),
(26243,'Diana'),
(26253,'John'),
(26289,'Dorothy'),
(26895,'Evelyn'),
(27232,'Phillip'),
(28250,'Evelyn'),
(28275,'Debra'),
(28299,'David'),
(28614,'Willie'),
(30128,'Brandon'),
(30721,'Ann'),
(30755,'Emily'),
(32121,'Dorothy'),
(32172,'Jonathan'),
(32254,'Dorothy'),
(34242,'Marilyn'),
(35583,'Norma'),
(36228,'Nancy'),
(36322,'Andrew'),
(37704,'Keith'),
(38852,'Benjamin'),
(39277,'Charles'),
(39771,'Alan'),
(39782,'Tammy'),
(40226,'Anna'),
(40257,'James'),
(41293,'Robin'),
(41319,'Jean'),
(42052,'Andrew'),
(43892,'Roy'),
(44188,'Diana'),
(45386,'Christina'),
(45785,'Jesse'),
(46205,'Joyce'),
(47641,'Patricia'),
(48984,'Gregory'),
(49307,'Brian'),
(49652,'Christine'),
(49789,'Lillian'),
(50081,'Aaron'),
(50274,'Dorothy'),
(50393,'Christopher'),
(51385,'Bobby'),
(51410,'Bobby'),
(51503,'Gerald'),
(51906,'Carol'),
(52184,'Jeremy'),
(52274,'Clarence'),
(52500,'Wayne'),
(53315,'Carolyn'),
(54055,'Margaret'),
(54300,'Andrew'),
(55007,'Albert'),
(55107,'Judy'),
(55635,'Arthur'),
(56050,'Cynthia'),
(57147,'Jerry'),
(57650,'Thomas'),
(57694,'Elizabeth'),
(57947,'Justin'),
(59326,'Albert'),
(59640,'James'),
(59853,'Stephen'),
(59907,'Alan'),
(60412,'Joshua'),
(60738,'Norma'),
(61506,'Mildred'),
(61647,'Melissa'),
(61703,'Paul'),
(61885,'Gerald'),
(62626,'Ronald'),
(62669,'Sandra'),
(62764,'Helen'),
(64383,'Larry'),
(64617,'Alan'),
(65817,'Paul'),
(65900,'Chris'),
(65903,'Steven'),
(66031,'Jennifer'),
(66414,'Bonnie'),
(67640,'Shirley'),
(68141,'Jeffrey'),
(68645,'Janet'),
(68709,'Albert'),
(68908,'Charles'),
(69871,'Kelly'),
(70325,'Bobby'),
(71121,'Elizabeth'),
(71525,'Keith'),
(72757,'Jose'),
(72944,'Ann'),
(73095,'Helen'),
(73193,'Jason'),
(73355,'Gerald'),
(73418,'Carlos'),
(73961,'Ryan'),
(74101,'Ashley'),
(74160,'Julia'),
(74413,'Harry'),
(74553,'Sean'),
(74558,'Julia'),
(74932,'Marilyn'),
(75773,'Cheryl'),
(75984,'Susan'),
(77119,'Judith'),
(77211,'Ruth'),
(79555,'Jane'),
(79803,'Sara'),
(80659,'Denise'),
(81751,'Jason'),
(81936,'Rose'),
(82542,'Susan'),
(82704,'Irene'),
(83194,'Jonathan'),
(84304,'Shawn'),
(84653,'Julia'),
(85039,'Linda'),
(85242,'Melissa'),
(87768,'Dennis'),
(89033,'Jeremy'),
(89507,'Patrick'),
(90106,'Jennifer'),
(90500,'Lillian'),
(90653,'Charles'),
(91104,'Philip'),
(91557,'Jimmy'),
(91744,'Doris'),
(92776,'Craig'),
(93514,'Walter'),
(95822,'Wayne'),
(96117,'Katherine'),
(96546,'Mark'),
(97708,'Barbara'),
(97990,'Mark'),
(98095,'Joe'),
(98128,'Maria'),
(99104,'John'),
(99113,'Brian'),
(99559,'Kimberly');

CREATE TABLE difficulty(
	difficulty_level INT,
    score INT
);
INSERT INTO difficulty VALUES
(1,20),
(2,30),
(3,40),
(4,60),
(5,80),
(6,100),
(7,120);

CREATE TABLE challenges(
	challenge_id INT,
    hacker_id INT,
    difficulty_level INT
);
INSERT INTO challenges VALUES
(4911,61647,3),
(11319,70325,2),
(13910,5275,7),
(19274,270,7),
(25419,49307,5),
(36420,46205,5),
(36911,80659,7),
(37472,97708,7),
(44764,14863,2),
(46441,87768,4),
(51898,5720,2),
(55235,59853,4),
(60691,10857,3),
(61757,8285,5),
(63530,39771,4),
(68233,65903,5),
(69855,48984,3),
(69886,90653,1),
(93294,59907,4),
(99326,18983,5);

CREATE TABLE submissions(
	submission_id INT,
    hacker_id INT,
    challenge_id INT,
    score INT
);
INSERT INTO submissions VALUES
(43954,40226,69855,40),
(89007,85039,44764,14),
(38171,32172,25419,80),
(95655,95822,63530,47),
(67667,61885,55235,16),
(608,72,93294,0),
(48950,47641,51898,30),
(14835,13762,44764,30),
(5719,3768,44764,20),
(79124,74101,19274,27),
(9608,9761,51898,80),
(66937,61703,44764,14),
(70395,65817,99326,72),
(1602,929,63530,0),
(38474,32172,51898,30),
(88883,84653,69886,1),
(94969,92776,55235,57),
(39613,35583,11319,30),
(60498,57147,55235,10),
(66873,61703,36420,24),
(61607,57694,51898,5),
(16169,14246,55235,60),
(61307,57650,63530,31),
(82072,74932,69855,37),
(54331,51503,36911,47),
(31874,26253,69855,40),
(82971,75773,99326,49),
(93663,91557,93294,27),
(25663,20504,37472,120),
(73458,68141,93294,49),
(56056,52274,11319,25),
(20487,15719,61757,80),
(62359,57947,55235,12),
(2076,1194,63530,0),
(19500,14863,44764,30),
(62522,57947,68233,9),
(49656,49307,11319,30),
(21884,17295,37472,120),
(95417,93514,44764,21),
(63442,59640,60691,11),
(86241,81751,25419,48),
(47952,45785,37472,120),
(25400,19448,51898,30),
(57696,54300,13910,13),
(84812,79555,63530,2),
(56234,52274,46441,37),
(84017,77211,11319,5),
(32019,26253,99326,80),
(25465,19448,68233,80),
(89263,85242,4911,7),
(601,72,63530,0),
(13515,13391,51898,30),
(72955,68141,44764,19),
(5502,3395,93294,20),
(82171,74932,93294,43),
(74575,68908,44764,16),
(55925,52184,61757,3),
(77253,72757,69855,35),
(19909,15719,36420,80),
(35652,28614,37472,120),
(45409,41293,55235,60),
(64338,59853,61757,69),
(89302,85242,19274,106),
(47714,45386,69886,20),
(72978,68141,55235,19),
(12556,13122,11319,30),
(78583,73355,68233,59),
(26429,21212,44764,30),
(10316,10084,19274,80),
(27984,23278,36420,80),
(33064,27232,36420,80),
(86312,81751,37472,105),
(92077,90500,19274,13),
(9444,9761,19274,80),
(84608,79555,11319,5),
(72900,68141,36420,15),
(70667,65900,69886,14),
(67728,61885,93294,4),
(43463,39782,69886,20),
(11844,10857,51898,30),
(186,72,4911,0),
(10632,10084,60691,60),
(69536,64617,11319,7),
(10498,10084,44764,120),
(90071,89033,13910,9),
(30953,26133,68233,80),
(43302,39782,61757,80),
(44334,40257,63530,60),
(93599,91557,68233,74),
(19504,14863,46441,60),
(69411,64383,99326,23),
(25484,19448,69886,20),
(93540,91557,51898,1),
(47771,45386,93294,60),
(74667,69871,11319,13),
(36331,30128,44764,30),
(60910,57147,99326,29),
(1910,1194,60691,0),
(89762,87768,36420,14),
(75483,70325,55235,36),
(13310,13380,93294,60),
(9711,9761,93294,80),
(59007,55107,36420,35),
(6302,4509,51898,100),
(28237,23678,13910,120),
(20721,15719,69886,20),
(22218,17762,36911,120),
(92561,90653,46441,51),
(81716,74932,44764,27),
(68444,62669,46441,17),
(64784,59907,37472,62),
(49909,49307,61757,80),
(91862,90500,4911,35),
(74645,68908,51898,26),
(64489,59853,63530,25),
(28525,23678,55235,60),
(75753,70325,60691,21),
(28869,24663,55235,60),
(97030,97990,44764,30),
(90574,89033,60691,32),
(18993,14777,51898,30),
(20857,16259,11319,30),
(48759,47641,13910,120),
(62532,57947,69855,40),
(65799,60738,60691,36),
(53825,51410,55235,5),
(22019,17295,63530,60),
(86322,81751,44764,30),
(60227,57147,19274,21),
(5645,3768,19274,30),
(30058,25732,11319,30),
(32632,26895,55235,60),
(51547,49789,69886,1),
(95195,92776,63530,38),
(11449,10776,60691,80),
(47064,44188,36420,80),
(67316,61885,36420,2),
(11779,10857,36420,40),
(75434,70325,11319,6),
(96553,96546,69855,8),
(70169,65817,61757,21),
(13587,13391,55235,60),
(86053,81751,11319,27),
(22997,18330,60691,40),
(82293,75773,4911,20),
(18050,14658,19274,120),
(7884,5720,99326,120),
(8459,8205,11319,40),
(40441,36228,13910,120),
(98463,99104,60691,4),
(74234,68709,93294,17),
(54237,51503,25419,63),
(88598,84304,25419,52),
(85227,79803,63530,9),
(85750,80659,61757,79),
(42551,39277,44764,30),
(40485,36228,25419,80),
(62830,59326,37472,46),
(10441,10084,36911,60),
(96656,97708,4911,37),
(53238,51385,46441,59),
(76278,71121,61757,55),
(57030,53315,51898,27),
(41053,36322,36420,80),
(86899,81936,44764,13),
(44316,40257,60691,40),
(38591,32172,93294,60),
(19230,14777,99326,80),
(80169,74413,68233,74),
(70859,65903,36420,65),
(49292,48984,46441,60),
(24221,19076,13910,120),
(88770,84304,69855,5),
(20726,15719,93294,60),
(47145,44188,60691,40),
(25414,19448,55235,60),
(15410,13944,44764,30),
(94387,91744,69886,16),
(78488,73355,46441,34),
(65826,60738,61757,27),
(7935,5828,11319,120),
(49129,47641,68233,80),
(1623,929,68233,0),
(66536,61647,61757,27),
(54203,51503,19274,40),
(2408,1434,11319,0),
(52609,50393,13910,28),
(93465,91557,44764,22),
(34284,28275,55235,60),
(39007,34242,4911,40),
(43498,40226,19274,120),
(34917,28299,11319,30),
(69948,64617,51898,16),
(2762,1434,93294,0),
(75060,69871,36911,65),
(25602,20504,19274,120),
(86896,81936,36911,13),
(53820,51410,51898,30),
(39507,34242,99326,80),
(29398,25184,61757,80),
(68790,62764,51898,3),
(12831,13122,68233,80),
(72927,68141,37472,11),
(95259,93514,19274,39),
(32715,26895,63530,60),
(42101,38852,51898,30),
(28180,23278,69886,20),
(83593,77119,25419,57),
(63381,59640,36420,53),
(31544,26253,44764,30),
(38996,32254,99326,80),
(56419,52274,68233,1),
(98740,99113,36420,69),
(84796,79555,60691,3),
(83488,75984,44764,4),
(55355,51906,60691,27),
(65623,60738,37472,29),
(72830,68141,19274,53),
(75386,69871,99326,10),
(38693,32254,4911,40),
(18540,14658,61757,80),
(60307,57147,36420,9),
(8290,5828,69886,30),
(75760,70325,69886,6),
(13497,13391,36911,120),
(89582,87768,19274,119),
(20615,15719,68233,80),
(33544,27232,68233,80),
(97212,98095,25419,28),
(19881,15719,25419,80),
(94590,92776,4911,33),
(16399,14363,36420,80),
(257,72,13910,0),
(87837,83194,19274,98),
(84999,79803,36911,99),
(33143,27232,37472,120),
(50333,49652,36420,80),
(33924,28250,46441,60),
(56440,52274,69886,19),
(98670,99113,13910,49),
(55954,52184,93294,57),
(95514,95822,36911,45),
(43171,39782,51898,30),
(51495,49789,68233,47),
(99982,99559,99326,49),
(57682,54300,4911,17),
(80987,74558,25419,22),
(78443,73355,36420,38),
(46517,43892,36911,120),
(57017,53315,46441,40),
(29940,25238,63530,60),
(38179,32172,36420,80),
(51277,49789,46441,6),
(30003,25238,99326,80),
(14314,13762,4911,40),
(65191,59907,61757,36),
(37077,30721,55235,60),
(45681,41319,61757,80),
(89898,87768,99326,78),
(68161,62626,51898,12),
(42949,39771,19274,120),
(84670,79555,36420,52),
(47340,45386,25419,80),
(79264,74101,51898,6),
(6548,5135,37472,100),
(70424,65900,19274,97),
(26485,21212,60691,40),
(74659,68908,61757,60),
(65917,60738,99326,63),
(77806,73095,19274,1),
(61501,57694,36420,55),
(76960,72757,19274,107),
(31528,26253,36911,120),
(89364,85242,55235,53),
(50868,49789,36911,80),
(60500,57147,60691,10),
(77837,73095,60691,11),
(23898,18983,37472,120),
(29894,25238,36420,80),
(49804,49307,37472,120),
(79073,73961,60691,8),
(8413,7671,61757,40),
(92637,90653,68233,67),
(78628,73418,36911,94),
(39964,35583,36911,120),
(22680,17762,46441,60),
(76719,71525,36420,73),
(32379,26895,36911,120),
(65563,60738,36420,38),
(75842,71121,4911,4),
(52585,50274,99326,12),
(74360,68908,13910,97),
(31237,26243,36911,120),
(86648,81751,99326,29),
(97375,98095,55235,31),
(74953,69871,36420,60),
(6312,4509,60691,100),
(92688,90653,93294,13),
(43121,39771,61757,80),
(57225,53315,69886,4),
(62861,59326,61757,11),
(57123,53315,60691,19),
(11492,10776,69855,120),
(96054,96117,46441,35),
(53085,50393,93294,50),
(31907,26253,93294,60),
(37860,32121,51898,30),
(16755,14366,13910,120),
(89268,85242,11319,15),
(20847,16259,4911,40),
(53045,50393,68233,57),
(69647,64617,36911,9),
(61686,57694,55235,19),
(54601,51503,51898,13),
(6710,5135,99326,100),
(96339,96546,11319,14),
(11638,10857,4911,120),
(93283,91104,69855,24),
(23475,18690,11319,30),
(91528,90106,37472,32),
(56902,53315,19274,56),
(74017,68709,19274,83),
(96565,96546,99326,3),
(87092,81936,69855,31),
(95485,95822,25419,31),
(97489,98128,4911,33),
(16352,14363,25419,80),
(33878,28250,44764,30),
(56407,52274,60691,26),
(5485,3395,63530,120),
(692,72,99326,0),
(91531,90106,46441,44),
(7972,5828,25419,30),
(78017,73193,19274,52),
(38403,32172,44764,30),
(38750,32254,11319,30),
(90669,89033,69855,13),
(71858,66414,55235,14),
(85140,79803,60691,9),
(23768,18690,63530,60),
(83657,77119,46441,11),
(87974,83194,44764,28),
(57952,54300,69855,3),
(83678,77119,55235,25),
(21290,16259,55235,60),
(36269,30128,36420,80),
(89251,85039,69855,20),
(80399,74553,13910,93),
(62690,59326,11319,17),
(48447,46205,37472,120),
(60105,57147,11319,3),
(45906,42052,36420,80),
(1573,929,51898,0),
(13240,13380,61757,80),
(78529,73355,60691,5),
(96263,96117,69855,16),
(48058,45785,46441,60),
(86818,81936,13910,54),
(24582,19076,44764,30),
(99671,99559,61757,63),
(63757,59853,13910,57),
(13317,13391,4911,40),
(11369,10776,55235,100),
(45052,41293,19274,120),
(33274,27232,46441,60),
(22906,18330,36911,120),
(25995,20534,44764,30),
(18927,14777,37472,120),
(95933,96117,19274,14),
(41835,37704,99326,80),
(37022,30721,46441,60),
(5865,3768,63530,20),
(27820,22196,93294,60),
(31196,26243,13910,120),
(69225,64383,69886,3),
(36195,30128,25419,80),
(70765,65903,4911,3),
(16043,14246,36911,120),
(7798,5720,93294,20),
(91754,90106,93294,60),
(58978,55107,11319,28),
(15474,13944,61757,80),
(53206,51385,36420,12),
(87864,83194,37472,34),
(53207,51385,37472,67),
(93063,91104,51898,13),
(26685,21212,99326,80),
(84531,77211,93294,57),
(46895,43892,93294,60),
(16561,14363,46441,60),
(69591,64617,13910,81),
(68657,62764,19274,45),
(12624,13122,25419,80),
(49558,48984,93294,60),
(94514,91744,99326,14),
(57965,54300,69886,2),
(89851,87768,63530,4),
(48845,47641,19274,120),
(27521,22196,37472,120),
(24402,19076,36420,80),
(36325,30128,36911,120),
(96541,96546,60691,15),
(79126,74101,36420,74),
(86557,81751,63530,50),
(9249,8498,37472,30),
(71251,66031,36420,12),
(64115,59853,46441,32),
(79936,74413,25419,60),
(95293,93514,25419,64),
(81075,74558,61757,20),
(81455,74558,69855,38),
(92493,90653,37472,22),
(88955,85039,19274,73),
(15156,13944,13910,120),
(33829,28250,36420,80),
(77786,73095,11319,14),
(17809,14372,99326,80),
(37590,32121,19274,120),
(56781,52500,60691,13),
(22971,18330,46441,60),
(83713,77119,63530,31),
(54840,51503,68233,25),
(37399,30755,68233,80),
(35676,28614,46441,60),
(64756,59907,25419,68),
(36758,30721,4911,40),
(59633,56050,25419,56),
(24991,19448,4911,40),
(55626,51906,93294,5),
(26633,21212,69886,20),
(6999,5611,37472,80),
(57163,53315,63530,35),
(95343,93514,37472,26),
(32372,26895,19274,120),
(97057,97990,51898,17),
(537,72,36420,0),
(78997,73961,4911,40),
(19450,14863,36420,80),
(78814,73418,63530,54),
(28196,23678,4911,40),
(93667,91744,4911,17),
(86681,81936,11319,3),
(67094,61703,60691,2),
(12894,13122,69855,40),
(42677,39277,60691,40),
(70396,65900,4911,17),
(34173,28275,36420,80),
(77218,72757,68233,17),
(8110,5828,51898,80),
(75968,71121,36420,8),
(28041,23278,37472,120),
(67169,61703,63530,19),
(36629,30128,68233,80),
(76849,71525,93294,46),
(5224,3395,51898,0),
(54090,51410,68233,31),
(95820,96117,11319,24),
(12436,12539,60691,40),
(70888,65903,36911,34),
(3482,1842,69886,0),
(82342,75773,25419,22),
(93108,91104,55235,46),
(98591,99104,99326,52),
(8883,8285,44764,60),
(61036,57650,36420,73),
(38445,32172,46441,60),
(92367,90653,19274,41),
(8539,8205,36420,100),
(21956,17295,55235,60),
(17194,14372,13910,120),
(83854,77119,69855,15),
(2730,1434,69855,0),
(28822,24663,51898,30),
(13750,13391,99326,80),
(70782,65903,13910,98),
(64556,59853,99326,71),
(40059,35583,46441,60),
(47561,45386,44764,30),
(96091,96117,68233,40),
(5056,3395,25419,0),
(47676,45386,69855,40),
(50399,49652,46441,60),
(53533,51385,93294,49),
(24575,19076,36911,120),
(9307,8498,51898,80),
(11245,10776,44764,40),
(30239,25732,63530,60),
(9942,10011,46441,100),
(93238,91104,68233,28),
(80286,74413,69886,20),
(30407,25732,69886,20),
(78905,73418,69886,3),
(30528,26133,11319,30),
(75308,69871,68233,42),
(9777,10011,4911,30),
(51805,50081,61757,47),
(40581,36228,51898,30),
(37362,30755,61757,80),
(15360,13944,36420,80),
(6326,4509,61757,120),
(87319,82542,69855,14),
(87244,82542,19274,38),
(6368,4509,99326,40),
(52863,50393,60691,24),
(31351,26243,69855,40),
(34466,28275,69855,40),
(2708,1434,61757,0),
(9371,8498,60691,100),
(17436,14372,37472,120),
(35067,28299,36911,120),
(89465,85242,69855,4),
(91859,90106,99326,70),
(33598,27232,93294,60),
(91050,89507,13910,106),
(44311,40257,46441,60),
(89890,87768,69886,9),
(1727,1194,19274,0),
(11696,10857,13910,100),
(26296,20534,69886,20),
(90526,89033,51898,18),
(84991,79803,25419,19),
(99261,99559,11319,22),
(79690,74160,69855,39),
(23660,18690,61757,80),
(90556,89033,55235,40),
(89568,87768,13910,113),
(76795,71525,51898,14),
(41349,37704,4911,40),
(70112,65817,36911,91),
(1309,929,19274,0),
(17657,14372,60691,40),
(60835,57147,69886,4),
(42977,39771,46441,60),
(99796,99559,63530,23),
(18437,14658,51898,30),
(22744,17762,63530,60),
(4615,2746,13910,0),
(13809,13523,19274,120),
(55450,51906,69855,34),
(18118,14658,36911,120),
(80684,74553,46441,32),
(97350,98095,36911,98),
(57907,54300,68233,18),
(53316,51385,68233,47),
(8409,7671,37472,80),
(15231,13944,25419,80),
(50863,49789,13910,120),
(15851,14246,13910,120),
(98029,99104,25419,50),
(44335,40257,69886,20),
(25893,20504,61757,80),
(31669,26253,60691,40),
(59472,55635,4911,34),
(87542,82704,36911,96),
(30742,26133,51898,30),
(16142,14246,37472,120),
(41032,36322,13910,120),
(74106,68709,44764,9),
(24307,19076,19274,120),
(87072,81936,68233,40),
(50669,49652,63530,60),
(96382,96546,25419,65),
(8230,5828,69855,100),
(48379,45785,93294,60),
(71938,66414,61757,47),
(23839,18983,36911,120),
(59468,55107,99326,17),
(18849,14777,13910,120),
(2838,1842,44764,0),
(12441,12539,61757,80),
(63297,59640,4911,13),
(96350,96546,19274,94),
(68970,64383,4911,8),
(88977,85039,37472,112),
(4059,2319,36420,0),
(64044,59853,44764,24),
(93575,91557,61757,26),
(85364,79803,93294,19),
(40491,36228,37472,120),
(85718,80659,46441,51),
(86616,81751,69855,7),
(47313,44188,69855,40),
(65966,61506,4911,23),
(22951,18330,44764,30),
(94975,92776,60691,12),
(97010,97990,36420,37),
(45779,41319,69855,40),
(79869,74413,11319,7),
(45513,41293,93294,60),
(70608,65900,68233,22),
(4595,2746,4911,0),
(66856,61703,25419,54),
(61222,57650,51898,18),
(36975,30721,44764,30),
(95456,95822,13910,75),
(10714,10776,4911,100),
(75471,70325,13910,74),
(33085,27232,36911,120),
(66821,61703,19274,8),
(26828,21463,44764,30),
(59086,55107,55235,28),
(90272,89033,25419,19),
(41995,38852,36911,120),
(19271,14863,11319,30),
(97035,97990,46441,6),
(81908,74932,61757,44),
(10209,10011,69886,100),
(79275,74160,4911,31),
(63602,59640,63530,57),
(23834,18690,69855,40),
(55560,51906,69886,11),
(68547,62669,93294,36),
(56460,52274,93294,7),
(33517,27232,61757,80),
(51955,50274,13910,34),
(21969,17295,61757,80),
(94311,91744,68233,11),
(73832,68645,61757,67),
(85422,79803,99326,29),
(560,72,36911,0),
(76604,71525,11319,20),
(2095,1194,68233,0),
(37157,30755,19274,120),
(26026,20534,46441,60),
(55247,51906,37472,21),
(11826,10857,46441,100),
(71391,66031,37472,28),
(99382,99559,25419,4),
(71046,65903,60691,13),
(66567,61647,68233,65),
(1471,929,44764,0),
(2577,1434,46441,0),
(33931,28250,51898,30),
(69069,64383,55235,27),
(37574,32121,4911,40),
(49013,47641,55235,60),
(99446,99559,36911,61),
(32449,26895,37472,120),
(64635,59907,13910,3),
(30737,26133,46441,60),
(53089,50393,99326,49),
(77857,73095,69855,14),
(8801,8285,36911,60),
(73080,68141,63530,27),
(15126,13944,4911,40),
(67574,61885,46441,40),
(2828,1842,36420,0),
(77734,72944,68233,65),
(36344,30128,46441,60),
(37328,30755,60691,40),
(38134,32121,68233,80),
(8188,5828,63530,40),
(28168,23278,69855,40),
(98613,99113,4911,10),
(91388,89507,68233,14),
(35328,28299,46441,60),
(57844,54300,60691,15),
(98485,99104,69886,8),
(8986,8285,68233,100),
(12063,10857,69855,40),
(43357,39782,68233,80),
(83500,75984,46441,60),
(32244,26289,69855,40),
(21874,17295,36911,120),
(38598,32172,99326,80),
(6602,5135,46441,20),
(70368,65817,93294,45),
(5440,3395,61757,30),
(57430,54055,55235,23),
(43139,39782,19274,120),
(76621,71525,13910,30),
(47301,44188,68233,80),
(20920,16259,13910,120),
(77548,72944,44764,6),
(60031,56050,69886,6),
(92264,90500,93294,53),
(26246,20534,61757,80),
(45941,42052,37472,120),
(88418,83194,99326,51),
(84808,79555,61757,44),
(30001,25238,68233,80),
(52753,50393,37472,38),
(16986,14366,61757,80),
(50713,49652,93294,60),
(49214,48984,25419,80),
(43537,40226,37472,120),
(28099,23278,51898,30),
(57993,54300,93294,58),
(32649,26895,61757,80),
(4210,2729,4911,0),
(52051,50274,36911,82),
(78959,73418,93294,41),
(16717,14363,69855,40),
(81714,74932,37472,11),
(11102,10776,36420,40),
(66523,61647,46441,53),
(36115,30128,4911,40),
(38983,32254,69886,20),
(42330,39277,25419,80),
(92538,90653,44764,4),
(99227,99559,4911,12),
(38887,32254,51898,30),
(60429,57147,51898,23),
(54513,51503,44764,30),
(60007,56050,63530,12),
(71202,66031,4911,12),
(46721,43892,61757,80),
(65697,60738,51898,11),
(16731,14363,69886,20),
(52776,50393,51898,21),
(65237,59907,69886,4),
(34239,28275,44764,30),
(1021,270,37472,0),
(40403,36228,4911,40),
(63384,59640,55235,32),
(990,270,19274,0),
(22875,18330,19274,120),
(40797,36228,68233,80),
(57422,54055,36911,45),
(40160,35583,60691,40),
(14028,13523,61757,80),
(48360,45785,69855,40),
(54904,51906,11319,29),
(82635,75773,44764,4),
(37478,30755,99326,80),
(19133,14777,61757,80),
(78282,73355,4911,33),
(95704,95822,68233,23),
(13632,13391,60691,40),
(97360,98095,51898,28),
(31353,26243,93294,60),
(22946,18330,37472,120),
(77346,72944,13910,24),
(5979,3768,93294,100),
(31235,26243,25419,80),
(31141,26243,4911,40),
(48720,46205,69855,40),
(17328,14372,36420,80),
(9476,9761,25419,20),
(14583,13762,36420,80),
(215,72,11319,0),
(65284,60412,46441,50),
(71945,66414,69886,9),
(71182,65903,69855,25),
(90298,89033,36911,84),
(68500,62669,69855,22),
(9549,9761,46441,100),
(31813,26253,61757,80),
(35682,28614,51898,30),
(67306,61703,69855,8),
(31532,26253,37472,120),
(85363,79803,69886,19),
(81848,74932,46441,14),
(96933,97708,44764,9),
(13832,13523,51898,30),
(47321,45386,13910,120),
(55898,52184,60691,3),
(85520,80659,36911,35),
(23342,18690,4911,40),
(97450,98095,99326,30),
(74148,68709,68233,64),
(65997,61506,19274,43),
(76695,71525,19274,108),
(70607,65900,63530,57),
(30091,25732,44764,30),
(34053,28275,4911,40),
(20710,15719,69855,40),
(43609,40226,44764,30),
(7114,5611,68233,60),
(3542,1842,93294,0),
(70675,65900,99326,26),
(55642,51906,99326,52),
(48656,46205,44764,30),
(65551,60738,25419,66),
(24612,19076,46441,60),
(80642,74553,37472,76),
(9975,10011,55235,30),
(27411,22196,11319,30),
(80797,74553,93294,55),
(95628,95822,61757,57),
(27539,22196,60691,40),
(25871,20504,55235,60),
(80565,74553,36911,74),
(13637,13391,69886,20),
(98952,99113,69855,17),
(96869,97708,19274,5),
(58651,55007,46441,4),
(54811,51503,60691,39),
(15433,13944,51898,30),
(36159,30128,11319,30),
(41988,38852,13910,120),
(16144,14246,44764,30),
(80115,74413,61757,11),
(79778,74160,99326,43),
(67711,61885,61757,80),
(66166,61506,69855,39),
(88675,84304,37472,12),
(36901,30721,37472,120),
(79049,73961,25419,75),
(88180,83194,69886,9),
(78448,73355,44764,28),
(16775,14366,36420,80),
(16035,14246,36420,80),
(55029,51906,36911,83),
(47449,45386,36911,120),
(67782,62626,13910,73),
(8005,5828,36911,60),
(99659,99559,60691,24),
(97211,98095,4911,29),
(4119,2319,37472,0),
(5145,3395,36420,0),
(89260,85039,93294,51),
(71087,65903,63530,39),
(20351,15719,55235,60),
(21900,17295,46441,60),
(80215,74413,69855,40),
(17322,14372,25419,80),
(79604,74160,51898,13),
(46287,43892,11319,30),
(2523,1434,36911,0),
(72455,67640,60691,16),
(41671,37704,69855,40),
(6172,4509,36420,120),
(83569,77119,19274,23),
(87429,82704,11319,27),
(4295,2729,11319,0),
(49574,49307,4911,40),
(37797,32121,37472,120),
(18737,14777,11319,30),
(96279,96117,99326,67),
(50210,49652,25419,80),
(12567,13122,19274,120),
(75942,71121,19274,74),
(27467,22196,19274,120),
(47601,45386,55235,60),
(12464,12539,68233,80),
(57482,54055,60691,36),
(21895,17295,44764,30),
(6154,4509,19274,60),
(98709,99113,19274,39),
(20253,15719,51898,30),
(98639,99113,11319,30),
(59273,55107,60691,20),
(78081,73193,61757,2),
(49421,48984,51898,30),
(91882,90500,11319,16),
(93424,91557,11319,4),
(91642,90106,63530,24),
(80927,74558,19274,23),
(12541,12539,99326,80),
(82897,75773,61757,60),
(4468,2729,51898,0),
(94864,92776,37472,46),
(10698,10084,68233,60),
(59530,55635,36420,11),
(66448,61647,25419,69),
(78890,73418,69855,2),
(97102,97990,60691,16),
(77916,73095,93294,23),
(35920,28614,69855,40),
(6099,4509,13910,100),
(33568,27232,69886,20),
(87999,83194,46441,58),
(97359,98095,46441,16),
(94634,92776,25419,76),
(51643,49789,99326,35),
(79289,74160,11319,9),
(68615,62764,13910,24),
(95430,93514,46441,17),
(43833,40226,63530,60),
(85742,80659,51898,22),
(63963,59853,25419,68),
(88754,84304,61757,74),
(14995,13762,55235,60),
(68304,62669,19274,42),
(55277,51906,46441,2),
(26466,21212,46441,60),
(54128,51503,13910,13),
(80841,74558,11319,25),
(25934,20504,99326,80),
(16774,14366,25419,80),
(22065,17295,69886,20),
(38934,32254,55235,60),
(71829,66414,46441,57),
(35914,28614,68233,80),
(97107,97990,63530,16),
(75138,69871,44764,29),
(59575,55635,44764,24),
(53243,51385,60691,19),
(49237,48984,36420,80),
(30976,26133,69855,40),
(46720,43892,55235,60),
(90667,89033,68233,28),
(8934,8285,60691,30),
(13228,13380,51898,30),
(47849,45785,36911,120),
(43231,39782,60691,40),
(13466,13391,36420,80),
(94240,91744,60691,40),
(91222,89507,60691,39),
(95247,92776,99326,23),
(60754,57147,63530,36),
(97129,97990,69855,20),
(42223,39277,19274,120),
(30615,26133,37472,120),
(10215,10011,99326,60),
(57209,53315,68233,25),
(47082,44188,37472,120),
(41359,37704,25419,80),
(7413,5720,44764,20),
(89452,85242,68233,13),
(15684,13944,93294,60),
(72341,67640,36911,37),
(5598,3768,11319,20),
(11573,10776,99326,120),
(78664,73418,44764,19),
(51856,50081,69886,19),
(25954,20534,19274,120),
(30978,26133,69886,20),
(30388,25732,69855,40),
(89181,85039,68233,74),
(72902,68141,36911,34),
(6903,5275,68233,100),
(75318,69871,69855,26),
(92234,90500,69886,4),
(97570,98128,25419,76),
(59309,55107,61757,43),
(94472,91744,93294,15),
(52619,50393,19274,17),
(57613,54055,93294,57),
(6338,4509,69855,60),
(76231,71121,60691,37),
(67701,61885,60691,34),
(50140,49652,19274,120),
(65431,60412,69886,4),
(35632,28614,36420,80),
(8451,7671,99326,120),
(28719,23678,99326,80),
(13032,13380,13910,120),
(62971,59326,69855,31),
(41293,36322,63530,60),
(40716,36228,60691,40),
(74467,68908,25419,17),
(16170,14246,61757,80),
(41092,36322,36911,120),
(62980,59326,69886,15),
(51504,49789,69855,20),
(95981,96117,36911,17),
(43638,40226,55235,60),
(84666,79555,19274,89),
(79996,74413,36911,83),
(27878,23278,19274,120),
(99547,99559,37472,41),
(35288,28299,44764,30),
(19866,15719,4911,40),
(56984,53315,44764,24),
(18693,14658,69886,20),
(23967,18983,68233,80),
(70289,65817,69886,16),
(64516,59853,69855,8),
(29329,25184,55235,60),
(75388,70325,4911,30),
(38144,32172,13910,120),
(91679,90106,69855,3),
(48671,46205,61757,80),
(88843,84653,4911,13),
(65449,60412,99326,35),
(52822,50393,55235,4),
(10086,10011,61757,100),
(34019,28250,63530,60),
(61198,57650,46441,11),
(84549,77211,99326,73),
(58473,55007,36911,114),
(41375,37704,36420,80),
(33819,28250,25419,80),
(47252,44188,61757,80),
(10166,10011,69855,100),
(23042,18330,61757,80),
(13384,13391,25419,80),
(79439,74160,37472,76),
(81490,74558,69886,13),
(59626,55635,69855,23),
(21463,16259,69886,20),
(88589,84304,19274,40),
(80093,74413,46441,36),
(65260,60412,36420,45),
(57155,53315,61757,49),
(57301,53315,93294,8),
(79537,74160,44764,5),
(29589,25238,25419,80),
(58951,55007,69886,20),
(76356,71121,69886,9),
(4431,2729,46441,0),
(60825,57147,68233,15),
(36891,30721,19274,120),
(98374,99104,51898,8),
(86378,81751,51898,10),
(31479,26253,13910,120),
(28727,24663,4911,40),
(33996,28250,60691,40),
(56521,52500,46441,56),
(35608,28614,19274,120),
(1756,1194,44764,0),
(5491,3395,69855,120),
(91578,90106,51898,14),
(91584,90106,60691,10),
(44707,41293,4911,40),
(63258,59326,99326,14),
(68332,62669,25419,51),
(42019,38852,37472,120),
(32072,26289,13910,120),
(88107,83194,68233,47),
(9787,10011,11319,100),
(58876,55007,60691,33),
(59603,55635,68233,16),
(93201,91104,63530,39),
(41982,38852,4911,40),
(31112,26133,93294,60),
(30036,25732,4911,40),
(68998,64383,25419,41),
(25293,19448,36911,120),
(3570,1842,99326,0),
(8925,8285,46441,80),
(46332,43892,13910,120),
(56946,53315,37472,118),
(20202,15719,46441,60),
(46726,43892,63530,60),
(57830,54300,51898,20),
(1288,270,93294,0),
(13350,13391,19274,120),
(22092,17295,93294,60),
(48021,45785,44764,30),
(78042,73193,36911,47),
(50746,49789,4911,40),
(72719,67640,93294,57),
(92373,90653,36911,52),
(54112,51410,69855,19),
(50922,49789,37472,6),
(94292,91744,63530,56),
(15939,14246,25419,80),
(66618,61647,93294,32),
(45650,41319,11319,30),
(41462,37704,37472,120),
(79758,74160,93294,51),
(16759,14366,19274,120),
(46521,43892,44764,30),
(88056,83194,61757,42),
(15091,13762,99326,80),
(4172,2319,61757,0),
(88128,83194,69855,34),
(79714,74160,69886,8),
(73351,68141,69855,34),
(54319,51503,36420,18),
(36475,30128,60691,40),
(65693,60738,44764,28),
(49699,49307,36420,80),
(37239,30755,51898,30),
(85772,80659,68233,1),
(85081,79803,55235,45),
(60037,56050,93294,12),
(85438,80659,4911,4),
(16777,14366,36911,120),
(12739,13122,60691,40),
(4631,2746,19274,0),
(89471,85242,69886,3),
(9382,8498,68233,20),
(9649,9761,69886,40),
(66781,61703,11319,18),
(88779,84304,93294,45),
(57305,54055,11319,29),
(26848,21463,46441,60),
(73577,68141,99326,72),
(34253,28275,51898,30),
(88625,84304,36420,59),
(47831,45785,19274,120),
(18109,14658,36420,80),
(48857,47641,36420,80),
(56883,53315,13910,95),
(37898,32121,60691,40),
(43536,40226,25419,80),
(35854,28614,63530,60),
(78294,73355,11319,10),
(46642,43892,46441,60),
(24145,18983,93294,60),
(81661,74932,36420,47),
(53702,51410,25419,27),
(85564,80659,37472,13),
(93968,91744,37472,115),
(33856,28250,36911,120),
(32572,26895,51898,30),
(9089,8285,69886,120),
(54564,51503,46441,11),
(73924,68709,4911,18),
(81198,74558,63530,3),
(78800,73418,61757,64),
(32338,26895,4911,40),
(43875,40226,68233,80),
(77459,72944,19274,71),
(43739,40226,60691,40),
(41643,37704,60691,40),
(74567,68908,36911,38),
(78355,73355,25419,51),
(32094,26289,55235,60),
(23606,18690,25419,80),
(85076,79803,44764,14),
(35204,28299,37472,120),
(94901,92776,44764,28),
(42491,39277,36911,120),
(16286,14246,93294,60),
(36766,30721,13910,120),
(28960,24663,93294,60),
(4202,2319,99326,0),
(34321,28275,60691,40),
(1149,270,63530,0),
(91307,89507,63530,1),
(41509,37704,44764,30),
(82729,75773,51898,29),
(74906,69871,25419,69),
(24796,19076,55235,60),
(1601,929,60691,0),
(72184,67640,36420,56),
(82467,75773,36911,21),
(6712,5275,37472,100),
(1319,929,25419,0),
(47033,44188,13910,120),
(96044,96117,44764,30),
(70979,65903,51898,8),
(23955,18983,61757,80),
(46787,43892,69855,40),
(43484,39782,99326,80),
(78182,73193,69855,2),
(93045,91104,46441,12),
(6402,5135,19274,20),
(83411,75984,37472,26),
(23574,18690,19274,120),
(66422,61647,13910,23),
(45972,42052,44764,30),
(78616,73418,25419,64),
(32272,26289,93294,60),
(87608,82704,55235,20),
(62564,57947,99326,17),
(12249,12539,19274,120),
(35578,28614,4911,40),
(83568,75984,99326,28),
(76588,71525,4911,9),
(64889,59907,44764,12),
(77821,73095,55235,45),
(8770,8285,19274,30),
(4942,2746,99326,0),
(5658,3768,36420,100),
(96980,97708,68233,36),
(4187,2319,93294,0),
(89158,85039,60691,36),
(16344,14363,13910,120),
(77627,72944,63530,55),
(65035,59907,51898,23),
(25775,20504,44764,30),
(70157,65817,55235,28),
(1301,929,13910,0),
(92154,90500,51898,23),
(42211,39277,13910,120),
(12767,13122,63530,60),
(9505,9761,36420,20),
(95806,96117,4911,6),
(58205,55007,11319,2),
(77066,72757,46441,27),
(21625,16259,99326,80),
(78063,73193,46441,39),
(58246,55007,13910,11),
(24961,19076,69886,20),
(17144,14372,11319,30),
(3147,1842,61757,0),
(32308,26289,99326,80),
(42130,38852,99326,80),
(72172,67640,25419,39),
(73664,68645,25419,70),
(87376,82542,99326,29),
(91400,89507,69886,11),
(5985,4509,4911,100),
(24980,19076,93294,60),
(14536,13762,25419,80),
(2746,1434,69886,0),
(31844,26253,68233,80),
(86835,81936,25419,50),
(78817,73418,68233,37),
(35575,28299,69855,40),
(36177,30128,13910,120),
(12200,10857,93294,60),
(71621,66414,36420,14),
(19324,14863,13910,120),
(71982,66414,93294,3),
(55705,52184,37472,98),
(39856,35583,25419,80),
(80379,74553,4911,6),
(86493,81751,55235,6),
(17124,14366,69886,20),
(46518,43892,37472,120),
(82408,75773,36420,52),
(53776,51410,44764,17),
(2716,1434,68233,0),
(99622,99559,46441,57),
(40294,35583,69886,20),
(80696,74553,68233,60),
(14194,13523,99326,80),
(49553,48984,68233,80),
(23143,18330,93294,60),
(57897,54300,63530,20),
(77819,73095,36420,35),
(34222,28275,36911,120),
(11692,10857,11319,60),
(9626,9761,55235,100),
(48715,46205,63530,60),
(78980,73418,99326,62),
(16155,14246,51898,30),
(74246,68709,99326,15),
(59814,56050,51898,27),
(8127,5828,60691,80),
(63872,59853,19274,101),
(16329,14363,4911,40),
(73829,68645,60691,38),
(8632,8205,68233,100),
(59632,55635,69886,10),
(999,270,36911,0),
(28266,23678,36911,120),
(11170,10776,36911,40),
(18310,14658,44764,30),
(77311,72944,11319,17),
(85748,80659,60691,34),
(88084,83194,63530,51),
(54062,51410,61757,49),
(51784,50081,55235,34),
(7472,5720,55235,20),
(35942,28614,69886,20),
(42120,38852,69855,40),
(5152,3395,36911,0),
(37107,30721,63530,60),
(69035,64383,46441,22),
(93850,91744,13910,25),
(92065,90500,13910,76),
(12714,13122,36420,80),
(82733,75773,60691,7),
(93732,91744,11319,9),
(88737,84304,55235,7),
(99825,99559,68233,70),
(60055,57147,4911,21),
(24953,19076,69855,40),
(58376,55007,36420,47),
(10703,10084,93294,30),
(11281,10776,51898,60),
(16513,14363,37472,120),
(40790,36228,61757,80),
(12410,12539,46441,60),
(60183,57147,13910,8),
(2676,1434,60691,0),
(89480,87768,4911,7),
(33985,28250,55235,60),
(38756,32254,36911,120),
(41549,37704,46441,60),
(89978,89033,4911,12),
(48186,45785,51898,30),
(65224,59907,69855,13),
(61261,57650,55235,55),
(91113,89507,19274,84),
(36692,30128,69855,40),
(35638,28614,36911,120),
(92686,90653,69886,16),
(23909,18983,51898,30),
(82291,74932,99326,67),
(7162,5611,99326,30),
(63150,59326,93294,29),
(67450,61885,37472,53),
(97168,97990,69886,16),
(47459,45386,37472,120),
(15548,13944,63530,60),
(23658,18690,60691,40),
(43628,40226,51898,30),
(76853,72757,4911,6),
(42811,39771,4911,40),
(2859,1842,51898,0),
(1750,1194,37472,0),
(81395,74558,68233,29),
(42963,39771,37472,120),
(4583,2729,63530,0),
(59433,55107,93294,21),
(33525,27232,63530,60),
(91501,90106,36911,63),
(56189,52274,36911,67),
(27877,22196,99326,80),
(68695,62764,25419,71),
(56597,52500,55235,25),
(2813,1842,13910,0),
(15020,13762,63530,60),
(29183,25184,25419,80),
(62405,57947,61757,61),
(77735,73095,4911,36),
(61453,57694,19274,86),
(19975,15719,44764,30),
(60356,57147,36911,89),
(32965,27232,4911,40),
(35530,28299,68233,80),
(33056,27232,25419,80),
(51489,49789,61757,79),
(70974,65903,46441,41),
(84935,79803,11319,9),
(11902,10857,68233,80),
(77076,72757,51898,17),
(8666,8205,93294,30),
(61560,57694,46441,24),
(79684,74160,63530,36),
(30554,26133,13910,120),
(73334,68141,68233,4),
(63563,59640,61757,70),
(61042,57650,36911,103),
(82005,74932,68233,45),
(75272,69871,63530,12),
(65251,60412,19274,10),
(60861,57147,93294,30),
(58921,55007,61757,78),
(71550,66031,93294,54),
(65292,60412,55235,28),
(46083,42052,68233,80),
(10905,10776,19274,60),
(54982,51906,36420,51),
(41192,36322,51898,30),
(67801,62626,19274,106),
(67042,61703,55235,41),
(26160,20534,51898,30),
(97925,99104,4911,34),
(13972,13523,55235,60),
(39757,35583,19274,120),
(97851,98128,99326,71),
(21172,16259,36420,80),
(12506,12539,69855,40),
(52261,50274,63530,19),
(52168,50274,44764,23),
(84006,77119,93294,51),
(89074,85039,51898,20),
(81003,74558,46441,18),
(50110,49652,13910,120),
(57808,54300,46441,39),
(11463,10776,68233,120),
(8714,8285,13910,80),
(71092,65903,68233,18),
(13758,13523,4911,40),
(95593,95822,51898,17),
(98565,99104,93294,44),
(92991,91104,19274,95),
(48431,46205,4911,40),
(88793,84304,99326,40),
(77992,73193,4911,35),
(68796,62764,61757,17),
(40632,36228,55235,60),
(6792,5275,60691,60),
(77054,72757,44764,14),
(79047,73961,13910,63),
(44433,40257,99326,80),
(61817,57694,93294,46),
(39929,35583,36420,80),
(22737,17762,55235,60),
(61924,57947,25419,33),
(23329,18330,99326,80),
(56470,52500,36420,27),
(49854,49307,51898,30),
(35355,28299,60691,40),
(22207,17762,19274,120),
(59658,56050,36420,60),
(98795,99113,44764,7),
(90684,89033,93294,56),
(37631,32121,36420,80),
(38992,32254,93294,60),
(4917,2746,93294,0),
(86879,81936,36420,20),
(49487,48984,63530,60),
(90317,89033,44764,11),
(22566,17762,44764,30),
(52634,50393,36420,38),
(8692,8285,11319,40),
(59431,55107,63530,57),
(14026,13523,60691,40),
(73861,68645,68233,40),
(2557,1434,37472,0),
(78514,73355,55235,11),
(1056,270,51898,0),
(61077,57650,44764,30),
(9024,8285,69855,30),
(27776,22196,69855,40),
(25574,20504,4911,40),
(40800,36228,69855,40),
(64171,59853,51898,19),
(83086,75984,19274,14),
(68838,62764,69855,26),
(63359,59640,25419,37),
(49672,49307,19274,120),
(58865,55007,55235,18),
(72747,68141,4911,29),
(10702,10084,69855,120),
(13274,13380,69855,40),
(55676,52184,36420,1),
(30570,26133,36420,80),
(68781,62764,37472,115),
(49726,49307,36911,120),
(56468,52500,25419,2),
(31628,26253,51898,30),
(4310,2729,25419,0),
(80408,74553,25419,4),
(18255,14658,37472,120),
(8422,7671,69855,30),
(7005,5611,44764,100),
(8555,8205,36911,20),
(87034,81936,60691,23),
(16980,14366,55235,60),
(38579,32172,69886,20),
(55333,51906,55235,15),
(7960,5828,13910,20),
(76342,71121,68233,47),
(6304,4509,55235,20),
(52961,50393,63530,30),
(84881,79803,4911,17),
(61820,57947,4911,16),
(35783,28614,60691,40),
(88399,83194,93294,44),
(59700,56050,36911,44),
(6731,5275,46441,80),
(74771,69871,19274,81),
(57646,54055,99326,49),
(8158,5828,61757,60),
(98950,99113,68233,23),
(45420,41293,61757,80),
(60417,57147,37472,81),
(53145,51385,19274,14),
(65441,60412,93294,37),
(72976,68141,46441,40),
(69165,64383,68233,58),
(3880,2319,19274,0),
(24120,18983,69855,40),
(78600,73418,11319,9),
(84051,77211,25419,75),
(47105,44188,46441,60),
(8933,8285,51898,120),
(62862,59326,63530,27),
(17377,14372,36911,120),
(28790,24663,36911,120),
(78538,73355,63530,28),
(84426,77211,60691,6),
(51743,50081,36420,9),
(35389,28299,63530,60),
(39276,34242,51898,30),
(65998,61506,44764,28),
(6965,5275,99326,120),
(94853,92776,36420,15),
(33229,27232,44764,30),
(26503,21212,61757,80),
(4837,2746,61757,0),
(80348,74413,99326,37),
(16914,14366,51898,30),
(67127,61703,61757,6),
(76057,71121,51898,16),
(81026,74558,60691,10),
(1690,1194,4911,0),
(66474,61647,36911,113),
(37160,30755,44764,30),
(47255,44188,63530,60),
(42865,39771,13910,120),
(66150,61506,61757,27),
(55668,52184,4911,40),
(34351,28275,68233,80),
(65880,60738,69855,33),
(49451,48984,61757,80),
(91439,90106,11319,1),
(29223,25184,44764,30),
(71535,66031,61757,2),
(83060,75984,13910,86),
(58491,55007,37472,14),
(70573,65900,37472,79),
(46234,42052,69886,20),
(38834,32254,44764,30),
(80409,74553,36420,9),
(68874,62764,99326,53),
(19015,14777,55235,60),
(95200,92776,68233,19),
(79085,73961,61757,64),
(79974,74413,36420,50),
(32516,26895,46441,60),
(23635,18690,44764,30),
(92737,90653,99326,30),
(19966,15719,36911,120),
(91178,89507,44764,2),
(32882,26895,69855,40),
(69998,65817,4911,28),
(87776,83194,13910,56),
(33756,27232,99326,80),
(73587,68645,19274,4),
(4089,2319,36911,0),
(51685,50081,19274,4),
(59506,55635,13910,51),
(83404,75984,36911,45),
(55951,52184,69855,34),
(55935,52184,68233,72),
(26760,21463,11319,30),
(41357,37704,19274,120),
(86170,81751,13910,119),
(4685,2746,36911,0),
(91046,89033,99326,66),
(27593,22196,61757,80),
(81625,74932,25419,61),
(18084,14658,25419,80),
(32924,26895,93294,60),
(68495,62669,68233,28),
(53267,51385,61757,20);

CREATE TABLE wands
(
	id INT,
    code INT,
    coins_needed INT,
    power INT
);

INSERT INTO wands VALUES
(1,33,6698,6),
(2,119,5957,2),
(3,35,4835,7),
(4,126,7017,3),
(5,125,8042,5),
(6,77,5672,8),
(7,81,7600,3),
(8,127,4303,9),
(9,108,7345,10),
(10,53,1771,1),
(11,127,2060,7),
(12,36,5592,3),
(13,118,1784,9),
(14,24,870,5),
(15,79,1099,2),
(16,100,5469,9),
(17,108,4231,7),
(18,19,6424,5),
(19,51,8209,7),
(20,145,7976,7),
(21,106,4575,9),
(22,51,8691,3),
(23,96,4654,6),
(24,13,3198,5),
(25,112,6500,4),
(26,120,2720,3),
(27,14,3314,9),
(28,43,6900,5),
(29,77,7825,7),
(30,3,6296,8),
(31,63,7414,8),
(32,120,6694,10),
(33,8,2427,10),
(34,14,4162,2),
(35,69,1867,8),
(36,20,7477,6),
(37,56,2519,3),
(38,147,2750,2),
(39,57,8061,8),
(40,89,619,8),
(41,147,3049,6),
(42,56,5708,7),
(43,3,8020,10),
(44,8,8082,8),
(45,57,7677,8),
(46,26,764,7),
(47,19,3614,7),
(48,64,3458,6),
(49,112,4061,3),
(50,16,4787,4),
(51,18,5107,10),
(52,51,4654,7),
(53,52,8580,10),
(54,68,1507,9),
(55,55,3777,6),
(56,144,1509,4),
(57,133,8093,10),
(58,43,2933,4),
(59,125,2882,9),
(60,104,1379,7),
(61,127,1861,7),
(62,108,4445,1),
(63,40,7761,7),
(64,60,7744,10),
(65,26,9075,4),
(66,140,4756,9),
(67,82,2693,9),
(68,69,7675,5),
(69,26,2682,10),
(70,53,9359,2),
(71,136,2245,8),
(72,6,6381,6),
(73,30,2495,3),
(74,135,9318,10),
(75,146,5753,7),
(76,21,4527,9),
(77,68,6818,8),
(78,56,8086,6),
(79,3,1982,5),
(80,125,5215,6),
(81,103,6908,7),
(82,62,3601,3),
(83,33,8657,1),
(84,70,5334,2),
(85,128,5104,7),
(86,131,3064,2),
(87,52,8025,10),
(88,53,3221,9),
(89,122,899,1),
(90,34,4654,5),
(91,112,2680,3),
(92,50,8220,2),
(93,119,9882,5),
(94,21,4943,2),
(95,134,1532,9),
(96,127,8489,3),
(97,128,2076,6),
(98,91,6969,1),
(99,115,2883,10),
(100,12,9341,7),
(101,105,3200,9),
(102,71,725,5),
(103,94,1418,3),
(104,37,1523,1),
(105,10,2091,2),
(106,136,6646,6),
(107,56,1742,4),
(108,92,8893,5),
(109,24,6981,5),
(110,18,5558,9),
(111,60,7125,9),
(112,96,819,1),
(113,45,7218,1),
(114,123,7915,10),
(115,22,6751,4),
(116,81,9899,4),
(117,64,7855,3),
(118,93,6046,7),
(119,126,2478,8),
(120,15,2907,3),
(121,18,8258,2),
(122,42,2180,7),
(123,140,5931,3),
(124,120,4521,4),
(125,138,8825,7),
(126,149,8466,4),
(127,15,2734,8),
(128,19,3426,7),
(129,28,4909,3),
(130,59,5170,3),
(131,104,4539,2),
(132,81,8431,4),
(133,94,614,2),
(134,99,4438,3),
(135,66,7135,3),
(136,91,5299,4),
(137,146,6369,1),
(138,47,8345,6),
(139,68,5422,6),
(140,145,1076,7),
(141,78,8752,2),
(142,110,8318,5),
(143,31,9100,9),
(144,25,695,4),
(145,130,4695,2),
(146,147,5967,1),
(147,66,2255,3),
(148,116,6501,2),
(149,63,3283,7),
(150,61,8949,4),
(151,8,4910,10),
(152,99,602,3),
(153,18,3961,1),
(154,19,5893,5),
(155,45,2753,8),
(156,77,9578,7),
(157,89,5677,9),
(158,4,1767,4),
(159,33,1899,3),
(160,97,9030,10),
(161,5,6742,8),
(162,66,4929,9),
(163,117,4345,5),
(164,47,3570,5),
(165,66,848,1),
(166,24,2782,6),
(167,74,3144,2),
(168,14,7150,9),
(169,2,7922,8),
(170,114,7529,3),
(171,58,9843,8),
(172,45,2550,1),
(173,135,7189,6),
(174,28,885,9),
(175,96,2104,7),
(176,144,8916,1),
(177,80,9516,3),
(178,118,8558,10),
(179,31,1928,6),
(180,139,615,9),
(181,73,9655,10),
(182,98,8198,7),
(183,101,8582,3),
(184,77,7228,9),
(185,97,618,10),
(186,15,5740,2),
(187,109,5943,4),
(188,17,6787,9),
(189,141,5486,9),
(190,95,7415,1),
(191,67,4178,3),
(192,102,9708,2),
(193,17,5459,6),
(194,48,6651,2),
(195,139,7093,1),
(196,92,1124,6),
(197,70,2928,3),
(198,46,4913,6),
(199,6,3197,5),
(200,47,992,7),
(201,42,4174,9),
(202,1,2302,8),
(203,141,8444,4),
(204,48,2190,8),
(205,58,3283,8),
(206,125,8796,7),
(207,71,4125,4),
(208,124,6841,1),
(209,82,543,8),
(210,126,2725,2),
(211,26,5366,1),
(212,120,7343,5),
(213,89,7396,1),
(214,15,7788,2),
(215,141,901,3),
(216,139,6055,2),
(217,88,8993,5),
(218,71,836,5),
(219,59,4602,10),
(220,64,9067,1),
(221,52,9193,2),
(222,119,2247,7),
(223,86,8068,1),
(224,4,1788,10),
(225,18,8004,7),
(226,119,7633,9),
(227,62,1543,4),
(228,20,5901,5),
(229,64,4233,7),
(230,127,519,10),
(231,96,8534,6),
(232,36,5661,8),
(233,69,6635,2),
(234,148,2366,5),
(235,20,4357,7),
(236,118,6497,6),
(237,128,5109,1),
(238,37,2016,10),
(239,65,4732,8),
(240,4,5687,6),
(241,8,7875,10),
(242,73,6529,2),
(243,117,9781,10),
(244,67,3286,1),
(245,114,6872,2),
(246,39,828,8),
(247,125,5260,7),
(248,17,4153,4),
(249,50,3937,1),
(250,137,4639,4),
(251,55,9607,1),
(252,20,5845,1),
(253,86,3917,7),
(254,61,838,2),
(255,59,630,5),
(256,68,6527,5),
(257,72,7217,6),
(258,104,4351,8),
(259,123,2190,4),
(260,46,5182,9),
(261,72,9720,7),
(262,98,4244,2),
(263,126,7591,8),
(264,83,4813,8),
(265,148,6018,5),
(266,54,2106,10),
(267,37,745,7),
(268,126,4561,7),
(269,128,519,2),
(270,9,2284,2),
(271,76,8239,4),
(272,148,1635,3),
(273,111,1287,3),
(274,5,4999,2),
(275,82,9573,6),
(276,25,3669,2),
(277,148,2097,9),
(278,65,9600,7),
(279,12,5727,1),
(280,140,9458,4),
(281,143,5158,3),
(282,23,4591,1),
(283,30,5822,5),
(284,101,9492,4),
(285,91,6321,5),
(286,12,3210,1),
(287,64,986,4),
(288,18,6100,8),
(289,81,8353,8),
(290,43,2579,1),
(291,49,3457,4),
(292,63,5095,10),
(293,128,5860,6),
(294,65,7705,8),
(295,143,8305,4),
(296,72,6021,3),
(297,118,7553,5),
(298,47,7912,2),
(299,6,1255,2),
(300,47,3742,10),
(301,145,4074,10),
(302,53,531,3),
(303,51,5331,7),
(304,16,9195,2),
(305,39,1050,9),
(306,79,7260,5),
(307,34,8172,5),
(308,99,4551,4),
(309,29,2754,9),
(310,135,6601,2),
(311,130,6740,7),
(312,55,2889,4),
(313,79,8846,3),
(314,75,833,6),
(315,135,9071,8),
(316,25,7329,6),
(317,98,7513,9),
(318,36,8763,3),
(319,136,8013,7),
(320,12,9934,7),
(321,108,1382,6),
(322,17,6884,2),
(323,109,4263,6),
(324,13,6659,6),
(325,77,5046,7),
(326,66,4629,3),
(327,93,9792,10),
(328,97,3574,3),
(329,84,8597,6),
(330,131,9559,6),
(331,68,4435,1),
(332,68,5400,1),
(333,2,926,10),
(334,84,3236,2),
(335,147,6014,5),
(336,131,9985,4),
(337,125,9426,1),
(338,73,712,6),
(339,6,822,6),
(340,56,5417,8),
(341,27,7105,1),
(342,122,7425,8),
(343,105,4658,9),
(344,51,5138,2),
(345,122,6340,1),
(346,17,1909,10),
(347,127,7322,6),
(348,133,7722,5),
(349,143,8139,4),
(350,89,3902,5),
(351,96,856,7),
(352,16,5399,4),
(353,10,3224,7),
(354,125,2729,9),
(355,21,662,8),
(356,59,8740,5),
(357,97,3009,8),
(358,81,1980,1),
(359,136,5045,5),
(360,90,1693,5),
(361,119,3546,1),
(362,46,7263,3),
(363,94,4477,10),
(364,21,2670,4),
(365,42,4144,10),
(366,143,4971,9),
(367,22,8763,9),
(368,100,7195,9),
(369,70,4251,5),
(370,41,978,3),
(371,83,3436,2),
(372,51,9933,7),
(373,83,8547,9),
(374,138,7603,6),
(375,142,6960,8),
(376,86,2065,9),
(377,73,2996,6),
(378,78,9735,7),
(379,7,4723,7),
(380,89,3364,7),
(381,68,5526,5),
(382,80,6539,5),
(383,85,918,10),
(384,135,1736,8),
(385,149,5929,1),
(386,68,5105,9),
(387,97,7171,7),
(388,43,7887,3),
(389,41,3863,4),
(390,93,602,2),
(391,115,4475,2),
(392,62,7973,2),
(393,8,8558,1),
(394,102,2047,5),
(395,50,6577,5),
(396,84,4920,5),
(397,123,8109,8),
(398,82,1990,7),
(399,136,9633,10),
(400,81,3261,4),
(401,3,653,2),
(402,106,6648,5),
(403,80,5478,6),
(404,61,9832,9),
(405,80,1187,10),
(406,23,1468,6),
(407,110,3213,4),
(408,90,4538,9),
(409,67,7957,5),
(410,9,5855,10),
(411,88,7831,2),
(412,121,5625,10),
(413,51,3163,5),
(414,60,8385,2),
(415,14,526,8),
(416,24,7726,9),
(417,115,934,4),
(418,5,6755,5),
(419,140,6711,1),
(420,40,1197,8),
(421,120,4392,10),
(422,26,7683,3),
(423,85,6218,8),
(424,22,997,10),
(425,124,7930,7),
(426,144,9950,10),
(427,103,5574,8),
(428,70,709,5),
(429,111,4048,10),
(430,150,9233,8),
(431,117,2119,4),
(432,59,510,4),
(433,23,4999,7),
(434,138,5967,1),
(435,57,1898,6),
(436,62,745,8),
(437,4,6991,4),
(438,25,6219,3),
(439,78,5237,4),
(440,125,1534,7),
(441,57,2508,10),
(442,76,6920,8),
(443,70,3603,3),
(444,68,6119,7),
(445,126,9946,2),
(446,143,1776,7),
(447,136,4329,10),
(448,122,7109,3),
(449,131,6579,10),
(450,74,4686,1),
(451,53,1581,9),
(452,107,2760,9),
(453,90,3524,3),
(454,127,8691,9),
(455,73,2759,10),
(456,68,8541,7),
(457,56,6612,1),
(458,57,9740,9),
(459,54,4933,2),
(460,33,6564,3),
(461,62,6003,9),
(462,137,7313,3),
(463,9,4022,2),
(464,93,1153,4),
(465,62,1424,3),
(466,149,5958,10),
(467,22,5020,1),
(468,17,3038,8),
(469,127,5851,8),
(470,135,1794,10),
(471,78,704,8),
(472,70,2022,9),
(473,27,4569,5),
(474,99,7886,5),
(475,99,7184,2),
(476,60,6650,6),
(477,14,8075,2),
(478,47,2404,10),
(479,81,9854,10),
(480,119,8358,10),
(481,70,3754,3),
(482,119,6072,4),
(483,44,8855,10),
(484,5,2551,6),
(485,127,4414,6),
(486,29,6605,5),
(487,99,1722,2),
(488,132,9368,1),
(489,131,754,5),
(490,138,2813,1),
(491,129,842,8),
(492,148,7926,7),
(493,79,6535,1),
(494,74,5869,9),
(495,81,5305,7),
(496,50,9167,2),
(497,124,3767,3),
(498,61,3069,9),
(499,104,9196,5),
(500,122,9607,1),
(501,120,4379,9),
(502,8,5478,7),
(503,118,6533,5),
(504,86,4332,9),
(505,130,9534,7),
(506,14,2773,1),
(507,66,9837,9),
(508,130,9241,1),
(509,135,4000,3),
(510,57,6557,2),
(511,115,810,7),
(512,25,1691,9),
(513,23,1436,10),
(514,118,3786,5),
(515,43,4747,5),
(516,27,1906,6),
(517,42,604,1),
(518,40,5453,6),
(519,77,6652,9),
(520,33,2584,9),
(521,24,9825,1),
(522,57,6095,4),
(523,105,7208,7),
(524,4,6102,9),
(525,27,3247,10),
(526,63,5456,10),
(527,107,8699,9),
(528,12,5906,3),
(529,44,7509,2),
(530,119,2575,2),
(531,55,520,10),
(532,139,641,5),
(533,14,3513,1),
(534,135,4957,10),
(535,30,4739,4),
(536,43,989,9),
(537,31,5336,5),
(538,98,1715,4),
(539,147,2788,5),
(540,129,952,3),
(541,65,1738,1),
(542,44,717,7),
(543,28,4130,9),
(544,54,3649,10),
(545,3,9522,3),
(546,24,2060,7),
(547,148,9526,5),
(548,91,3690,3),
(549,130,4835,8),
(550,24,6349,6),
(551,46,3185,2),
(552,143,1271,9),
(553,146,5697,4),
(554,80,2123,6),
(555,95,5306,5),
(556,30,2299,1),
(557,97,576,5),
(558,63,698,2),
(559,132,6031,10),
(560,125,3768,3),
(561,63,2349,4),
(562,27,2402,5),
(563,79,7028,1),
(564,13,4073,10),
(565,115,8821,3),
(566,139,6074,2),
(567,47,549,5),
(568,33,9241,1),
(569,44,2476,8),
(570,145,2785,2),
(571,105,8962,2),
(572,128,2661,8),
(573,16,5759,10),
(574,77,7369,6),
(575,5,7493,10),
(576,41,2886,10),
(577,13,5754,10),
(578,41,7665,6),
(579,117,2951,10),
(580,36,3310,3),
(581,54,3584,5),
(582,82,615,9),
(583,43,520,5),
(584,116,6585,3),
(585,67,8631,4),
(586,25,9052,5),
(587,123,3628,8),
(588,41,1570,3),
(589,27,3044,3),
(590,78,1576,7),
(591,3,8863,2),
(592,92,9161,6),
(593,5,8273,8),
(594,27,7673,6),
(595,97,7698,5),
(596,57,2266,2),
(597,117,868,1),
(598,130,6819,2),
(599,3,7629,2),
(600,90,1628,9),
(601,45,1510,3),
(602,94,651,5),
(603,35,5319,6),
(604,114,2551,4),
(605,72,5054,8),
(606,137,6938,10),
(607,37,3734,9),
(608,56,7538,10),
(609,76,2035,1),
(610,64,6294,5),
(611,35,2456,7),
(612,45,3614,8),
(613,56,6841,7),
(614,69,2492,5),
(615,31,1911,9),
(616,96,4368,2),
(617,82,1923,5),
(618,95,9577,7),
(619,111,5516,5),
(620,74,4751,7),
(621,126,1058,7),
(622,101,2928,1),
(623,13,6483,10),
(624,2,1513,1),
(625,73,4112,4),
(626,77,8569,6),
(627,59,9092,8),
(628,99,2454,4),
(629,13,1956,2),
(630,106,5814,8),
(631,143,759,4),
(632,129,526,1),
(633,142,6371,2),
(634,57,6148,8),
(635,51,4376,10),
(636,36,5116,5),
(637,9,1901,10),
(638,124,845,2),
(639,113,4995,1),
(640,84,1074,6),
(641,123,8632,6),
(642,72,799,1),
(643,104,1215,6),
(644,99,5487,9),
(645,142,5289,4),
(646,90,5000,1),
(647,122,3172,9),
(648,91,4981,1),
(649,5,4239,3),
(650,48,5982,4),
(651,50,586,7),
(652,143,5872,2),
(653,73,6260,3),
(654,72,3764,2),
(655,73,8265,5),
(656,121,4052,6),
(657,8,9127,1),
(658,80,2395,6),
(659,73,923,1),
(660,48,4769,5),
(661,21,9732,4),
(662,120,3368,3),
(663,62,6857,2),
(664,98,2699,2),
(665,17,4739,8),
(666,45,7232,8),
(667,9,2996,7),
(668,60,1985,10),
(669,9,8348,5),
(670,98,9009,6),
(671,62,6075,3),
(672,101,9718,6),
(673,88,1638,1),
(674,126,3758,7),
(675,86,3965,4),
(676,82,2324,2),
(677,23,8884,3),
(678,141,9619,7),
(679,97,2992,9),
(680,104,9125,3),
(681,113,3401,7),
(682,66,5185,1),
(683,148,6896,2),
(684,53,9546,4),
(685,79,2708,1),
(686,115,2419,9),
(687,16,4692,7),
(688,35,3426,5),
(689,34,7834,8),
(690,47,5675,1),
(691,63,5833,1),
(692,12,6738,2),
(693,135,2811,3),
(694,64,808,4),
(695,10,7688,9),
(696,74,2546,7),
(697,109,7637,5),
(698,54,6782,9),
(699,87,6357,10),
(700,133,2166,3),
(701,59,3140,7),
(702,134,3067,5),
(703,42,9346,1),
(704,58,3467,9),
(705,102,6692,7),
(706,108,2067,4),
(707,45,8110,10),
(708,145,941,10),
(709,109,4942,3),
(710,63,2555,3),
(711,15,5767,2),
(712,31,7448,2),
(713,89,3069,10),
(714,136,3602,2),
(715,22,2917,1),
(716,34,3277,2),
(717,101,750,6),
(718,21,898,2),
(719,123,5192,9),
(720,43,601,10),
(721,68,2507,9),
(722,58,5861,9),
(723,97,9054,10),
(724,97,4885,6),
(725,29,1387,1),
(726,115,2471,2),
(727,107,2402,4),
(728,48,907,6),
(729,51,2208,2),
(730,67,7236,9),
(731,8,1304,2),
(732,10,8639,8),
(733,92,9579,7),
(734,49,4346,4),
(735,110,6860,8),
(736,45,7207,5),
(737,34,8569,2),
(738,108,2123,1),
(739,41,2014,1),
(740,124,6009,2),
(741,58,1041,4),
(742,14,3732,4),
(743,84,8902,7),
(744,79,6806,2),
(745,135,8637,4),
(746,96,8853,1),
(747,38,8123,4),
(748,150,8332,3),
(749,48,5235,3),
(750,51,2417,6),
(751,78,1463,7),
(752,144,5258,4),
(753,77,5687,1),
(754,90,3249,6),
(755,55,9791,9),
(756,42,5120,9),
(757,90,3480,2),
(758,12,3553,6),
(759,17,4318,5),
(760,36,834,10),
(761,149,9631,1),
(762,104,5901,4),
(763,60,9530,8),
(764,133,5621,7),
(765,102,3095,4),
(766,89,6239,5),
(767,48,7404,7),
(768,93,6104,2),
(769,3,7694,7),
(770,70,7470,5),
(771,102,6119,4),
(772,93,709,3),
(773,1,5384,1),
(774,63,9439,10),
(775,149,1684,1),
(776,137,7913,8),
(777,118,7320,7),
(778,75,754,8),
(779,135,682,4),
(780,143,9220,3),
(781,19,8260,8),
(782,146,7782,10),
(783,76,7285,3),
(784,74,1052,3),
(785,132,1712,10),
(786,137,9765,7),
(787,76,4876,3),
(788,115,3538,2),
(789,48,4656,1),
(790,120,1373,6),
(791,101,7121,7),
(792,94,5202,3),
(793,46,2601,3),
(794,88,4107,6),
(795,46,5646,2),
(796,148,9386,2),
(797,17,6164,1),
(798,44,3185,2),
(799,129,2894,8),
(800,47,1344,6),
(801,129,3959,6),
(802,132,8936,1),
(803,150,4465,8),
(804,31,5730,7),
(805,52,8131,5),
(806,22,6208,6),
(807,65,862,5),
(808,108,2129,7),
(809,81,899,2),
(810,79,2248,5),
(811,88,2009,6),
(812,49,9842,3),
(813,28,7893,8),
(814,28,5491,1),
(815,106,8380,4),
(816,33,9977,6),
(817,70,9243,8),
(818,59,3602,1),
(819,140,4896,1),
(820,18,9541,6),
(821,125,5983,4),
(822,58,742,6),
(823,109,4505,5),
(824,18,3571,6),
(825,136,6083,3),
(826,122,845,8),
(827,141,6585,7),
(828,148,8322,2),
(829,119,7781,10),
(830,74,2435,5),
(831,126,7091,1),
(832,44,9319,4),
(833,114,8720,7),
(834,121,557,9),
(835,33,600,7),
(836,122,6654,3),
(837,138,4390,2),
(838,59,7722,9),
(839,140,3362,9),
(840,125,1680,4),
(841,97,5746,8),
(842,63,2847,7),
(843,119,758,4),
(844,142,2836,7),
(845,28,740,4),
(846,29,3857,1),
(847,35,630,9),
(848,100,7828,10),
(849,129,5455,5),
(850,73,7312,7),
(851,25,7284,4),
(852,81,2115,4),
(853,38,2818,3),
(854,95,6422,9),
(855,10,8240,9),
(856,66,9224,3),
(857,61,6885,7),
(858,114,4352,10),
(859,80,4138,3),
(860,115,6347,3),
(861,32,8302,10),
(862,85,9881,10),
(863,101,5958,1),
(864,104,8969,1),
(865,111,611,10),
(866,54,5486,6),
(867,78,8585,2),
(868,29,5531,3),
(869,92,1239,5),
(870,133,3739,1),
(871,101,3509,2),
(872,85,824,8),
(873,135,7585,5),
(874,105,7212,10),
(875,150,4077,7),
(876,54,8598,5),
(877,86,2679,8),
(878,115,7661,9),
(879,126,5791,1),
(880,31,5578,5),
(881,38,8861,2),
(882,85,3085,9),
(883,110,1590,8),
(884,139,1962,8),
(885,7,8335,5),
(886,37,8638,10),
(887,88,1456,1),
(888,56,7721,8),
(889,49,3848,6),
(890,148,6241,8),
(891,49,8335,6),
(892,38,4345,10),
(893,68,6221,8),
(894,2,1745,8),
(895,112,8121,4),
(896,50,4113,9),
(897,91,2101,6),
(898,55,8404,10),
(899,14,3916,1),
(900,114,622,1),
(901,57,7284,4),
(902,126,5853,2),
(903,61,9961,3),
(904,97,7241,2),
(905,81,9371,7),
(906,136,6673,8),
(907,28,9221,8),
(908,66,7103,5),
(909,47,2667,2),
(910,57,4497,6),
(911,70,7699,5),
(912,18,8316,8),
(913,33,9834,1),
(914,42,7391,7),
(915,62,2728,7),
(916,125,6959,7),
(917,145,9112,4),
(918,97,7453,5),
(919,9,643,9),
(920,116,6008,10),
(921,114,8515,1),
(922,3,8453,2),
(923,17,4572,3),
(924,101,5314,1),
(925,48,590,6),
(926,120,792,9),
(927,80,1917,5),
(928,7,6769,6),
(929,118,6090,2),
(930,10,6477,6),
(931,36,2481,9),
(932,66,6130,9),
(933,40,7435,8),
(934,150,3719,4),
(935,105,7862,9),
(936,76,557,1),
(937,81,3773,6),
(938,94,1768,6),
(939,117,1621,6),
(940,104,5569,10),
(941,21,3909,6),
(942,67,6594,6),
(943,57,5448,3),
(944,114,4510,1),
(945,146,1320,2),
(946,10,4187,3),
(947,11,3567,4),
(948,4,2594,7),
(949,85,8511,9),
(950,33,1691,6),
(951,41,2731,9),
(952,77,4598,5),
(953,93,7238,5),
(954,42,9659,6),
(955,86,7844,5),
(956,119,1848,7),
(957,25,1822,8),
(958,66,5284,9),
(959,49,8169,6),
(960,63,6577,6),
(961,100,6593,1),
(962,71,3795,5),
(963,71,5633,8),
(964,48,4571,10),
(965,76,4329,9),
(966,99,7264,8),
(967,8,8542,9),
(968,57,6344,10),
(969,66,2444,3),
(970,28,3497,9),
(971,108,6273,5),
(972,24,9359,4),
(973,136,7853,3),
(974,135,7332,4),
(975,93,3790,8),
(976,100,5368,8),
(977,51,4099,1),
(978,42,5212,4),
(979,40,9883,5),
(980,63,4552,10),
(981,22,2566,10),
(982,103,5203,8),
(983,26,851,10),
(984,20,3789,1),
(985,39,2401,7),
(986,141,6882,6),
(987,6,6764,8),
(988,78,1775,10),
(989,15,1391,9),
(990,14,2856,9),
(991,84,1542,8),
(992,143,7279,10),
(993,87,2922,10),
(994,106,7359,2),
(995,50,954,8),
(996,93,8884,10),
(997,133,964,10),
(998,140,1832,1),
(999,1,7322,10),
(1000,134,7399,6),
(1001,49,935,5),
(1002,33,899,4),
(1003,74,2343,4),
(1004,50,5554,9),
(1005,143,1245,6),
(1006,75,1860,9),
(1007,39,8804,5),
(1008,54,7567,8),
(1009,45,7610,6),
(1010,109,8974,5),
(1011,120,1083,3),
(1012,69,2369,1),
(1013,83,6736,1),
(1014,73,1555,2),
(1015,63,1696,8),
(1016,48,9743,5),
(1017,124,6981,8),
(1018,136,3240,3),
(1019,55,4594,10),
(1020,34,8291,4),
(1021,43,734,9),
(1022,105,6984,8),
(1023,102,3662,3),
(1024,128,1566,7),
(1025,56,1024,8),
(1026,12,9221,6),
(1027,134,8438,6),
(1028,125,4735,3),
(1029,128,1116,3),
(1030,91,3212,4),
(1031,88,6876,9),
(1032,132,917,9),
(1033,121,8711,3),
(1034,61,1237,5),
(1035,43,703,9),
(1036,115,5829,4),
(1037,57,5142,8),
(1038,103,4789,10),
(1039,126,9210,9),
(1040,92,4993,10),
(1041,28,3111,9),
(1042,72,6894,4),
(1043,34,7486,4),
(1044,144,5161,5),
(1045,51,1030,3),
(1046,119,9666,4),
(1047,110,2488,1),
(1048,16,8630,2),
(1049,8,1643,5),
(1050,44,7438,1),
(1051,48,5919,7),
(1052,94,667,7),
(1053,25,4314,1),
(1054,12,6717,2),
(1055,69,7402,5),
(1056,39,4238,4),
(1057,124,6105,6),
(1058,148,3607,8),
(1059,52,5684,4),
(1060,35,6150,4),
(1061,13,3847,7),
(1062,50,8145,3),
(1063,130,3556,5),
(1064,20,3029,1),
(1065,24,7160,3),
(1066,12,3344,9),
(1067,112,5529,7),
(1068,127,4914,3),
(1069,47,4034,6),
(1070,35,4180,2),
(1071,74,655,4),
(1072,142,1056,2),
(1073,83,5021,1),
(1074,28,3895,5),
(1075,71,7422,2),
(1076,88,3811,8),
(1077,16,1722,4),
(1078,89,3512,5),
(1079,55,3079,7),
(1080,110,2953,8),
(1081,15,629,10),
(1082,119,5580,6),
(1083,56,3556,3),
(1084,137,2417,7),
(1085,124,1143,1),
(1086,26,2941,3),
(1087,64,2500,6),
(1088,4,5347,1),
(1089,133,8141,2),
(1090,91,6012,1),
(1091,101,3969,7),
(1092,59,914,7),
(1093,19,8169,6),
(1094,126,7968,3),
(1095,59,6749,4),
(1096,21,7368,2),
(1097,31,2380,6),
(1098,130,5141,9),
(1099,91,9296,4),
(1100,9,7607,4),
(1101,128,5260,8),
(1102,141,9582,7),
(1103,47,5687,7),
(1104,88,3804,3),
(1105,31,9110,7),
(1106,36,8600,10),
(1107,47,6477,9),
(1108,126,7234,9),
(1109,114,5495,5),
(1110,68,5704,8),
(1111,68,5869,9),
(1112,143,8698,6),
(1113,7,9383,2),
(1114,71,8085,9),
(1115,16,7854,1),
(1116,54,5321,9),
(1117,49,856,8),
(1118,86,4456,1),
(1119,8,2557,5),
(1120,122,4098,10),
(1121,14,6498,10),
(1122,22,9734,2),
(1123,49,2233,6),
(1124,108,1163,4),
(1125,51,2299,10),
(1126,137,7659,1),
(1127,76,1075,5),
(1128,26,2409,3),
(1129,120,1066,8),
(1130,39,9439,10),
(1131,93,4326,1),
(1132,32,2271,5),
(1133,61,3074,8),
(1134,22,7960,10),
(1135,128,6320,7),
(1136,18,9150,1),
(1137,57,3597,5),
(1138,58,3921,6),
(1139,8,2626,7),
(1140,83,9718,9),
(1141,3,9758,6),
(1142,114,9104,7),
(1143,30,552,2),
(1144,3,8406,4),
(1145,97,5760,1),
(1146,56,6774,1),
(1147,119,556,2),
(1148,66,9709,9),
(1149,93,8895,5),
(1150,78,2551,5),
(1151,28,9014,2),
(1152,112,8938,6),
(1153,4,5004,8),
(1154,58,748,8),
(1155,64,4584,3),
(1156,11,1208,2),
(1157,136,7476,1),
(1158,124,523,8),
(1159,92,2704,7),
(1160,89,7810,5),
(1161,64,4875,10),
(1162,5,8115,9),
(1163,75,7268,10),
(1164,82,9831,10),
(1165,90,5601,5),
(1166,116,8055,6),
(1167,17,5906,2),
(1168,119,9902,3),
(1169,148,9265,7),
(1170,64,4056,5),
(1171,74,3973,3),
(1172,138,6551,1),
(1173,5,9974,1),
(1174,136,3846,6),
(1175,67,9064,7),
(1176,70,1724,4),
(1177,149,5001,9),
(1178,86,2335,4),
(1179,43,1746,4),
(1180,142,4267,8),
(1181,47,4074,4),
(1182,70,1989,2),
(1183,14,1738,9),
(1184,114,7376,9),
(1185,86,4078,5),
(1186,126,6077,3),
(1187,65,4646,1),
(1188,103,6229,1),
(1189,6,653,1),
(1190,98,8050,7),
(1191,120,3425,7),
(1192,1,909,7),
(1193,145,759,6),
(1194,86,1630,4),
(1195,123,2246,5),
(1196,98,7501,8),
(1197,129,3468,10),
(1198,103,9766,3),
(1199,22,1073,3),
(1200,14,4029,3),
(1201,49,1945,1),
(1202,49,4638,6),
(1203,19,7697,7),
(1204,94,2837,5),
(1205,23,3846,7),
(1206,78,8112,8),
(1207,37,5247,7),
(1208,7,5446,5),
(1209,3,6213,6),
(1210,85,3850,9),
(1211,8,7354,1),
(1212,4,5113,4),
(1213,43,2826,8),
(1214,18,3927,10),
(1215,146,678,5),
(1216,64,1184,8),
(1217,83,6298,8),
(1218,89,2907,10),
(1219,6,8742,8),
(1220,129,6002,4),
(1221,114,7985,10),
(1222,55,7666,8),
(1223,7,3497,3),
(1224,61,9917,5),
(1225,133,3441,4),
(1226,17,8764,8),
(1227,64,8626,2),
(1228,114,5941,3),
(1229,3,8871,2),
(1230,136,1288,2),
(1231,108,4540,8),
(1232,114,1281,7),
(1233,59,1989,6),
(1234,80,4477,4),
(1235,88,2522,2),
(1236,114,556,2),
(1237,77,5678,8),
(1238,51,7148,4),
(1239,80,5479,3),
(1240,115,2970,2),
(1241,86,2764,9),
(1242,70,5838,7),
(1243,58,3765,5),
(1244,144,9746,1),
(1245,8,8276,10),
(1246,6,7123,5),
(1247,106,1850,8),
(1248,116,9601,2),
(1249,2,4436,2),
(1250,15,5153,1),
(1251,134,2947,2),
(1252,46,7545,1),
(1253,114,9021,5),
(1254,80,6475,6),
(1255,18,9846,9),
(1256,92,9518,1),
(1257,48,9702,1),
(1258,123,6892,1),
(1259,119,980,4),
(1260,44,7345,1),
(1261,41,8947,3),
(1262,47,1971,3),
(1263,18,9892,9),
(1264,103,2740,5),
(1265,15,5361,2),
(1266,62,961,8),
(1267,114,3934,5),
(1268,104,1359,5),
(1269,15,5522,2),
(1270,31,5833,8),
(1271,13,3105,7),
(1272,73,6413,4),
(1273,24,9890,8),
(1274,71,4168,7),
(1275,86,4709,5),
(1276,10,1761,8),
(1277,119,2949,7),
(1278,83,7174,2),
(1279,64,9535,10),
(1280,89,634,2),
(1281,33,9950,1),
(1282,22,5423,8),
(1283,33,3664,3),
(1284,22,4648,2),
(1285,88,8067,9),
(1286,62,1300,6),
(1287,81,2136,10),
(1288,20,4952,10),
(1289,22,931,7),
(1290,60,5906,1),
(1291,92,751,2),
(1292,93,4811,2),
(1293,103,2059,2),
(1294,47,4158,10),
(1295,71,9832,8),
(1296,93,7318,5),
(1297,78,4996,1),
(1298,34,3810,10),
(1299,72,5589,6),
(1300,40,4041,9),
(1301,92,3343,4),
(1302,101,6092,1),
(1303,103,6678,10),
(1304,76,6662,3),
(1305,40,4862,3),
(1306,14,9938,5),
(1307,19,831,10),
(1308,31,2277,5),
(1309,38,2782,2),
(1310,2,1467,1),
(1311,52,2245,6),
(1312,54,5432,7),
(1313,100,7582,1),
(1314,101,9448,3),
(1315,38,4126,10),
(1316,92,9275,9),
(1317,50,2932,6),
(1318,4,9784,3),
(1319,117,6153,4),
(1320,134,3913,5),
(1321,3,2883,1),
(1322,148,6818,4),
(1323,31,868,9),
(1324,125,3724,6),
(1325,96,520,10),
(1326,70,8698,9),
(1327,27,715,9),
(1328,144,6197,6),
(1329,92,9714,10),
(1330,106,5182,10),
(1331,106,5279,5),
(1332,150,5081,2),
(1333,51,7164,7),
(1334,49,9726,8),
(1335,90,617,5),
(1336,17,2230,4),
(1337,134,3470,9),
(1338,80,7372,8),
(1339,17,2622,4),
(1340,64,846,8),
(1341,43,7706,6),
(1342,80,9029,7),
(1343,107,6053,1),
(1344,51,7867,2),
(1345,20,4883,8),
(1346,23,4940,7),
(1347,79,6443,9),
(1348,12,7280,5),
(1349,66,9851,6),
(1350,142,9772,10),
(1351,75,1941,1),
(1352,107,785,5),
(1353,74,9207,9),
(1354,108,733,2),
(1355,59,3425,9),
(1356,19,9802,6),
(1357,64,624,7),
(1358,8,1807,10),
(1359,119,1554,3),
(1360,115,9880,9),
(1361,99,1097,1),
(1362,16,8510,10),
(1363,19,1523,5),
(1364,116,1718,1),
(1365,61,6172,4),
(1366,77,801,2),
(1367,50,2314,5),
(1368,57,1031,8),
(1369,109,6762,10),
(1370,76,4288,3),
(1371,51,5404,7),
(1372,86,8192,1),
(1373,86,2357,1),
(1374,81,969,5),
(1375,51,890,7),
(1376,147,1735,10),
(1377,69,8068,4),
(1378,18,5895,4),
(1379,124,4748,4),
(1380,42,6147,4),
(1381,76,1629,3),
(1382,128,4126,7),
(1383,77,1881,8),
(1384,81,4017,4),
(1385,83,5667,6),
(1386,142,1595,9),
(1387,94,9023,1),
(1388,50,2199,2),
(1389,39,4119,8),
(1390,96,9881,7),
(1391,93,3905,6),
(1392,30,8898,7),
(1393,121,9489,3),
(1394,8,8633,4),
(1395,86,6616,10),
(1396,99,5802,6),
(1397,121,3546,7),
(1398,96,3190,2),
(1399,68,1037,1),
(1400,78,1568,9),
(1401,81,4010,10),
(1402,65,607,8),
(1403,80,1465,4),
(1404,113,4427,5),
(1405,124,6983,7),
(1406,16,1964,8),
(1407,114,1501,3),
(1408,18,7279,2),
(1409,10,7263,3),
(1410,133,9262,5),
(1411,122,5896,2),
(1412,123,3741,2),
(1413,42,8918,2),
(1414,47,9195,9),
(1415,29,9929,1),
(1416,1,2701,1),
(1417,14,8281,8),
(1418,143,5072,9),
(1419,97,643,3),
(1420,67,7116,8),
(1421,50,5667,3),
(1422,52,5209,7),
(1423,72,9169,8),
(1424,7,8609,6),
(1425,129,5130,1),
(1426,142,2114,3),
(1427,94,2436,4),
(1428,5,2355,7),
(1429,139,1229,9),
(1430,20,9556,9),
(1431,138,6185,3),
(1432,38,4897,6),
(1433,100,767,6),
(1434,39,683,9),
(1435,8,3754,6),
(1436,27,1783,5),
(1437,40,2834,2),
(1438,21,4608,4),
(1439,123,1426,5),
(1440,122,4240,4),
(1441,61,4913,4),
(1442,113,2285,7),
(1443,149,4398,4),
(1444,12,9107,10),
(1445,24,4832,7),
(1446,17,2724,1),
(1447,72,5733,1),
(1448,72,905,4),
(1449,107,2450,8),
(1450,2,2094,6),
(1451,147,9783,6),
(1452,41,6190,10),
(1453,37,6469,8),
(1454,32,9158,1),
(1455,4,3172,2),
(1456,72,6221,10),
(1457,60,4010,8),
(1458,150,5771,1),
(1459,12,8586,5),
(1460,76,4197,6),
(1461,72,890,5),
(1462,99,9182,2),
(1463,109,9144,4),
(1464,33,5857,1),
(1465,111,7278,5),
(1466,51,7280,6),
(1467,41,2861,3),
(1468,62,8676,8),
(1469,113,7192,5),
(1470,137,6215,3),
(1471,68,3534,8),
(1472,69,4466,9),
(1473,23,9044,5),
(1474,9,3768,2),
(1475,109,4079,6),
(1476,105,5472,3),
(1477,101,9542,8),
(1478,117,2612,3),
(1479,123,4474,7),
(1480,33,4150,9),
(1481,62,8624,4),
(1482,16,3799,9),
(1483,43,7728,4),
(1484,42,9222,4),
(1485,9,741,10),
(1486,5,1000,1),
(1487,99,8562,2),
(1488,20,6395,1),
(1489,18,4251,10),
(1490,9,3713,4),
(1491,103,6408,4),
(1492,38,1439,4),
(1493,127,2955,3),
(1494,55,5860,1),
(1495,148,7497,9),
(1496,72,699,7),
(1497,72,8611,2),
(1498,94,7509,8),
(1499,113,4096,5),
(1500,51,7326,9),
(1501,4,715,5),
(1502,139,4351,1),
(1503,25,9786,6),
(1504,35,9778,3),
(1505,86,3163,10),
(1506,57,3571,4),
(1507,51,6238,1),
(1508,45,2397,2),
(1509,34,1655,3),
(1510,34,8684,4),
(1511,63,8091,3),
(1512,50,7406,2),
(1513,35,7990,7),
(1514,17,9631,8),
(1515,97,7603,2),
(1516,58,3600,5),
(1517,20,9723,7),
(1518,75,630,3),
(1519,64,1408,5),
(1520,65,2533,10),
(1521,116,9660,4),
(1522,29,7582,9),
(1523,68,3289,10),
(1524,97,4263,6),
(1525,8,3339,10),
(1526,25,3494,1),
(1527,138,5399,9),
(1528,79,4124,5),
(1529,126,2879,4),
(1530,41,3456,2),
(1531,67,8455,5),
(1532,99,3572,3),
(1533,60,2578,7),
(1534,15,9982,6),
(1535,27,8434,6),
(1536,59,3849,4),
(1537,92,9418,8),
(1538,19,571,10),
(1539,23,9702,3),
(1540,68,7098,9),
(1541,108,6823,4),
(1542,145,7773,1),
(1543,43,4172,6),
(1544,121,8099,1),
(1545,100,6636,3),
(1546,60,8204,2),
(1547,61,4539,5),
(1548,26,5171,4),
(1549,66,687,4),
(1550,145,2599,2),
(1551,4,7687,1),
(1552,20,641,6),
(1553,125,2957,6),
(1554,86,3963,7),
(1555,67,739,9),
(1556,98,6648,9),
(1557,5,3182,2),
(1558,134,8116,10),
(1559,63,9458,1),
(1560,94,3486,3),
(1561,13,2680,4),
(1562,46,5156,2),
(1563,52,4088,1),
(1564,73,5959,5),
(1565,63,4187,9),
(1566,73,4164,1),
(1567,117,4655,8),
(1568,5,801,8),
(1569,51,6191,2),
(1570,26,9490,9),
(1571,105,8406,7),
(1572,40,3631,1),
(1573,78,754,6),
(1574,131,4333,3),
(1575,114,7660,7),
(1576,65,6622,6),
(1577,52,6239,4),
(1578,50,9886,10),
(1579,50,2003,5),
(1580,28,995,8),
(1581,95,8206,7),
(1582,97,8307,6),
(1583,131,3867,10),
(1584,50,3198,4),
(1585,25,5244,7),
(1586,40,2221,1),
(1587,148,9631,6),
(1588,113,7772,6),
(1589,53,522,8),
(1590,90,1106,1),
(1591,64,4684,2),
(1592,148,1227,4),
(1593,84,7807,3),
(1594,23,5185,7),
(1595,29,999,9),
(1596,71,601,3),
(1597,18,9494,4),
(1598,148,4406,6),
(1599,25,4077,1),
(1600,78,5169,8),
(1601,115,2650,3),
(1602,92,7554,4),
(1603,104,5828,10),
(1604,84,9803,6),
(1605,138,1466,2),
(1606,16,3331,7),
(1607,25,1055,4),
(1608,99,8351,10),
(1609,136,727,6),
(1610,118,2523,7),
(1611,68,7653,3),
(1612,14,2438,1),
(1613,45,8343,9),
(1614,2,5817,8),
(1615,125,5422,6),
(1616,128,2770,7),
(1617,126,9810,8),
(1618,5,8756,4),
(1619,46,8036,7),
(1620,64,8508,3),
(1621,147,9833,8),
(1622,38,2559,4),
(1623,113,6492,5),
(1624,51,1080,1),
(1625,124,9792,6),
(1626,73,9862,9),
(1627,65,2818,1),
(1628,142,3585,1),
(1629,32,989,5),
(1630,111,7164,6),
(1631,21,4289,10),
(1632,117,9828,6),
(1633,116,2206,10),
(1634,97,8817,4),
(1635,136,3121,5),
(1636,107,4176,7),
(1637,133,7053,9),
(1638,20,5445,7),
(1639,78,4134,9),
(1640,60,978,1),
(1641,71,1578,5),
(1642,58,6086,9),
(1643,114,3281,7),
(1644,59,3056,4),
(1645,62,9257,8),
(1646,20,6785,2),
(1647,139,6370,2),
(1648,84,1719,7),
(1649,112,8391,9),
(1650,123,8266,4),
(1651,77,1973,7),
(1652,2,7446,1),
(1653,91,5529,8),
(1654,21,8736,9),
(1655,63,2027,10),
(1656,2,6879,8),
(1657,22,5497,4),
(1658,18,2847,2),
(1659,132,6055,6),
(1660,52,9666,8),
(1661,133,3012,10),
(1662,139,3103,1),
(1663,138,541,9),
(1664,119,3109,6),
(1665,67,939,6),
(1666,136,3544,4),
(1667,49,3537,7),
(1668,21,8575,6),
(1669,132,623,8),
(1670,14,6351,9),
(1671,26,556,3),
(1672,28,3053,1),
(1673,76,1414,6),
(1674,41,1609,1),
(1675,51,4016,3),
(1676,143,8385,1),
(1677,14,2090,2),
(1678,2,5200,2),
(1679,95,2500,10),
(1680,17,9842,4),
(1681,48,1527,6),
(1682,111,4558,6),
(1683,39,7069,5),
(1684,97,5414,1),
(1685,59,9532,5),
(1686,70,7761,7),
(1687,106,1188,9),
(1688,26,4112,6),
(1689,95,2871,1),
(1690,51,3881,3),
(1691,26,4528,1),
(1692,89,3642,6),
(1693,145,2884,5),
(1694,118,8088,10),
(1695,21,4064,2),
(1696,32,4584,4),
(1697,60,3881,4),
(1698,33,3113,7),
(1699,128,4828,3),
(1700,69,5852,8),
(1701,125,7109,8),
(1702,77,2329,5),
(1703,5,4820,1),
(1704,142,5598,9),
(1705,62,3750,4),
(1706,77,6932,5),
(1707,100,4943,1),
(1708,33,774,1),
(1709,24,6749,10),
(1710,146,6197,5),
(1711,51,6391,7),
(1712,72,6907,3),
(1713,85,1796,2),
(1714,101,7322,3),
(1715,3,2898,10),
(1716,47,7572,1),
(1717,57,2100,5),
(1718,80,2168,3),
(1719,51,6039,8),
(1720,64,9556,9),
(1721,63,9735,2),
(1722,61,643,6),
(1723,66,619,10),
(1724,56,5523,4),
(1725,17,9341,2),
(1726,83,9188,6),
(1727,117,947,6),
(1728,39,7392,2),
(1729,50,4321,5),
(1730,82,5918,8),
(1731,102,7081,4),
(1732,43,5314,9),
(1733,48,6552,2),
(1734,128,8024,3),
(1735,111,6344,5),
(1736,101,6090,4),
(1737,89,7219,5),
(1738,132,3143,5),
(1739,138,4310,9),
(1740,12,858,10),
(1741,31,7560,3),
(1742,131,8869,4),
(1743,1,4361,2),
(1744,83,6740,7),
(1745,15,4583,7),
(1746,113,9908,2),
(1747,92,849,7),
(1748,58,6909,4),
(1749,86,3081,8),
(1750,58,643,2),
(1751,12,8650,1),
(1752,34,4637,3),
(1753,92,4826,9),
(1754,131,6855,8),
(1755,60,1184,4),
(1756,49,6841,3),
(1757,122,4563,8),
(1758,81,5541,1),
(1759,25,7947,1),
(1760,125,613,2),
(1761,90,9467,4),
(1762,128,5416,8),
(1763,69,5459,2),
(1764,90,4157,5),
(1765,100,893,10),
(1766,37,6576,3),
(1767,59,4936,6),
(1768,39,2366,4),
(1769,80,9779,4),
(1770,95,7433,7),
(1771,59,7062,10),
(1772,13,1780,9),
(1773,122,3489,10),
(1774,125,3237,6),
(1775,27,5121,2),
(1776,138,3411,6),
(1777,36,1467,7),
(1778,98,1306,2),
(1779,68,1921,1),
(1780,127,3449,2),
(1781,144,7991,9),
(1782,119,9465,8),
(1783,144,7567,4),
(1784,22,9627,2),
(1785,100,626,1),
(1786,135,8408,8),
(1787,142,3413,2),
(1788,6,9402,3),
(1789,49,7385,10),
(1790,69,4949,2),
(1791,88,2532,3),
(1792,90,804,9),
(1793,46,9329,4),
(1794,80,7729,7),
(1795,116,7474,7),
(1796,76,4564,8),
(1797,72,914,4),
(1798,147,738,7),
(1799,77,5102,4),
(1800,92,5239,6),
(1801,100,2141,9),
(1802,120,6474,6),
(1803,132,3467,6),
(1804,130,7110,3),
(1805,35,3702,9),
(1806,35,4378,10),
(1807,45,3258,2),
(1808,138,8208,9),
(1809,13,2479,5),
(1810,63,2868,9),
(1811,74,4931,8),
(1812,17,6582,7),
(1813,9,9812,4),
(1814,32,2464,4),
(1815,60,3305,7),
(1816,45,1397,6),
(1817,141,1263,1),
(1818,11,3352,1),
(1819,41,1960,4),
(1820,104,7453,8),
(1821,35,4609,7),
(1822,42,7489,9),
(1823,53,5880,1),
(1824,58,5939,8),
(1825,105,5368,3),
(1826,41,4680,6),
(1827,55,9502,5),
(1828,99,6322,7),
(1829,97,1070,8),
(1830,14,2564,2),
(1831,123,6249,9),
(1832,128,5905,6),
(1833,96,4897,10),
(1834,15,542,4),
(1835,5,1467,10),
(1836,141,9886,9),
(1837,87,5669,3),
(1838,10,722,2),
(1839,95,2904,9),
(1840,81,8942,3),
(1841,121,2187,9),
(1842,70,522,3),
(1843,104,569,7),
(1844,150,5319,5),
(1845,62,1596,2),
(1846,68,529,10),
(1847,143,6153,9),
(1848,121,4746,2),
(1849,96,7493,7),
(1850,31,2877,6),
(1851,57,3716,7),
(1852,103,1645,8),
(1853,7,941,9),
(1854,137,4798,10),
(1855,140,6568,6),
(1856,23,6321,3),
(1857,99,7283,7),
(1858,71,8827,7),
(1859,11,1634,7),
(1860,116,2856,2),
(1861,124,2782,2),
(1862,46,1473,7),
(1863,132,5628,6),
(1864,4,730,8),
(1865,60,7351,10),
(1866,5,4130,6),
(1867,50,8222,5),
(1868,81,7284,8),
(1869,17,2140,9),
(1870,122,3735,9),
(1871,109,2168,2),
(1872,45,6149,9),
(1873,21,4940,2),
(1874,13,4778,10),
(1875,10,8454,4),
(1876,88,6761,2),
(1877,117,2481,7),
(1878,75,8381,9),
(1879,71,5656,5),
(1880,54,8489,4),
(1881,45,7430,7),
(1882,90,8700,9),
(1883,54,8800,7),
(1884,120,3603,5),
(1885,73,3919,8),
(1886,48,2053,9),
(1887,93,7517,2),
(1888,146,3701,8),
(1889,49,7157,3),
(1890,101,9083,7),
(1891,98,4095,4),
(1892,13,2037,2),
(1893,25,1436,2),
(1894,45,3501,6),
(1895,35,2367,1),
(1896,14,2471,9),
(1897,142,5049,9),
(1898,63,2729,8),
(1899,2,5222,3),
(1900,89,4175,4),
(1901,121,2316,4),
(1902,137,9419,1),
(1903,150,5954,10),
(1904,97,5876,4),
(1905,135,8298,6),
(1906,100,913,3),
(1907,53,9538,4),
(1908,82,9707,9),
(1909,91,9982,1),
(1910,119,5226,7),
(1911,2,5467,10),
(1912,17,626,3),
(1913,98,4554,1),
(1914,81,7223,4),
(1915,9,6239,2),
(1916,118,4007,8),
(1917,18,4519,2),
(1918,92,8825,10),
(1919,25,2745,4),
(1920,87,1364,6),
(1921,13,8516,3),
(1922,40,5866,9),
(1923,100,9704,3),
(1924,57,892,4),
(1925,108,1724,6),
(1926,13,9178,9),
(1927,60,4502,4),
(1928,134,3781,10),
(1929,101,8482,3),
(1930,112,3480,2),
(1931,43,8559,9),
(1932,1,3754,6),
(1933,67,4078,9),
(1934,28,4654,2),
(1935,150,5642,8),
(1936,40,6514,6),
(1937,91,5941,6),
(1938,49,2726,10),
(1939,123,4205,8),
(1940,125,3880,8),
(1941,119,6761,8),
(1942,147,1564,3),
(1943,30,1897,6),
(1944,143,3747,10),
(1945,66,653,1),
(1946,99,5036,1),
(1947,147,3436,7),
(1948,111,3923,5),
(1949,86,6815,5),
(1950,128,908,4),
(1951,89,9680,1),
(1952,104,8090,4),
(1953,37,3513,5),
(1954,5,7885,2),
(1955,129,9471,8),
(1956,45,2093,5),
(1957,132,9673,2),
(1958,102,956,5),
(1959,66,8804,1),
(1960,39,2152,4),
(1961,65,709,6),
(1962,26,555,1),
(1963,67,8863,1),
(1964,37,4722,2),
(1965,13,611,3),
(1966,133,3357,10),
(1967,104,950,9),
(1968,20,2879,6),
(1969,12,7274,4),
(1970,78,4788,1),
(1971,6,2529,7),
(1972,76,644,7),
(1973,57,3540,2),
(1974,44,7243,5),
(1975,35,6199,1),
(1976,95,3924,8),
(1977,62,1466,8),
(1978,107,9255,2),
(1979,133,7672,9),
(1980,114,8998,4),
(1981,40,4792,8),
(1982,7,5856,4),
(1983,146,1638,6),
(1984,93,6988,3),
(1985,147,8257,6),
(1986,40,841,6),
(1987,63,3844,3),
(1988,85,4935,10),
(1989,29,9269,7),
(1990,147,5970,2),
(1991,54,8693,6),
(1992,118,9071,2),
(1993,49,8312,1),
(1994,14,5094,8),
(1995,69,3743,1),
(1996,44,7822,6),
(1997,23,8332,4),
(1998,49,2661,8),
(1999,123,630,4),
(2000,23,8573,8);

CREATE TABLE wands_property
(
	code INT,
    age INT,
    is_evil INT
);

INSERT INTO wands_property VALUES
(1,301,0),
(2,393,0),
(3,148,1),
(4,33,1),
(5,150,1),
(6,343,0),
(7,135,1),
(8,103,1),
(9,340,0),
(10,93,1),
(11,329,0),
(12,98,1),
(13,219,0),
(14,310,0),
(15,113,1),
(16,29,1),
(17,349,0),
(18,254,0),
(19,58,1),
(20,464,0),
(21,96,1),
(22,413,0),
(23,74,1),
(24,211,0),
(25,102,1),
(26,337,0),
(27,278,0),
(28,130,1),
(29,48,1),
(30,320,0),
(31,345,0),
(32,462,0),
(33,233,0),
(34,397,0),
(35,65,1),
(36,40,1),
(37,374,0),
(38,492,0),
(39,494,0),
(40,290,0),
(41,2,1),
(42,168,0),
(43,199,0),
(44,344,0),
(45,275,0),
(46,438,0),
(47,153,1),
(48,59,1),
(49,311,0),
(50,376,0),
(51,395,0),
(52,101,1),
(53,398,0),
(54,263,0),
(55,127,1),
(56,177,0),
(57,416,0),
(58,79,1),
(59,99,1),
(60,205,0),
(61,9,1),
(62,243,0),
(63,264,0),
(64,240,0),
(65,259,0),
(66,176,0),
(67,247,0),
(68,208,0),
(69,386,0),
(70,306,0),
(71,178,0),
(72,286,0),
(73,375,0),
(74,414,0),
(75,107,1),
(76,297,0),
(77,487,0),
(78,209,0),
(79,364,0),
(80,284,0),
(81,112,1),
(82,481,0),
(83,381,0),
(84,382,0),
(85,229,0),
(86,31,1),
(87,171,0),
(88,353,0),
(89,80,1),
(90,5,1),
(91,432,0),
(92,271,0),
(93,451,0),
(94,388,0),
(95,104,1),
(96,318,0),
(97,335,0),
(98,466,0),
(99,446,0),
(100,85,1),
(101,361,0),
(102,450,0),
(103,496,0),
(104,84,1),
(105,348,0),
(106,430,0),
(107,202,0),
(108,491,0),
(109,181,0),
(110,20,1),
(111,94,1),
(112,164,0),
(113,272,0),
(114,483,0),
(115,105,1),
(116,425,0),
(117,189,0),
(118,100,1),
(119,83,1),
(120,367,0),
(121,455,0),
(122,308,0),
(123,279,0),
(124,136,1),
(125,63,1),
(126,46,1),
(127,81,1),
(128,30,1),
(129,419,0),
(130,292,0),
(131,339,0),
(132,380,0),
(133,146,1),
(134,156,1),
(135,235,0),
(136,172,0),
(137,206,0),
(138,116,1),
(139,123,1),
(140,249,0),
(141,434,0),
(142,8,1),
(143,66,1),
(144,255,0),
(145,222,0),
(146,70,1),
(147,443,0),
(148,389,0),
(149,158,0),
(150,283,0);

CREATE TABLE projects
(
	task_id INT,
    start_date DATE,
    end_date DATE
);

INSERT INTO projects VALUES
(1,'2015-10-01','2015-10-02'),
(24,'2015-10-02','2015-10-03'),
(2,'2015-10-03','2015-10-04'),
(23,'2015-10-04','2015-10-05'),
(3,'2015-10-11','2015-10-12'),
(22,'2015-10-12','2015-10-13'),
(4,'2015-10-15','2015-10-16'),
(21,'2015-10-17','2015-10-18'),
(5,'2015-10-19','2015-10-20'),
(20,'2015-10-21','2015-10-22'),
(6,'2015-10-25','2015-10-26'),
(19,'2015-10-26','2015-10-27'),
(7,'2015-10-27','2015-10-28'),
(18,'2015-10-28','2015-10-29'),
(8,'2015-10-29','2015-10-30'),
(17,'2015-10-30','2015-10-31'),
(9,'2015-11-01','2015-11-02'),
(16,'2015-11-04','2015-11-05'),
(10,'2015-11-07','2015-11-08'),
(15,'2015-11-06','2015-11-07'),
(11,'2015-11-05','2015-11-06'),
(14,'2015-11-11','2015-11-12'),
(12,'2015-11-12','2015-11-13'),
(13,'2015-11-17','2015-11-18');

CREATE TABLE occupations
(
	name VARCHAR(50),
    occupation VARCHAR(50)
);
INSERT INTO occupations VALUES
('Ashley','Professor'),
('Samantha','Actor'),
('Julia','Doctor'),
('Britney','Professor'),
('Maria','Professor'),
('Meera','Professor'),
('Priya','Doctor'),
('Priyanka','Professor'),
('Jennifer','Actor'),
('Ketty','Actor'),
('Belvet','Professor'),
('Naomi','Professor'),
('Jane','Singer'),
('Jenny','Singer'),
('Kristeen','Singer'),
('Christeen','Singer'),
('Eve','Actor'),
('Aamina','Doctor');


CREATE TABLE students
(
	ID int,
    name VARCHAR(50)
);
INSERT INTO students VALUES
(1,'Samantha'),
(2,'Julia'),
(3,'Britney'),
(4,'Kristeen'),
(5,'Dyana'),
(6,'Jenny'),
(7,'Christene'),
(8,'Meera'),
(9,'Priya'),
(10,'Priyanka'),
(11,'Paige'),
(12,'Jane'),
(13,'Belvet'),
(14,'Scarlet'),
(15,'Salma'),
(16,'Amanda'),
(17,'Maria'),
(18,'Stuart'),
(19,'Aamina'),
(20,'Amina');

CREATE TABLE Friends
(
	id INT,
    friend_id INT
);
INSERT INTO friends VALUES
(1,14),
(2,15),
(3,18),
(4,19),
(5,20),
(6,5),
(7,6),
(8,7),
(9,8),
(10,1),
(11,2),
(12,3),
(13,4),
(14,9),
(15,10),
(16,11),
(17,12),
(18,13),
(19,16),
(20,17);


CREATE TABLE packages
(
	id INT,
    salary float
);
INSERT INTO packages VALUES
(1,15.5),
(2,15.6),
(3,16.7),
(4,18.8),
(5,31.5),
(6,45),
(7,47),
(8,46),
(9,39),
(10,11.1),
(11,12.1),
(12,13.1),
(13,14.1),
(14,15.1),
(15,17.1),
(16,21.1),
(17,31.1),
(18,13.15),
(19,33.33),
(20,22.16);


CREATE TABLE functions
(
	X int,
    Y int
);
INSERT INTO functions VALUES
(86,86),
(27,27),
(45,45),
(95,95),
(11,11),
(18,8),
(85,85),
(2,2),
(77,77),
(91,91),
(15,15),
(84,84),
(51,51),
(32,32),
(35,35),
(8,8),
(92,92),
(67,67),
(62,62),
(33,33),
(13,13),
(15,11),
(18,18),
(3,3),
(38,38),
(80,80),
(34,34),
(6,6),
(72,72),
(14,12),
(44,44),
(4,22),
(90,90),
(47,47),
(78,78),
(23,3),
(42,42),
(56,56),
(79,79),
(55,55),
(65,65),
(17,17),
(64,64),
(4,4),
(28,28),
(19,19),
(17,9),
(36,36),
(25,25),
(81,81),
(60,60),
(48,48),
(5,5),
(88,88),
(7,19),
(21,21),
(29,29),
(52,52),
(9,17),
(9,9),
(13,13),
(16,10),
(1,1),
(31,31),
(46,46),
(7,7),
(58,58),
(23,23),
(87,87),
(83,83),
(66,66),
(93,93),
(24,2),
(98,98),
(53,53),
(20,6),
(61,61),
(20,20),
(96,96),
(99,99),
(73,73),
(2,24),
(14,14),
(71,71),
(5,21),
(22,4),
(75,75),
(6,20),
(97,97),
(41,41),
(26,26),
(22,22),
(8,18),
(74,74),
(40,40),
(21,5),
(94,94),
(76,76),
(49,49),
(11,15),
(59,59),
(89,89),
(68,68),
(24,24),
(37,37),
(12,12),
(63,63),
(43,43),
(16,16),
(100,100),
(39,39),
(25,1),
(69,69),
(54,54),
(50,50),
(30,30),
(10,10);

CREATE TABLE contests
(
	contest_id INT,
    hacker_id INt,
    name VARCHAR(50)
);
INSERT INTO contests VALUES
(845,579,'Rose'),
(858,1053,'Angela'),
(883,1055,'Frank'),
(1793,2655,'Patrick'),
(2374,2765,'Lisa'),
(2963,2845,'Kimberly'),
(3584,2873,'Bonnie'),
(4044,3067,'Michael'),
(4249,3116,'Todd'),
(4269,3256,'Joe'),
(4483,3386,'Earl'),
(4541,3608,'Robert'),
(4601,3868,'Amy'),
(4710,4255,'Pamela'),
(4982,5639,'Maria'),
(5913,5669,'Joe'),
(5994,5713,'Linda'),
(6939,6550,'Melissa'),
(7266,6947,'Carol'),
(7280,7030,'Paula'),
(7484,7033,'Marilyn'),
(7734,7386,'Jennifer'),
(7831,7787,'Harry'),
(7862,8029,'David'),
(8812,8147,'Julia'),
(8825,8438,'Kevin'),
(9136,8727,'Paul'),
(9613,8762,'James'),
(10568,8802,'Kelly'),
(11100,8809,'Robin'),
(12742,9203,'Ralph'),
(12861,9644,'Gloria'),
(12865,10108,'Victor'),
(13503,10803,'David'),
(13537,11390,'Joyce'),
(13612,12592,'Donna'),
(14502,12923,'Michelle'),
(14867,13017,'Stephanie'),
(15164,13256,'Gerald'),
(15804,13421,'Walter'),
(15891,13569,'Christina'),
(16063,14287,'Brandon'),
(16415,14311,'Elizabeth'),
(18477,14440,'Joseph'),
(18855,16973,'Lawrence'),
(19097,17123,'Marilyn'),
(19575,17562,'Lori'),
(20068,17766,'Matthew'),
(20096,18153,'Jesse'),
(20723,19361,'John'),
(21230,19707,'Martha'),
(21490,20314,'Timothy'),
(22671,20315,'Christine'),
(22758,20895,'Anthony'),
(23225,20975,'Paula'),
(23240,22494,'Kimberly'),
(23320,22683,'Louise'),
(23651,22903,'Martin'),
(23734,23050,'Paul'),
(23851,23819,'Antonio'),
(24602,24120,'Jacqueline'),
(24784,24152,'Diana'),
(24928,24339,'John'),
(26157,24489,'Dorothy'),
(26368,25886,'Evelyn'),
(26676,26104,'Phillip'),
(26765,26487,'Evelyn'),
(27154,26570,'Debra'),
(27531,26666,'David'),
(28466,26872,'Willie'),
(29050,27009,'Brandon'),
(29437,27768,'Ann'),
(29729,27784,'Emily'),
(29885,27912,'Dorothy'),
(30359,28279,'Jonathan'),
(30379,28336,'Dorothy'),
(30539,28432,'Marilyn'),
(30613,29426,'Norma'),
(30650,29577,'Nancy'),
(31098,30142,'Andrew'),
(31212,30592,'Keith'),
(31410,30668,'Benjamin'),
(31901,31143,'Charles'),
(31942,31238,'Alan'),
(32100,31316,'Tammy'),
(32577,31335,'Anna'),
(32936,31712,'James'),
(33396,31770,'Robin'),
(33469,32169,'Jean'),
(33493,32182,'Andrew'),
(33919,32359,'Roy'),
(34128,33315,'Diana'),
(34193,33708,'Christina'),
(34774,33746,'Jesse'),
(34968,34504,'Joyce'),
(35728,35576,'Patricia'),
(35907,35732,'Gregory'),
(36473,36364,'Brian'),
(36570,37180,'Christine'),
(36627,37250,'Lillian'),
(37370,37490,'Aaron'),
(37620,38395,'Dorothy'),
(38059,38854,'Christopher'),
(38874,39211,'Bobby'),
(39726,41388,'Bobby'),
(40425,42341,'Gerald'),
(40769,42353,'Carol'),
(41324,42427,'Jeremy'),
(41337,43048,'Clarence'),
(42103,44477,'Wayne'),
(42318,44529,'Carolyn'),
(42538,44894,'Margaret'),
(43835,44984,'Andrew'),
(44388,46118,'Albert'),
(44603,46348,'Judy'),
(45209,46524,'Arthur'),
(45745,46709,'Cynthia'),
(46556,46987,'Jerry'),
(46835,47228,'Thomas'),
(47010,47234,'Elizabeth'),
(47250,47587,'Justin'),
(48110,47743,'Albert'),
(48283,47908,'James'),
(48343,48021,'Stephen'),
(48469,48514,'Alan'),
(48602,48946,'Joshua'),
(48787,49996,'Norma'),
(50135,50418,'Mildred'),
(50325,50683,'Melissa'),
(51060,50728,'Paul'),
(51109,50794,'Gerald'),
(51122,51228,'Ronald'),
(51240,51367,'Sandra'),
(51303,51587,'Helen'),
(51691,51849,'Larry'),
(52364,52164,'Alan'),
(52816,52232,'Paul'),
(52834,52775,'Chris'),
(53656,53693,'Steven'),
(53712,53772,'Jennifer'),
(53723,55064,'Bonnie'),
(55044,55578,'Shirley'),
(55780,55844,'Jeffrey'),
(56222,55926,'Janet'),
(56484,56163,'Albert'),
(56585,56650,'Charles'),
(57803,57530,'Kelly'),
(58140,57745,'Bobby'),
(58799,58535,'Elizabeth'),
(59168,58672,'Keith'),
(59866,58879,'Jose'),
(59895,59169,'Ann'),
(60053,60309,'Helen'),
(60734,60335,'Jason'),
(60746,60962,'Gerald'),
(60822,62443,'Carlos'),
(61145,62625,'Ryan'),
(61328,62974,'Ashley'),
(61422,63283,'Julia'),
(61974,63437,'Harry'),
(62265,63925,'Sean'),
(63035,65051,'Julia'),
(63442,65266,'Marilyn'),
(63645,65445,'Cheryl'),
(63867,65512,'Susan'),
(64049,65751,'Judith'),
(64631,65802,'Ruth'),
(64730,65997,'Jane'),
(66107,66188,'Sara'),
(67233,66384,'Denise'),
(67248,66519,'Jason'),
(68192,66588,'Rose'),
(69036,67038,'Susan'),
(69360,67801,'Irene'),
(69734,68212,'Jonathan'),
(69912,69021,'Shawn'),
(70431,69342,'Julia'),
(70485,70186,'Linda'),
(71325,70225,'Melissa'),
(71573,70613,'Dennis'),
(71771,70680,'Jeremy'),
(71875,71198,'Patrick'),
(71964,71277,'Jennifer'),
(72481,71295,'Lillian'),
(72892,71790,'Charles'),
(74017,71896,'Philip'),
(74076,74116,'Jimmy'),
(74097,74132,'Doris'),
(74377,74265,'Craig'),
(75042,74434,'Walter'),
(75519,74602,'Wayne'),
(75590,74687,'Katherine'),
(75811,75092,'Mark'),
(76448,76670,'Barbara'),
(76529,76699,'Mark'),
(76579,76861,'Joe'),
(76690,76868,'Maria'),
(76761,77309,'John'),
(77178,77582,'Brian'),
(77219,77732,'Kimberly'),
(77516,78273,'Bonnie'),
(77833,79140,'Terry'),
(78076,79615,'Brian'),
(78230,79794,'Ruby'),
(78442,80490,'Wayne'),
(78773,80905,'Rebecca'),
(78828,81038,'Joyce'),
(80045,81220,'Douglas'),
(80050,81486,'Philip'),
(80153,81961,'Lori'),
(80542,81977,'Benjamin'),
(80988,82079,'Dennis'),
(81126,83566,'Sara'),
(81702,83699,'Douglas'),
(82011,83717,'Dennis'),
(82043,84239,'Ernest'),
(83200,84324,'Clarence'),
(83490,85217,'Diana'),
(83571,85564,'Steve'),
(83991,85806,'Amy'),
(84014,86046,'Adam'),
(84487,86193,'Douglas'),
(84559,86911,'Scott'),
(86299,87701,'Samuel'),
(86958,89129,'Louis'),
(87325,89951,'Jason'),
(87884,90884,'Bobby'),
(87973,92237,'Janet'),
(88430,92586,'Clarence'),
(88649,92975,'Dorothy'),
(88899,93578,'Sharon'),
(89248,94088,'Brandon'),
(90124,94587,'Timothy'),
(91136,94616,'Christina'),
(91198,94699,'Barbara'),
(92080,95022,'Jose'),
(92106,95480,'Kelly'),
(92363,95931,'Paul'),
(93073,96120,'Clarence'),
(93865,96419,'Lillian'),
(94245,96733,'Christine'),
(96014,97803,'Russell'),
(96961,97871,'Marie'),
(97440,97927,'Richard'),
(98321,97969,'Kenneth'),
(99238,98431,'Judy'),
(99245,98717,'Arthur'),
(99580,98798,'Lori'),
(99739,99016,'Scott'),
(99977,99691,'Brian');

CREATE TABLE colleges
(
	college_id INT,
    contest_id INT
);
INSERT INTO colleges VALUES
(96,845),
(191,845),
(326,858),
(473,858),
(750,883),
(884,883),
(958,1793),
(984,1793),
(1055,2374),
(1076,2374),
(2062,2374),
(2073,2374),
(2185,2963),
(2202,2963),
(2220,2963),
(2422,2963),
(2684,3584),
(2720,3584),
(2734,3584),
(2816,3584),
(2950,4044),
(3042,4044),
(3154,4044),
(3265,4249),
(3325,4249),
(3597,4249),
(3925,4249),
(4018,4249),
(4246,4269),
(4445,4269),
(4543,4483),
(4623,4483),
(4629,4483),
(4957,4541),
(5112,4541),
(5305,4601),
(5473,4601),
(5592,4710),
(5717,4710),
(5782,4710),
(5930,4710),
(6088,4710),
(6341,4982),
(6343,4982),
(7124,4982),
(7419,4982),
(7432,4982),
(7651,5913),
(7865,5913),
(7910,5913),
(7965,5913),
(8433,5913),
(8884,5994),
(9053,5994),
(9359,5994),
(9672,5994),
(9701,5994),
(10142,6939),
(10174,6939),
(10527,6939),
(11467,6939),
(11732,6939),
(11761,7266),
(11863,7266),
(11903,7266),
(11942,7266),
(12132,7280),
(12180,7280),
(12449,7484),
(12523,7484),
(13117,7484),
(13389,7484),
(13807,7484),
(14020,7734),
(14384,7734),
(14393,7734),
(14435,7734),
(14593,7831),
(14967,7831),
(15294,7831),
(15332,7862),
(15445,7862),
(15457,7862),
(15615,7862),
(15817,8812),
(16037,8812),
(16358,8825),
(16424,8825),
(16443,8825),
(16542,9136),
(16750,9136),
(17335,9136),
(17465,9136),
(17750,9136),
(17910,9613),
(17933,9613),
(18644,9613),
(19153,9613),
(19423,9613),
(19432,10568),
(19551,10568),
(19852,10568),
(20172,10568),
(20419,11100),
(20606,11100),
(20649,11100),
(20913,12742),
(20948,12742),
(21665,12742),
(21900,12861),
(22076,12861),
(22083,12861),
(22243,12861),
(22292,12865),
(22717,12865),
(22843,12865),
(22964,13503),
(23222,13503),
(23637,13537),
(23773,13537),
(24033,13612),
(24086,13612),
(24101,14502),
(24306,14502),
(24309,14867),
(24391,14867),
(25653,14867),
(25721,14867),
(25753,15164),
(25979,15164),
(26015,15164),
(26029,15804),
(26186,15804),
(26190,15891),
(26334,15891),
(26394,15891),
(26426,16063),
(26558,16063),
(27517,16415),
(27702,16415),
(28159,16415),
(28375,16415),
(28835,16415),
(29324,18477),
(29908,18477),
(29985,18855),
(30414,18855),
(30528,18855),
(30679,18855),
(30722,18855),
(30766,19097),
(30807,19097),
(30893,19097),
(31095,19575),
(31340,19575),
(31354,19575),
(31581,19575),
(31982,20068),
(32096,20068),
(32110,20068),
(32159,20096),
(32372,20096),
(33415,20723),
(33613,20723),
(33775,20723),
(33927,20723),
(33964,21230),
(33975,21230),
(34130,21490),
(34300,21490),
(34463,22671),
(34504,22671),
(34849,22671),
(35045,22758),
(35162,22758),
(35322,22758),
(35511,23225),
(35904,23225),
(35972,23240),
(36094,23240),
(36631,23240),
(36789,23240),
(37095,23320),
(37192,23320),
(37390,23320),
(37478,23651),
(37741,23651),
(37751,23651),
(37816,23734),
(37834,23734),
(38240,23851),
(38685,23851),
(38779,23851),
(38994,24602),
(39175,24602),
(39431,24602),
(39611,24602),
(40074,24784),
(40250,24784),
(40341,24784),
(40580,24928),
(40814,24928),
(41806,24928),
(41852,24928),
(41952,26157),
(42051,26157),
(42800,26368),
(43232,26368),
(43621,26368),
(43690,26676),
(43694,26676),
(43789,26676),
(44513,26676),
(44604,26676),
(44695,26765),
(44930,26765),
(44969,27154),
(45047,27154),
(45057,27154),
(45074,27154),
(45103,27531),
(45240,27531),
(45620,27531),
(45973,28466),
(46112,28466),
(46280,28466),
(46344,29050),
(46345,29050),
(46438,29050),
(46593,29437),
(46673,29437),
(47626,29729),
(47627,29729),
(47831,29729),
(47949,29729),
(47994,29885),
(48256,29885),
(48264,30359),
(48530,30359),
(48534,30379),
(48615,30379),
(48626,30379),
(48776,30379),
(49529,30379),
(49699,30539),
(49800,30539),
(50596,30539),
(50656,30539),
(50761,30539),
(50888,30613),
(50958,30613),
(51200,30613),
(51484,30613),
(51502,30650),
(51671,30650),
(51888,30650),
(51910,31098),
(52020,31098),
(52101,31212),
(52225,31212),
(52927,31212),
(53387,31212),
(53946,31410),
(54237,31410),
(54313,31410),
(55189,31901),
(55294,31901),
(55749,31901),
(55811,31942),
(56126,31942),
(56677,32100),
(56952,32100),
(57234,32100),
(57248,32577),
(57355,32577),
(57430,32577),
(57444,32577),
(57648,32936),
(57687,32936),
(57728,33396),
(58082,33396),
(58329,33469),
(58610,33469),
(58684,33469),
(58699,33469),
(58728,33493),
(58842,33493),
(58865,33493),
(58940,33919),
(59660,33919),
(60053,33919),
(60107,33919),
(60208,34128),
(60373,34128),
(60601,34193),
(60699,34193),
(60749,34193),
(61011,34193),
(61144,34193),
(61977,34774),
(62057,34774),
(62236,34774),
(62249,34968),
(62573,34968),
(63315,35728),
(63423,35728),
(63448,35728),
(63502,35907),
(63811,35907),
(63820,36473),
(63902,36473),
(64053,36473),
(64211,36473),
(64873,36570),
(64901,36570),
(65018,36570),
(65331,36570),
(65556,36627),
(65587,36627),
(65694,37370),
(65728,37370),
(65732,37370),
(65884,37370),
(66352,37620),
(66364,37620),
(66455,37620),
(66745,37620),
(66983,38059),
(67360,38059),
(67452,38059),
(68261,38059),
(68311,38874),
(68527,38874),
(68586,38874),
(68603,39726),
(69303,39726),
(69433,39726),
(69564,40425),
(69880,40425),
(70260,40425),
(70432,40425),
(70434,40769),
(70469,40769),
(70662,41324),
(70772,41324),
(70888,41337),
(71018,41337),
(71521,42103),
(71563,42103),
(71711,42103),
(72228,42103),
(72400,42103),
(72572,42318),
(72782,42318),
(73036,42538),
(73323,42538),
(73507,42538),
(73948,42538),
(74218,43835),
(74304,43835),
(74387,43835),
(75027,44388),
(75135,44388),
(75377,44388),
(75482,44388),
(75510,44603),
(75661,44603),
(75754,44603),
(75873,44603),
(76245,44603),
(76274,45209),
(76305,45209),
(76426,45745),
(76463,45745),
(76553,46556),
(76683,46556),
(77424,46835),
(77562,46835),
(77885,46835),
(78134,46835),
(78169,46835),
(78430,47010),
(78542,47010),
(78595,47010),
(78924,47250),
(79020,47250),
(79115,47250),
(79118,47250),
(79406,47250),
(79523,48110),
(80413,48110),
(80527,48283),
(80599,48283),
(80637,48283),
(80816,48283),
(81178,48283),
(81180,48343),
(81276,48343),
(81311,48343),
(81419,48469),
(81448,48469),
(81499,48469),
(81812,48469),
(82052,48602),
(82149,48602),
(82238,48787),
(82248,48787),
(82252,48787),
(82422,48787),
(82679,48787),
(82713,50135),
(82908,50135),
(82939,50135),
(82965,50135),
(83041,50135),
(83090,50325),
(83250,50325),
(83363,50325),
(83653,51060),
(83866,51060),
(84090,51109),
(84522,51109),
(84530,51109),
(84552,51122),
(84907,51122),
(84957,51240),
(85378,51240),
(85425,51240),
(85453,51240),
(85523,51303),
(85645,51303),
(85650,51303),
(85675,51303),
(85725,51691),
(85880,51691),
(86083,51691),
(86587,51691),
(86834,52364),
(86839,52364),
(86961,52816),
(87183,52816),
(87805,52834),
(88098,52834),
(88495,52834),
(88649,52834),
(88968,53656),
(89116,53656),
(89159,53656),
(89208,53656),
(89265,53712),
(89893,53712),
(90248,53712),
(90281,53712),
(90407,53712),
(90821,53723),
(90837,53723),
(91060,53723),
(91187,53723),
(91446,53723),
(91616,55044),
(91729,55044),
(91980,55044),
(92470,55044),
(92538,55780),
(92769,55780),
(92783,55780),
(93238,56222),
(93280,56222),
(93493,56222),
(94243,56222),
(94278,56222),
(94287,56484),
(94411,56484),
(94772,56484),
(94855,56484),
(95101,56585),
(95205,56585),
(95379,56585),
(95435,57803),
(95466,57803),
(95524,58140),
(95684,58140),
(95741,58140),
(95898,58799),
(96567,58799),
(96824,59168),
(97039,59168),
(97358,59866),
(97637,59866),
(97744,59895),
(97932,59895),
(98137,59895),
(98150,59895),
(98165,60053),
(98639,60053),
(99327,60734),
(99328,60734),
(99399,60734),
(99562,60734),
(99694,60746);

CREATE TABLE challenges1
(	
	challenge_id INT,
    college_id INT
);
INSERT INTO challenges1 VALUES
(97,96),
(145,96),
(276,96),
(345,96),
(492,96),
(558,96),
(773,96),
(791,96),
(829,96),
(868,96),
(1003,191),
(1183,191),
(1322,191),
(1387,191),
(1483,191),
(1526,191),
(1681,191),
(1712,191),
(1827,191),
(1979,191),
(1985,326),
(1989,326),
(2148,326),
(2189,326),
(2385,326),
(2438,326),
(2550,326),
(2682,473),
(2741,473),
(2775,473),
(2924,750),
(3001,750),
(3019,750),
(3029,884),
(3062,884),
(3089,884),
(3198,884),
(3257,884),
(3260,884),
(3294,884),
(3367,958),
(3423,958),
(3625,958),
(3784,958),
(4159,958),
(4226,958),
(4247,958),
(4266,984),
(4308,984),
(4393,984),
(4449,984),
(4538,984),
(4698,984),
(4750,1055),
(4768,1055),
(4850,1055),
(4866,1055),
(4919,1055),
(5069,1055),
(5158,1055),
(5638,1055),
(5652,1076),
(5737,1076),
(5767,1076),
(5880,1076),
(6089,1076),
(6095,1076),
(6304,1076),
(6377,2062),
(6384,2062),
(6561,2062),
(6708,2062),
(6744,2062),
(6921,2062),
(6998,2062),
(7060,2062),
(7289,2073),
(7346,2073),
(7417,2073),
(7418,2185),
(7472,2185),
(7551,2185),
(7583,2185),
(7735,2185),
(7803,2185),
(7804,2185),
(7848,2185),
(7962,2185),
(8045,2185),
(8065,2202),
(8162,2202),
(8169,2202),
(8246,2202),
(8347,2202),
(8386,2202),
(8506,2202),
(8595,2202),
(8668,2202),
(8680,2202),
(8870,2220),
(8897,2220),
(8902,2220),
(9361,2220),
(9442,2220),
(9465,2220),
(9524,2220),
(9761,2422),
(9899,2422),
(10053,2422),
(10099,2422),
(10258,2422),
(10513,2422),
(10611,2422),
(10718,2422),
(10779,2684),
(10792,2684),
(10853,2684),
(10865,2684),
(10888,2684),
(11023,2684),
(11188,2720),
(11338,2720),
(11411,2720),
(11646,2720),
(11824,2720),
(11859,2734),
(11914,2734),
(11957,2734),
(12107,2734),
(12421,2816),
(12559,2816),
(12575,2816),
(12705,2816),
(12906,2816),
(12974,2816),
(13164,2816),
(13211,2816),
(13337,2950),
(13356,2950),
(13535,2950),
(13574,3042),
(13592,3042),
(13640,3042),
(13744,3042),
(13951,3042),
(13958,3042),
(14144,3042),
(14292,3042),
(14308,3154),
(14724,3154),
(14950,3154),
(15029,3265),
(15035,3265),
(15152,3265),
(15197,3325),
(15366,3325),
(15447,3325),
(15521,3325),
(15564,3325),
(15709,3325),
(15779,3597),
(15869,3597),
(15965,3597),
(16348,3925),
(16515,3925),
(16579,3925),
(16861,4018),
(16877,4018),
(16881,4018),
(16912,4246),
(16922,4246),
(17015,4246),
(17066,4246),
(17134,4246),
(17394,4246),
(17572,4246),
(17579,4246),
(17596,4445),
(17603,4445),
(18064,4445),
(18205,4445),
(18207,4445),
(18291,4445),
(18307,4543),
(18354,4543),
(18544,4543),
(18633,4543),
(18636,4543),
(18655,4543),
(18750,4543),
(18823,4543),
(18853,4543),
(18879,4623),
(18931,4623),
(18956,4623),
(19001,4623),
(19170,4623),
(19177,4629),
(19436,4629),
(19481,4629),
(19587,4629),
(19683,4629),
(20042,4629),
(20068,4957),
(20146,4957),
(20220,4957),
(20502,4957),
(20790,4957),
(20828,4957),
(20881,4957),
(21048,5112),
(21265,5112),
(21284,5112),
(21326,5112),
(21374,5112),
(21612,5112),
(21716,5112),
(21772,5112),
(21884,5112),
(22351,5305),
(22553,5305),
(22652,5305),
(22780,5305),
(22938,5305),
(23080,5305),
(23110,5305),
(23119,5473),
(23434,5473),
(23662,5473),
(23826,5473),
(23864,5473),
(23898,5473),
(23908,5473),
(24078,5473),
(24325,5473),
(24360,5473),
(24490,5592),
(24633,5592),
(24724,5592),
(24750,5592),
(24989,5592),
(25505,5592),
(25531,5592),
(25540,5717),
(25597,5717),
(25740,5717),
(26060,5717),
(26345,5717),
(26364,5717),
(26512,5782),
(26580,5782),
(26599,5782),
(26992,5782),
(27056,5930),
(27096,5930),
(27261,5930),
(27280,5930),
(27333,5930),
(27339,5930),
(27343,6088),
(27414,6088),
(27502,6088),
(27563,6088),
(27643,6088),
(27881,6088),
(27891,6088),
(27927,6341),
(27940,6341),
(28065,6341),
(28067,6341),
(28324,6343),
(28404,6343),
(28475,6343),
(28620,6343),
(28859,6343),
(28985,7124),
(29013,7124),
(29037,7124),
(29166,7124),
(29226,7124),
(29332,7124),
(29375,7124),
(29394,7419),
(29694,7419),
(29827,7419),
(30096,7419),
(30164,7419),
(30465,7419),
(30486,7432),
(30899,7432),
(31004,7432),
(31068,7651),
(31347,7651),
(31388,7651),
(31399,7651),
(31456,7651),
(31480,7651),
(31483,7651),
(31587,7651),
(31807,7865),
(31866,7865),
(31900,7865),
(31923,7865),
(32127,7865),
(32155,7865),
(32173,7910),
(32235,7910),
(32322,7910),
(32651,7910),
(32674,7910),
(32681,7965),
(32875,7965),
(32989,7965),
(33090,7965),
(33214,7965),
(33221,7965),
(33285,7965),
(33674,7965),
(33696,7965),
(33700,7965),
(33811,8433),
(33996,8433),
(34139,8433),
(34269,8433),
(34333,8433),
(34336,8433),
(34516,8433),
(34584,8884),
(34718,8884),
(34879,8884),
(34960,8884),
(35022,9053),
(35051,9053),
(35079,9053),
(35081,9053),
(35608,9053),
(35776,9053),
(35946,9053),
(35961,9053),
(35982,9053),
(36056,9359),
(36159,9359),
(36193,9359),
(36244,9359),
(36283,9359),
(36381,9359),
(36382,9359),
(36503,9672),
(36548,9672),
(36584,9672),
(36891,9672),
(36992,9672),
(37211,9701),
(37260,9701),
(37268,9701),
(37332,9701),
(37349,9701),
(37426,9701),
(37458,9701),
(37485,9701),
(37498,9701),
(37509,10142),
(37542,10142),
(37606,10142),
(37629,10142),
(37702,10142),
(38037,10174),
(38045,10174),
(38430,10174),
(38454,10527),
(38558,10527),
(38691,10527),
(38877,10527),
(38908,11467),
(38945,11467),
(38969,11467),
(39015,11467),
(39151,11467),
(39181,11467),
(39304,11467),
(39345,11732),
(39388,11732),
(39888,11732),
(40130,11732),
(40387,11732),
(40415,11732),
(40508,11732),
(40747,11761),
(41101,11761),
(41261,11761),
(41268,11761),
(41278,11863),
(41347,11863),
(41352,11863),
(41508,11863),
(41547,11863),
(41714,11903),
(41815,11903),
(41871,11903),
(41956,11903),
(42002,11903),
(42067,11903),
(42087,11903),
(42156,11903),
(42365,11903),
(42370,11903),
(42387,11942),
(42445,11942),
(42478,11942),
(42538,11942),
(42577,11942),
(42649,11942),
(42773,11942),
(42877,11942),
(43013,11942),
(43071,12132),
(43196,12132),
(43201,12132),
(43220,12132),
(43389,12132),
(43432,12132),
(43628,12132),
(43667,12132),
(43693,12180),
(43737,12180),
(43785,12180),
(43864,12180),
(43868,12449),
(43912,12449),
(44061,12449),
(44328,12523),
(44435,12523),
(44468,12523),
(44709,12523),
(44722,12523),
(44829,12523),
(45061,12523),
(45119,12523),
(45157,13117),
(45230,13117),
(45281,13117),
(45332,13389),
(45363,13389),
(45375,13389),
(45477,13389),
(45549,13389),
(45559,13389),
(45663,13807),
(45764,13807),
(45776,13807),
(45955,13807),
(45962,13807),
(46004,13807),
(46076,13807),
(46128,13807),
(46306,13807),
(46474,13807),
(46631,14020),
(46749,14020),
(47015,14020),
(47158,14020),
(47425,14384),
(47679,14384),
(47817,14384),
(47881,14384),
(47897,14384),
(47901,14384),
(47999,14384),
(48090,14384),
(48306,14384),
(48386,14384),
(48531,14393),
(48645,14393),
(48695,14393),
(48713,14393),
(48773,14393),
(48944,14393),
(49107,14393),
(49324,14393),
(49376,14393),
(49942,14393),
(50040,14435),
(50634,14435),
(50676,14435),
(51019,14435),
(51026,14435),
(51116,14435),
(51187,14435),
(51228,14593),
(51689,14593),
(51839,14593),
(52401,14593),
(52462,14593),
(52592,14593),
(52594,14593),
(52611,14593),
(52918,14593),
(52979,14967),
(53323,14967),
(53328,14967),
(53400,14967),
(53523,14967),
(53640,14967),
(53945,14967),
(54008,14967),
(54026,14967),
(54052,15294),
(54102,15294),
(54206,15294),
(54383,15294),
(54617,15294),
(54752,15294),
(54865,15294),
(54982,15294),
(55147,15294),
(55184,15332),
(55439,15332),
(55521,15332),
(55560,15445),
(55689,15445),
(55774,15445),
(55824,15445),
(55843,15445),
(55948,15445),
(56007,15457),
(56078,15457),
(56113,15457),
(56132,15457),
(56192,15457),
(56222,15457),
(56459,15615),
(56645,15615),
(56666,15615),
(56710,15615),
(56803,15817),
(56838,15817),
(57057,15817),
(57206,15817),
(57218,15817),
(57252,16037),
(57310,16037),
(57397,16037),
(57804,16037),
(57839,16358),
(57855,16358),
(57862,16358),
(57938,16358),
(57939,16358),
(58040,16358),
(58045,16358),
(58121,16424),
(58378,16424),
(58396,16424),
(58460,16424),
(58470,16424),
(58550,16424),
(58627,16424),
(58673,16443),
(58787,16443),
(58812,16443),
(58949,16443),
(59230,16443),
(59384,16443),
(59414,16443),
(59423,16542),
(59439,16542),
(59483,16542),
(59563,16542),
(59607,16542),
(59748,16542),
(59874,16542),
(59899,16750),
(60168,16750),
(60192,16750),
(60201,16750),
(60281,17335),
(60386,17335),
(60407,17335),
(60414,17465),
(60564,17465),
(60703,17465),
(60706,17465),
(60743,17465),
(60768,17465),
(60777,17465),
(60866,17465),
(60874,17465),
(60935,17750),
(61020,17750),
(61110,17750),
(61122,17750),
(61260,17750),
(61286,17750),
(61312,17750),
(61602,17750),
(61643,17750),
(61670,17750),
(61780,17910),
(61792,17910),
(62026,17910),
(62063,17910),
(62131,17910),
(62389,17933),
(62414,17933),
(62471,17933),
(62475,18644),
(62703,18644),
(62874,18644),
(62905,18644),
(62911,18644),
(63026,18644),
(63085,18644),
(63195,18644),
(63227,19153),
(63312,19153),
(63336,19153),
(63722,19153),
(63831,19153),
(63832,19153),
(63835,19423),
(63850,19423),
(63893,19423),
(63906,19423),
(64022,19423),
(64086,19423),
(64127,19423),
(64145,19423),
(64234,19423),
(64281,19423),
(64311,19432),
(64665,19432),
(64810,19432),
(64816,19432),
(64867,19432),
(64894,19432),
(64932,19551),
(65061,19551),
(65083,19551),
(65343,19852),
(65536,19852),
(65550,19852),
(65771,19852),
(65789,19852),
(65804,19852),
(65844,19852),
(65889,19852),
(65960,20172),
(66001,20172),
(66125,20172),
(66149,20172),
(66282,20172),
(66396,20419),
(66400,20419),
(66459,20419),
(66548,20419),
(66617,20419),
(66715,20419),
(66844,20419),
(67097,20419),
(67148,20419),
(67149,20606),
(67179,20606),
(67253,20606),
(67542,20649),
(67575,20649),
(67623,20649),
(67658,20649),
(67793,20649),
(67805,20649),
(68218,20649),
(68240,20649),
(68287,20649),
(68400,20913),
(68414,20913),
(68551,20913),
(68573,20913),
(68613,20948),
(68619,20948),
(68650,20948),
(68792,20948),
(68859,20948),
(68920,21665),
(69003,21665),
(69136,21665),
(69190,21665),
(69393,21900),
(69422,21900),
(69516,21900),
(69573,21900),
(69769,21900),
(69894,21900),
(70016,21900),
(70035,22076),
(70043,22076),
(70053,22076),
(70293,22083),
(70398,22083),
(70442,22083),
(70488,22243),
(70518,22243),
(70564,22243),
(70598,22243),
(70650,22243),
(70706,22243),
(70782,22243),
(70814,22243),
(70894,22292),
(71074,22292),
(71397,22292),
(71586,22292),
(71592,22292),
(71730,22717),
(72083,22717),
(72130,22717),
(72172,22717),
(72199,22717),
(72422,22717),
(72429,22717),
(72713,22843),
(72822,22843),
(72825,22843),
(73009,22843),
(73017,22843),
(73116,22843),
(73119,22843),
(73231,22964),
(73495,22964),
(73516,22964),
(73603,22964),
(73649,22964),
(73694,23222),
(73741,23222),
(73813,23222),
(73814,23637),
(73821,23637),
(73985,23637),
(74261,23637),
(74434,23637),
(74519,23773),
(74637,23773),
(74710,23773),
(74744,23773),
(74878,23773),
(74902,23773),
(74920,23773),
(74932,23773),
(75096,23773),
(75395,24033),
(75410,24033),
(75441,24033),
(75478,24033),
(75535,24033),
(75574,24086),
(75642,24086),
(75933,24086),
(76068,24086),
(76080,24086),
(76122,24086),
(76262,24086),
(76313,24086),
(76426,24086),
(76480,24086),
(76562,24101),
(76589,24101),
(76686,24101),
(76707,24101),
(76924,24101),
(76966,24101),
(77290,24101),
(77372,24101),
(77627,24101),
(77653,24306),
(77679,24306),
(77720,24306),
(77725,24306),
(77865,24306),
(77992,24306),
(78498,24309),
(78675,24309),
(78738,24309),
(78760,24309),
(78796,24309),
(78894,24391),
(79146,24391),
(79236,24391),
(79330,24391),
(79542,24391),
(79580,24391),
(79749,25653),
(79792,25653),
(79938,25653),
(80036,25653),
(80196,25653),
(80308,25721),
(80411,25721),
(80579,25721),
(80673,25721),
(80715,25721),
(80796,25721),
(81186,25753),
(81526,25753),
(81573,25753),
(81615,25753),
(81901,25753),
(82016,25753),
(82017,25753),
(82091,25753),
(82106,25753),
(82128,25753),
(82394,25979),
(82407,25979),
(82409,25979),
(82425,25979),
(82535,25979),
(82851,26015),
(83234,26015),
(83240,26015),
(83388,26015),
(83451,26015),
(83483,26015),
(83615,26015),
(83681,26029),
(83739,26029),
(83824,26029),
(83836,26029),
(83841,26029),
(83943,26029),
(83992,26186),
(84055,26186),
(84130,26186),
(84211,26186),
(84426,26186),
(84585,26186),
(84592,26186),
(85048,26186),
(85274,26190),
(85316,26190),
(85413,26190),
(85451,26334),
(85566,26334),
(85569,26334),
(85592,26334),
(85632,26334),
(85662,26334),
(85665,26334),
(85700,26334),
(85729,26334),
(85736,26334),
(85817,26394),
(85830,26394),
(85865,26394),
(85956,26394),
(86015,26394),
(86098,26394),
(86334,26394),
(86412,26394),
(86417,26426),
(86480,26426),
(86584,26426),
(86674,26558),
(86703,26558),
(86758,26558),
(86791,26558),
(86798,26558),
(86832,26558),
(86910,26558),
(86987,26558),
(87055,26558),
(87093,26558),
(87211,27517),
(87358,27517),
(87446,27517),
(87513,27517),
(87845,27702),
(87951,27702),
(88008,27702),
(88109,27702),
(88165,27702),
(88171,27702),
(88205,27702),
(88454,27702),
(88550,27702),
(88554,27702),
(88711,28159),
(88723,28159),
(88755,28159),
(88815,28159),
(88886,28159),
(88971,28159),
(89086,28375),
(89108,28375),
(89202,28375),
(89274,28375),
(89875,28375),
(89953,28375),
(90022,28375),
(90147,28375),
(90462,28375),
(90628,28835),
(90680,28835),
(90943,28835),
(90979,28835),
(91071,28835),
(91398,28835),
(91469,28835),
(91513,29324),
(91584,29324),
(91614,29324),
(91804,29908),
(91972,29908),
(92135,29908),
(92138,29908),
(92156,29908),
(92202,29908),
(92227,29908),
(92254,29908),
(92288,29908),
(92655,29908),
(92697,29985),
(92762,29985),
(92799,29985),
(92843,29985),
(93123,29985),
(93210,29985),
(93232,29985),
(93502,29985),
(93562,29985),
(93931,30414),
(94021,30414),
(94160,30414),
(94218,30414),
(94271,30414),
(94288,30414),
(94314,30414),
(94363,30414),
(94408,30414),
(94442,30528),
(94541,30528),
(94658,30528),
(94761,30528),
(94767,30528),
(94847,30679),
(94910,30679),
(95030,30679),
(95079,30679),
(95122,30679),
(95267,30679),
(95461,30722),
(95527,30722),
(95546,30722),
(95549,30766),
(95570,30766),
(95704,30766),
(95911,30766),
(95958,30766),
(95980,30766),
(95996,30766),
(96135,30766),
(96270,30766),
(96524,30766),
(96643,30807),
(96815,30807),
(96900,30807),
(96906,30807),
(96922,30893),
(96987,30893),
(97110,30893),
(97155,30893),
(97157,30893),
(97203,30893),
(97359,30893),
(97427,30893),
(97606,30893),
(97879,30893),
(97937,31095),
(97950,31095),
(98192,31095),
(98194,31095),
(98259,31095),
(98509,31095),
(98663,31095),
(98729,31095),
(98782,31095),
(98833,31095),
(98842,31340),
(98994,31340),
(99068,31340),
(99071,31340),
(99192,31340),
(99397,31354),
(99454,31354),
(99619,31354),
(99625,31354),
(99661,31354),
(99728,31354),
(99787,31354),
(99833,31354),
(99851,31354),
(99857,31581),
(99871,31581);

CREATE TABLE view_stats
(
	challenge_id INT,
    total_views INT,
    total_unique_views INT
);
INSERT INTO view_stats VALUES
(33090,76,6),
(25505,68,15),
(7583,29,21),
(75096,41,16),
(10853,58,12),
(90628,81,18),
(20828,98,15),
(52594,31,19),
(57310,62,20),
(13356,28,23),
(6998,94,23),
(38969,50,17),
(24325,65,14),
(145,38,19),
(44435,63,17),
(74878,33,9),
(18750,14,10),
(66149,85,24),
(42877,47,15),
(7803,73,16),
(24989,26,14),
(6089,80,20),
(5158,41,11),
(53323,41,17),
(70442,72,17),
(45477,98,22),
(85817,57,14),
(70518,93,20),
(51839,8,8),
(39388,60,17),
(54617,86,6),
(94218,13,6),
(33696,34,8),
(92799,29,24),
(16912,38,10),
(18307,67,18),
(70894,52,12),
(36382,70,25),
(8162,60,9),
(99661,63,18),
(73985,39,8),
(76589,48,19),
(43667,99,6),
(57839,24,23),
(85632,61,6),
(99619,70,17),
(39015,49,16),
(22652,18,17),
(62389,99,21),
(7962,27,25),
(4226,23,12),
(43912,46,24),
(63026,57,10),
(14292,92,18),
(56113,46,23),
(84130,43,25),
(7346,67,21),
(82425,23,16),
(70518,19,19),
(15197,32,22),
(65550,28,19),
(16881,83,6),
(75478,58,18),
(57804,47,19),
(18354,20,13),
(35776,56,11),
(86015,22,16),
(4919,73,12),
(60168,53,12),
(92762,39,9),
(51839,97,16),
(70814,21,20),
(79146,42,13),
(68859,14,8),
(14724,32,6),
(64867,94,19),
(2438,83,14),
(85316,51,24),
(67623,61,20),
(88454,84,10),
(10865,98,19),
(42577,40,21),
(7962,26,24),
(34139,41,17),
(57057,19,11),
(26364,28,14),
(96135,82,21),
(34333,72,7),
(99192,74,23),
(6921,33,6),
(45764,43,23),
(96524,90,16),
(6095,64,6),
(68240,67,21),
(92799,32,10),
(45962,67,21),
(61312,30,17),
(55521,74,13),
(90979,96,12),
(22351,21,9),
(45477,62,8),
(11914,32,18),
(94363,12,6),
(45157,98,13),
(38908,23,17),
(86584,29,23),
(54102,63,18),
(85569,64,15),
(72429,21,9),
(18823,37,23),
(791,22,22),
(76262,56,20),
(12421,28,24),
(4159,36,10),
(3019,26,6),
(66001,14,10),
(47425,47,16),
(90022,78,19),
(2924,75,7),
(71397,29,8),
(11646,98,24),
(42387,61,24),
(15035,91,14),
(75574,27,16),
(76589,14,9),
(87951,59,10),
(30465,62,14),
(3423,41,25),
(78675,71,8),
(94767,46,9),
(55521,88,9),
(65343,37,19),
(92288,71,7),
(68920,69,11),
(60407,40,20),
(70706,71,23),
(11957,83,11),
(43667,54,10),
(33700,79,20),
(7472,18,13),
(86098,33,13),
(44709,19,9),
(74878,61,23),
(37268,19,9),
(86674,18,16),
(53523,24,7),
(73009,26,16),
(36584,36,6),
(41268,60,13),
(19170,65,22),
(92762,64,23),
(24633,41,16),
(56459,76,23),
(38430,98,20),
(72713,30,23),
(48306,52,23),
(65789,11,7),
(47897,28,19),
(36381,92,20),
(46631,91,12),
(83992,30,21),
(27927,96,17),
(75096,39,11),
(60703,18,10),
(62389,91,21),
(40747,90,20),
(47817,17,10),
(69573,39,18),
(64311,73,21),
(10099,22,18),
(32681,47,20),
(4850,30,17),
(91584,31,14),
(60777,16,6),
(60192,96,11),
(54026,22,19),
(95546,85,19),
(68613,20,10),
(63906,75,19),
(85665,28,23),
(65771,75,17),
(15152,57,6),
(11859,16,10),
(11859,54,7),
(98192,41,19),
(10258,82,20),
(79938,82,7),
(47015,50,23),
(92655,27,14),
(8386,26,18),
(58045,56,14),
(68240,47,12),
(43071,71,11),
(38877,42,24),
(66149,84,6),
(34336,73,7),
(87358,70,9),
(35051,15,6),
(90147,28,9),
(90628,20,13),
(29694,72,8),
(5069,10,8),
(28065,31,7),
(60168,26,17),
(36056,57,22),
(98663,72,20),
(94363,85,25),
(89953,91,17),
(1322,98,11),
(44435,22,9),
(75535,34,12),
(90462,33,17),
(86703,83,15),
(59439,33,18),
(4750,52,23),
(31587,74,14),
(4247,35,19),
(85048,21,12),
(25505,53,25),
(48306,69,8),
(55439,70,11),
(54102,37,19),
(91972,34,22),
(4266,52,18),
(45332,93,12),
(5652,49,22),
(21772,84,23),
(8680,40,6),
(99619,68,11),
(12107,36,6),
(1979,79,17),
(94767,80,19),
(37606,53,6),
(8870,18,14),
(10853,43,23),
(7472,55,25),
(95030,46,8),
(57206,67,20),
(45776,28,23),
(69422,29,13),
(4159,75,6),
(55184,74,6),
(77653,89,10),
(84055,32,24),
(77725,87,23),
(1979,17,16),
(4866,47,23),
(11957,98,23),
(64145,30,10),
(62475,54,16),
(83992,17,14),
(57057,78,25),
(59414,77,18),
(36159,18,14),
(48773,51,18),
(29166,39,20),
(76262,48,25),
(31807,81,21),
(81186,68,24),
(94541,83,21),
(74710,66,15),
(76080,41,25),
(33696,18,11),
(10611,46,24),
(54206,31,22),
(16881,45,7),
(72713,22,12),
(66617,22,14),
(68414,88,18),
(41101,14,6),
(82017,50,13),
(45061,87,11),
(77372,48,7),
(99833,13,12),
(51839,14,7),
(57218,50,16),
(52462,36,19),
(85665,38,10),
(43196,32,22),
(39304,26,16),
(98782,44,17),
(56666,72,18),
(16877,92,23),
(90943,49,25),
(63831,87,11),
(14292,36,15),
(75535,93,13),
(96643,43,15),
(41352,82,9),
(68619,59,16),
(6561,25,24),
(49376,91,24),
(94408,72,20),
(48713,73,18),
(57839,91,25),
(99071,93,19),
(86674,97,18),
(18207,16,8),
(62131,40,23),
(35946,73,11),
(36382,47,6),
(83615,39,18),
(52592,21,16),
(56222,91,25),
(24078,15,13),
(48531,41,19),
(77865,17,13),
(46474,68,17),
(97950,81,22),
(32674,16,15),
(7472,56,9),
(31347,76,20),
(7583,86,12),
(21716,98,25),
(81615,37,21),
(17015,51,7),
(31587,95,13),
(78760,27,16),
(18291,94,10),
(5652,97,7),
(39151,55,19),
(4850,48,15),
(29375,90,7),
(45955,11,6),
(62471,82,15),
(83836,45,23),
(95122,97,22),
(33285,80,10),
(8902,25,24),
(44829,61,25),
(70894,70,17),
(2438,30,20),
(26345,34,15),
(32235,20,7),
(66282,59,11),
(2550,25,20),
(31923,81,22),
(99625,77,19),
(33811,22,12),
(69573,40,13),
(59384,43,25),
(41268,83,7),
(60192,27,8),
(11188,51,10),
(96815,16,16),
(72130,77,9),
(47425,33,20),
(82091,65,11),
(77720,26,8),
(67253,94,7),
(7346,18,8),
(58040,66,22),
(57855,24,8),
(86674,61,22),
(67542,93,19),
(85316,79,21),
(82128,29,16),
(97950,95,8),
(60777,21,14),
(86334,51,14),
(69003,67,24),
(27563,43,15),
(3089,28,16),
(8680,44,20),
(23864,87,23),
(15152,57,25),
(59414,19,6),
(59874,68,12),
(13951,61,16),
(48773,77,18),
(18956,98,8),
(57862,18,16),
(7803,58,9),
(63831,32,22),
(51116,83,19),
(92138,42,25),
(6384,22,11),
(36381,59,16),
(85736,56,14),
(51689,22,21),
(29332,15,11),
(34960,24,22),
(80196,20,18),
(49376,78,21),
(17394,57,7),
(77290,98,11),
(37542,88,17),
(69136,41,16),
(99192,41,20),
(12974,31,25),
(23080,24,13),
(18207,88,14),
(48386,50,15),
(85956,65,25),
(56113,79,25),
(10853,64,13),
(5069,76,9),
(84592,23,18),
(98833,62,22),
(60768,89,15),
(57938,15,12),
(76068,35,7),
(45776,24,15),
(24078,45,7),
(8506,55,22),
(43013,94,25),
(85316,83,17),
(41261,61,19),
(16348,41,23),
(95546,20,14),
(58378,80,15),
(63893,74,6),
(23080,65,24),
(89875,43,10),
(37458,75,7),
(37458,19,10),
(82394,75,6),
(48944,43,23),
(7551,21,19),
(67253,23,21),
(82425,65,17),
(145,65,12),
(61110,64,13),
(73985,40,15),
(65536,20,8),
(77372,28,24),
(95958,66,21),
(76686,31,24),
(42002,33,21),
(59384,41,11),
(88454,45,22),
(85592,20,19),
(4393,29,17),
(80579,58,6),
(67575,63,23),
(46004,95,10),
(66459,72,9),
(66396,25,16),
(2385,44,20),
(59483,65,10),
(57862,66,18),
(60407,41,23),
(93562,11,6),
(36992,46,11),
(70442,62,23),
(64127,65,15),
(69393,45,21),
(53640,42,23),
(15709,24,13),
(77653,64,20),
(90979,33,24),
(58787,66,9),
(13211,30,23),
(31068,80,10),
(99625,28,21),
(52592,28,23),
(44722,66,23),
(74902,34,14),
(3625,10,9),
(87951,12,11),
(20881,55,20),
(91398,49,20),
(26060,85,25),
(1985,52,9),
(8506,53,21),
(60564,62,18),
(61780,32,7),
(46004,39,14),
(56459,38,14),
(60168,74,25),
(41352,66,9),
(26992,93,22),
(29394,49,8),
(38908,67,25),
(6089,60,16),
(75574,87,13),
(91614,73,17),
(15029,74,20),
(29827,86,15),
(64816,19,10),
(98194,85,7),
(43737,69,15),
(39015,90,20),
(58949,69,6),
(63722,18,13),
(27261,95,13),
(26060,39,14),
(66459,25,13),
(54026,63,7),
(55184,43,18),
(11957,28,19),
(64145,28,19),
(53523,53,8),
(74637,37,11),
(8162,67,9),
(54617,35,18),
(18064,39,11),
(38454,24,7),
(13640,37,11),
(88554,11,9),
(63085,32,22),
(58121,23,17),
(89202,31,9),
(65771,63,25),
(61286,45,24),
(24360,58,21),
(25740,73,15),
(95549,90,13),
(96643,30,20),
(773,80,24),
(3089,38,18),
(27343,35,22),
(76262,28,19),
(73985,95,21),
(34584,69,24),
(51026,89,18),
(77865,16,10),
(59748,32,7),
(96987,11,8),
(6998,98,13),
(77720,16,9),
(41547,51,23),
(32875,19,17),
(77653,85,22),
(54102,17,16),
(80196,99,16),
(492,40,25),
(60866,36,22),
(67253,48,20),
(41547,75,20),
(60768,27,15),
(66844,13,13),
(48386,42,20),
(4226,72,12),
(93931,23,14),
(26364,39,22),
(80796,86,24),
(64127,92,21),
(61780,84,10),
(60168,81,13),
(77720,76,10),
(29166,29,15),
(29827,84,8),
(87093,57,25),
(18544,69,16),
(56007,78,18),
(16912,21,18),
(18207,22,9),
(80196,95,9),
(23864,33,10),
(12107,18,12),
(48386,70,12),
(83615,44,17),
(99833,27,8),
(48090,35,25),
(80196,92,13),
(74637,21,20),
(29013,21,8),
(2148,83,6),
(1681,35,17),
(18853,29,24),
(52979,47,14),
(54008,58,22),
(57938,17,10),
(88109,63,23),
(17394,21,13),
(86910,30,23),
(41352,62,25),
(79792,16,16),
(95549,30,6),
(85830,92,21),
(2438,21,19),
(37332,41,21),
(85817,10,8),
(86703,25,22),
(86015,47,25),
(70053,19,13),
(66400,58,14),
(92227,65,23),
(74744,38,25),
(2189,21,21),
(11188,40,10),
(85592,53,22),
(49324,33,14),
(70518,48,10),
(7803,35,18),
(56222,79,10),
(82091,41,23),
(62026,26,25),
(69516,8,8),
(7803,66,25),
(45962,54,8),
(492,84,17),
(62475,34,18),
(31587,69,25),
(13951,97,11),
(62905,53,20),
(72172,33,24),
(84426,74,15),
(26364,15,11),
(41347,65,16),
(75096,48,19),
(50676,29,18),
(38045,48,24),
(54052,36,25),
(76707,37,9),
(10865,52,23),
(29827,89,22),
(34584,24,13),
(45157,21,18),
(42773,81,20),
(18307,34,17),
(5638,23,9),
(35051,49,24),
(69422,34,20),
(84585,16,15),
(57939,49,25),
(76080,29,23),
(7848,71,17),
(37509,31,8),
(8506,61,18),
(70598,91,25),
(145,50,14),
(17394,24,21),
(49107,62,21),
(48090,34,21),
(92138,51,16),
(4247,24,23),
(85830,14,12),
(14724,23,23),
(36159,20,17),
(69136,50,15),
(74710,27,20),
(73231,89,8),
(50040,85,17),
(99833,14,8),
(28475,26,22),
(51019,63,21),
(64665,31,22),
(57310,37,6),
(3625,30,21),
(34336,42,21),
(82106,60,8),
(71397,26,6),
(98842,84,21),
(60407,30,22),
(70035,72,15),
(42445,28,17),
(90147,39,11),
(39304,85,8),
(8897,55,9),
(75933,52,19),
(62131,33,11),
(94847,31,16),
(6998,28,7),
(6095,56,9),
(15869,24,11),
(26345,9,8),
(56666,60,11),
(31347,82,15),
(38430,96,10),
(52918,42,8),
(77725,40,16),
(95030,29,17),
(19683,16,13),
(85665,56,14),
(63832,23,20),
(92288,46,10),
(28620,19,10),
(55147,80,17),
(30164,39,11),
(96135,47,16),
(11411,75,9),
(15152,84,7),
(33090,59,11),
(95546,26,20),
(49324,67,11),
(54383,34,6),
(18354,38,23),
(24078,98,20),
(92288,24,13),
(75535,85,15),
(23119,74,18),
(8870,91,11),
(83451,42,22),
(38430,21,8),
(59439,23,17),
(35776,23,16),
(45549,66,13),
(18655,52,16),
(48090,10,6),
(5737,52,18),
(8162,59,21),
(73516,15,10),
(46128,73,14),
(13164,65,7),
(3019,60,13),
(68920,75,25),
(86584,97,17),
(69190,53,12),
(46004,97,10),
(99661,65,9),
(95030,47,14),
(62471,27,9),
(73813,59,18),
(98509,26,13),
(53328,38,23),
(51026,8,6),
(66844,55,18),
(829,33,25),
(37260,32,24),
(57206,13,7),
(43693,13,12),
(17015,90,20),
(73603,12,8),
(40130,39,25),
(4698,65,24),
(65343,26,14),
(37426,62,13),
(57397,44,17),
(83615,38,23),
(94541,35,18),
(26345,18,10),
(41268,79,16),
(88008,30,9),
(94541,78,22),
(4266,95,20),
(1979,22,18),
(84130,37,23),
(33674,35,24),
(18636,43,10),
(45549,9,6),
(63831,84,20),
(3001,74,10),
(59607,96,13),
(94408,39,23),
(60777,64,24),
(17134,85,9),
(4393,35,19),
(3198,47,15),
(73017,58,25),
(9442,97,21),
(10258,94,23),
(74920,98,7),
(66459,79,24),
(99833,59,12),
(21265,24,13),
(90147,75,17),
(94288,31,17),
(30164,43,18),
(1322,31,22),
(12575,89,25),
(45559,84,8),
(38037,15,14),
(51689,63,7),
(41278,19,14),
(276,33,25),
(42087,32,22),
(75441,90,10),
(76122,38,14),
(15152,16,13),
(31456,68,13),
(45332,41,6),
(87055,37,25),
(80579,50,20),
(96987,40,21),
(1183,56,12),
(52594,90,24),
(36193,95,25),
(13535,93,16),
(44722,82,25),
(65789,41,9),
(91614,94,24),
(73741,66,17),
(52918,91,10),
(22553,26,25),
(85729,8,7),
(18956,60,11),
(21265,96,8),
(5638,16,12),
(42478,21,15),
(14724,30,19),
(16348,68,11),
(12575,24,21),
(44829,19,9),
(5158,34,23),
(63026,9,6),
(47897,21,7),
(39888,72,23),
(90680,79,25),
(92156,16,7),
(34333,48,12),
(54206,41,12),
(2775,69,21),
(59414,30,20),
(62911,48,18),
(36159,52,9),
(18633,64,9),
(43868,91,7),
(92843,65,14),
(78498,99,7),
(41261,34,9),
(41871,91,24),
(97427,29,9),
(98729,47,7),
(49942,60,23),
(21326,37,17),
(2682,13,12),
(38454,70,22),
(3260,41,9),
(60201,84,12),
(5880,47,13),
(24750,45,23),
(28859,23,7),
(4850,54,11),
(5737,48,7),
(93931,82,9),
(99851,81,13),
(17596,92,21),
(77290,89,19),
(29037,67,8),
(64281,63,14),
(68414,93,16),
(4449,43,12),
(62131,14,10),
(66001,78,13),
(38908,78,11),
(42445,78,8),
(27280,44,16),
(1985,57,19),
(41268,11,11),
(7417,73,11),
(8347,76,14),
(85729,29,24),
(42387,33,17),
(86798,47,25),
(83451,46,16),
(39181,20,16),
(85048,63,18),
(41278,80,11),
(7962,18,15),
(1526,20,20),
(58673,25,10),
(9442,92,7),
(17603,99,17),
(4750,86,22),
(42877,21,9),
(6377,18,8),
(39388,66,23),
(92697,59,13),
(61110,67,13),
(64311,37,11),
(60874,41,8),
(79542,26,22),
(34333,18,14),
(14308,97,14),
(35608,33,22),
(31004,44,13),
(12906,34,23),
(13951,67,20),
(4768,37,18),
(76562,33,19),
(29013,80,20),
(86584,48,22),
(79236,93,20),
(22938,60,18),
(2775,38,23),
(85662,28,15),
(86584,36,12),
(86334,74,21),
(57804,52,9),
(92799,58,11),
(70293,80,17),
(89202,66,21),
(94541,69,24),
(1827,31,18),
(49376,38,24),
(45776,32,24),
(15521,65,18),
(17134,33,24),
(45230,87,6),
(65550,42,23),
(35961,18,17),
(97937,26,12),
(26364,69,12),
(94218,33,20),
(10853,91,15),
(55948,23,17),
(36992,58,8),
(47425,10,8),
(47425,31,23),
(88165,72,25),
(58627,25,7),
(90680,39,25),
(86480,53,21),
(36244,64,21),
(8668,57,17),
(82128,75,23),
(58470,32,17),
(6708,69,9),
(83824,11,8),
(63832,20,18),
(59230,38,22),
(73231,74,23),
(70293,11,10),
(97110,34,25),
(90147,51,21),
(21284,95,13),
(48090,19,19),
(85566,70,23),
(95546,36,7),
(95996,93,9),
(44061,37,12),
(10779,59,16),
(75096,74,14),
(57310,75,12),
(2924,77,25),
(99071,62,8),
(59607,40,17),
(4266,28,23),
(20881,29,9),
(80579,16,7),
(44435,76,9),
(39181,21,14),
(57252,48,6),
(70518,56,12),
(37485,68,6),
(70564,28,17),
(86015,17,9),
(9465,89,14),
(64281,56,19),
(88454,46,18),
(29166,84,18),
(95911,37,18),
(23898,35,16),
(82106,23,8),
(64810,32,23),
(66282,41,18),
(6708,8,6),
(24325,31,17),
(82091,90,22),
(88454,49,13),
(7551,30,22),
(98833,92,6),
(49376,38,9),
(85662,54,14),
(64311,44,18),
(54383,48,22),
(86584,97,10),
(17603,28,21),
(88815,56,6),
(13164,45,15),
(36159,92,15),
(45663,35,24),
(82016,61,9),
(42370,79,20),
(20068,29,20),
(98663,90,13),
(23908,48,20),
(66715,30,21),
(96270,9,8),
(56459,43,22),
(12575,52,16),
(45776,95,22),
(23864,74,19),
(97157,85,20),
(23898,34,21),
(45955,20,17),
(61020,25,18),
(85566,23,13),
(75478,25,25),
(21884,46,10),
(96135,69,24),
(28404,31,24),
(82851,37,20),
(62063,43,18),
(94910,94,23),
(73009,90,25),
(18307,68,11),
(84426,52,14),
(73821,61,10),
(42538,25,18),
(2924,30,16),
(38691,82,6),
(10865,81,22),
(49107,27,12),
(73017,90,8),
(3029,46,13),
(91804,41,23),
(95958,60,10),
(61260,17,9),
(60777,63,12),
(63850,11,9),
(773,98,17),
(14308,72,18),
(27343,93,9),
(96987,20,11),
(15035,11,8),
(12974,42,22),
(76589,68,18),
(8162,31,18),
(81526,87,10),
(90022,77,17),
(11859,29,18),
(60706,95,22),
(85569,77,20),
(7804,54,14),
(92655,29,13),
(79236,18,14),
(86417,50,6),
(95911,34,18),
(35051,40,15),
(54617,30,17),
(37260,36,19),
(84592,8,7),
(67097,21,20),
(42649,97,7),
(4698,84,12),
(276,39,16),
(78796,73,20),
(7848,38,21),
(59483,84,17),
(86015,87,17),
(64086,44,6),
(84055,66,8),
(56132,58,25),
(21284,38,17),
(53400,89,13),
(18544,40,25),
(57862,62,21),
(76686,31,15),
(24633,38,17),
(23080,92,8),
(91071,51,17),
(4308,12,7),
(95570,27,18),
(45663,13,11),
(70894,30,20),
(92655,50,12),
(95267,51,14),
(96524,84,15),
(44709,8,8),
(75933,66,21),
(52594,89,13),
(15447,86,12),
(20881,90,20),
(91513,30,24),
(87093,28,12),
(77720,58,7),
(829,46,10),
(18544,77,12),
(69393,74,22),
(34269,14,14),
(89086,68,14),
(67149,67,21),
(6561,86,19),
(75410,99,17),
(28404,78,12),
(4850,79,24),
(97937,35,20),
(76068,19,14),
(99833,74,10),
(40387,85,22),
(76080,32,17),
(63085,44,25),
(7418,33,18),
(85566,92,17),
(31068,31,19),
(3062,70,25),
(13958,99,25),
(55184,29,21),
(45764,89,19),
(61602,98,18),
(37629,64,13),
(88171,59,21),
(10853,74,6),
(96815,44,8),
(62414,26,14),
(99068,15,12),
(87446,23,17),
(95980,66,9),
(38454,72,9),
(38691,58,20),
(8870,88,18),
(88723,10,7),
(85956,13,10),
(95267,94,17),
(80036,71,21),
(38908,53,23),
(72422,45,25),
(73821,64,24),
(29394,50,17),
(11824,16,13),
(99728,99,25),
(32989,13,11),
(94408,22,7),
(96135,58,23),
(68920,82,21),
(98729,11,8),
(42156,89,9),
(41871,35,22),
(28985,82,10),
(77992,22,14),
(65061,55,21),
(58787,89,25),
(54865,71,22),
(75441,88,13),
(93562,26,16),
(97203,78,12),
(42445,17,17),
(52611,92,19),
(15779,19,18),
(67179,87,15),
(66282,71,16),
(64816,54,12),
(46474,24,21),
(51187,66,6),
(85048,32,25),
(44328,30,20),
(77992,32,9),
(24078,19,12),
(17603,43,25),
(62389,25,15),
(12559,27,20),
(63085,73,24),
(3423,35,15),
(5638,77,11),
(56113,18,10),
(37458,9,7),
(42156,95,25),
(88815,58,12),
(76080,33,22),
(52401,37,24),
(31388,95,15),
(93931,57,13),
(70650,74,21),
(64311,79,20),
(82851,62,6),
(4393,92,23),
(33674,73,15),
(76068,49,19),
(36244,33,18),
(25505,81,18),
(46128,73,16),
(83739,58,14),
(81901,57,14),
(66001,59,7),
(86098,25,14),
(44435,68,25),
(38430,65,20),
(95996,99,16),
(43868,32,21),
(11188,18,16),
(79542,85,8),
(95267,35,24),
(35961,30,16),
(86703,72,7),
(37542,52,8),
(63085,80,6),
(93562,27,18),
(61643,21,12),
(20146,25,15),
(37260,63,16),
(65789,85,13),
(98782,44,13),
(85662,35,21),
(58787,27,18),
(54206,43,9),
(37629,91,17),
(8169,12,11),
(31807,98,24),
(92138,33,9),
(13337,73,24),
(29332,42,10),
(67575,31,25),
(3001,99,24),
(57855,44,20),
(67253,95,6),
(76686,16,15),
(43693,97,12),
(60407,76,13),
(15447,17,10),
(4226,54,17),
(95079,73,8),
(5158,73,12),
(82394,58,21),
(46004,79,22),
(94408,55,19),
(96524,48,9),
(7060,85,18),
(88008,80,17),
(49107,45,20),
(38877,60,24),
(21374,21,19),
(57855,38,24),
(39304,44,6),
(54617,16,11),
(1985,34,21),
(2682,65,8),
(94910,86,18),
(4768,55,24),
(60192,89,10),
(76966,34,25),
(8902,66,24),
(86015,36,14),
(37702,72,13),
(96135,18,10),
(24078,24,21),
(68218,89,14),
(83836,22,16),
(73009,27,18),
(68400,93,22),
(70650,66,19),
(71592,10,10),
(69003,74,14),
(59384,66,13),
(12107,77,18),
(40415,73,7),
(21772,34,15),
(63195,53,18),
(68218,40,22),
(27056,58,20),
(99454,16,10),
(91469,92,23),
(73009,25,20),
(46749,31,17),
(1183,22,19),
(32875,82,7),
(30465,65,23),
(18207,93,13),
(73814,89,23),
(31483,65,10),
(64810,38,21),
(29332,75,10),
(99619,73,20),
(16515,75,6),
(70053,72,8),
(61602,45,12),
(67805,31,9),
(13592,64,21),
(2148,49,13),
(92655,41,24),
(80308,21,14),
(42538,29,19),
(36193,84,9),
(21326,41,23),
(77290,94,23),
(65061,60,8),
(65343,80,16),
(15709,37,16),
(74519,82,21),
(11824,57,16),
(79236,34,13),
(43693,20,18),
(66396,73,19),
(18853,65,24),
(4226,77,7),
(80673,84,15),
(54206,25,17),
(54752,52,13),
(94160,40,20),
(56222,72,12),
(33811,99,17),
(45157,36,9),
(29375,52,20),
(61780,71,18),
(38945,89,16),
(16881,99,11),
(99661,29,17),
(2775,45,24),
(11188,73,11),
(59423,32,7),
(42478,57,17),
(24360,58,13),
(56645,39,24),
(65960,61,21),
(79146,73,19),
(82128,87,15),
(64816,99,15),
(93232,44,10),
(88723,50,13),
(31068,18,9),
(94910,65,21),
(84426,86,7),
(54865,60,7),
(37332,76,20),
(78760,41,23),
(30899,85,24),
(81526,83,22),
(77992,20,18),
(18879,8,6),
(44722,78,19),
(10792,64,9),
(55824,27,25),
(47881,56,15),
(74434,65,8),
(58378,42,20),
(76122,20,9),
(23080,96,18),
(45375,30,16),
(62703,39,24),
(87055,74,10),
(7418,23,21),
(3294,97,9),
(31480,56,15),
(20881,86,17),
(10779,41,22),
(88971,62,10),
(85662,38,25),
(5737,79,18),
(79330,64,22),
(96922,32,13),
(74434,77,19),
(67179,73,13),
(773,41,17),
(99728,23,20),
(90680,30,12),
(54752,70,21),
(23864,44,10),
(91584,70,22),
(21048,64,24),
(96524,97,9),
(70814,7,7),
(66548,88,17),
(20220,37,7),
(95461,93,14),
(72429,82,12),
(53323,95,19),
(8162,20,13),
(95704,88,21),
(79792,90,13),
(73649,23,8),
(51228,15,8),
(97427,40,19),
(86417,76,11),
(64311,64,14),
(36244,25,23),
(78760,39,22),
(61792,44,24),
(44328,54,13),
(76426,49,17),
(76080,17,13),
(68792,74,19),
(15447,46,22),
(96524,87,7),
(94541,28,9),
(33285,22,8),
(53328,23,23),
(72199,39,15),
(63831,34,14),
(35608,36,9),
(8897,37,21),
(33996,37,21),
(68218,58,13),
(10099,31,17),
(97157,38,18),
(78738,23,11),
(83943,82,10),
(3260,53,10),
(4538,52,23),
(58550,99,22),
(85665,24,20),
(1979,17,10),
(33214,18,18),
(18853,55,10),
(25597,96,6),
(9761,53,7),
(1003,24,15),
(13164,91,17),
(68400,13,8),
(25505,29,14),
(57939,22,14),
(86584,78,9),
(81615,13,8),
(35608,68,23),
(1985,92,7),
(23864,56,6),
(27056,16,9),
(72199,42,20),
(24360,32,22),
(95527,19,14),
(91804,52,7),
(74902,71,21),
(64311,36,24),
(88815,65,16),
(92697,37,19),
(36548,62,19),
(11824,76,9),
(45230,29,18),
(28324,34,21),
(95570,8,7),
(43667,40,8),
(36992,31,10),
(73741,43,13),
(86334,40,10),
(34516,88,19),
(15197,35,17),
(26580,14,13),
(37332,60,6),
(13744,26,20),
(54982,51,15),
(39888,35,23),
(45332,86,8),
(46004,97,14),
(16881,68,19),
(59874,92,24),
(21284,30,7),
(37542,89,8),
(9761,52,17),
(97359,86,16),
(64145,75,24),
(18956,11,6),
(66282,90,23),
(6089,29,8),
(70035,22,14),
(67148,45,22),
(34718,90,11),
(21265,43,23),
(16515,55,10),
(92138,78,17),
(10779,20,14),
(66715,51,21),
(26580,44,14),
(10053,64,22),
(48386,49,6),
(25531,64,6),
(69516,19,14),
(29037,87,24),
(92138,90,10),
(74902,21,19),
(23110,38,7),
(51026,75,21),
(15965,25,15),
(37606,12,12),
(56710,24,16),
(17579,35,16),
(45230,55,24),
(88205,56,13),
(61020,25,22),
(29375,29,18),
(80411,99,8),
(92843,14,10),
(29694,77,9),
(7472,31,18),
(42002,99,12),
(32127,30,19),
(44328,57,22),
(50634,26,16),
(10865,34,18),
(90628,37,16),
(18307,66,10),
(73821,24,18),
(64127,63,20),
(14144,81,20),
(55774,72,21),
(18823,92,12),
(63722,54,11),
(42773,64,8),
(38558,66,15),
(45375,99,23),
(63312,54,22),
(20220,41,14),
(76589,83,22),
(89953,55,9),
(26992,15,8),
(50676,96,21),
(98663,82,22),
(65536,19,15),
(18064,27,17),
(60777,43,25),
(63850,44,20),
(19481,28,12),
(48645,55,10),
(62414,17,11),
(83681,60,17),
(54982,15,11),
(95704,40,24),
(10611,68,24),
(7803,26,7),
(92697,97,20),
(88711,25,21),
(41278,86,6),
(23434,94,17),
(54026,23,14),
(62703,51,13),
(5880,51,9),
(47897,97,18),
(56803,93,18),
(23662,91,21),
(23080,28,19),
(70398,61,16),
(18205,25,23),
(18307,7,6),
(829,22,12),
(19170,28,17),
(99625,31,22),
(58673,53,7),
(34269,93,7),
(42002,10,9),
(19001,88,15),
(84130,52,12),
(52594,45,23),
(16922,22,10),
(1712,63,19),
(88755,23,13),
(37349,24,13),
(73649,19,18),
(39304,28,15),
(43868,86,23),
(5158,47,24),
(82407,52,6),
(6384,83,15),
(2438,37,23),
(27927,33,25),
(85865,83,7),
(98833,64,19),
(54865,27,23),
(50676,69,8),
(7848,76,17),
(86674,38,12),
(3198,25,16),
(71397,90,6),
(76562,87,12),
(11824,25,25),
(17134,70,10),
(14144,46,9),
(89202,96,13),
(83943,93,13),
(8870,78,18),
(32235,19,10),
(48944,43,10),
(46128,29,25),
(49324,95,17),
(66149,29,18),
(96135,36,22),
(62874,65,24),
(17572,26,25),
(43196,40,13),
(62905,86,24),
(15564,51,17),
(88165,39,6),
(85566,91,16),
(27096,44,12),
(54206,38,19),
(4226,51,23),
(96135,12,11),
(13535,72,23),
(12559,8,7),
(77372,91,13),
(43864,17,15),
(14144,22,15),
(96922,40,6),
(43667,74,17),
(75096,43,21),
(74878,76,21),
(82407,44,21),
(63831,43,6),
(6377,62,20),
(11914,36,23),
(78760,90,24),
(13744,29,18),
(73694,19,10),
(94363,50,24),
(8595,27,24),
(60743,83,12),
(87093,45,18),
(41268,77,10),
(47999,88,9),
(88454,69,12),
(45549,23,9),
(58121,91,14),
(1387,91,25),
(34336,31,12),
(10865,16,15),
(41101,55,16),
(86412,51,16),
(39888,84,14),
(54752,76,16),
(97879,18,10),
(86798,20,14),
(59563,34,20),
(36056,69,18),
(18291,16,8),
(31587,64,9),
(45955,66,19),
(15709,68,10),
(18544,70,18),
(81615,14,14),
(4919,90,25),
(43196,28,19),
(93931,39,6),
(65844,41,8),
(40747,94,13),
(92254,26,16),
(55689,35,16),
(6744,71,13),
(18064,81,19),
(3029,24,16),
(99071,17,15),
(58045,16,11),
(41547,36,18),
(12974,30,22),
(37629,39,22),
(64086,28,11),
(42156,92,13),
(20042,23,6),
(76707,51,21),
(65061,72,11),
(97937,19,17),
(829,85,12),
(20220,29,13),
(14724,41,20),
(47158,67,13),
(76707,76,12),
(60414,16,16),
(80196,90,9),
(6744,59,11),
(68573,54,8),
(32127,84,15),
(37260,46,8),
(12974,46,21),
(90147,48,25),
(95546,37,21),
(64894,21,13),
(54102,48,14),
(69422,78,8),
(21048,33,25),
(53328,26,19),
(66149,59,14),
(68920,14,14),
(64311,27,25),
(37268,25,9),
(37485,53,11),
(21374,50,7),
(25540,96,8),
(18823,53,10),
(63893,79,13),
(1827,32,23),
(7803,61,24),
(49376,12,7),
(27096,46,11),
(11957,91,11),
(2741,13,9),
(18291,47,16),
(67253,41,25),
(62911,33,10),
(7289,83,18),
(60777,71,19),
(5158,93,18),
(13951,54,15),
(85274,20,11),
(85729,55,9),
(55439,25,8),
(36584,64,21),
(94160,85,12),
(7346,32,16),
(38037,70,21),
(37332,71,23),
(18354,21,17),
(31480,90,6),
(83681,58,6),
(38045,28,24),
(38045,21,7),
(70488,59,20),
(73603,73,11),
(16579,87,18),
(62414,87,7),
(96643,30,21),
(64894,33,21),
(54865,46,24),
(37260,52,9),
(63026,82,6),
(64022,51,22),
(68920,23,22),
(67097,43,16),
(25531,92,20),
(60168,47,13),
(94442,86,15),
(37260,70,16),
(27940,53,14),
(6744,31,10),
(73814,86,22),
(88755,30,19),
(59607,94,17),
(41714,32,25),
(26060,32,20),
(58460,57,10),
(54752,73,10),
(48944,40,11),
(37260,28,9),
(73649,92,23),
(96524,36,23),
(70782,94,8),
(64234,8,6),
(13337,25,24),
(11411,18,16),
(83681,55,24),
(65550,94,20),
(30899,72,23),
(99068,36,22),
(9899,69,17),
(57938,98,13),
(6089,35,13),
(84211,80,25),
(36056,50,24),
(18064,27,6),
(42445,73,19),
(3198,24,15),
(74902,77,10),
(97157,51,9),
(48645,73,19),
(9465,80,9),
(86910,82,25),
(50040,34,25),
(31587,77,13),
(89274,33,23),
(29037,15,12),
(63722,98,15),
(39304,35,19),
(6384,67,16),
(4850,25,13),
(65804,21,13),
(57804,31,23),
(11338,32,17),
(92138,64,14),
(79938,91,16),
(82535,24,24),
(72429,26,15),
(99787,33,21),
(82106,74,23),
(21772,15,15),
(76313,74,11),
(64867,61,6),
(80036,53,9),
(83240,79,9),
(74932,64,16),
(85592,34,21),
(93232,58,6),
(79330,25,14),
(61286,33,18),
(62475,89,6),
(43737,85,21),
(70598,82,20),
(59423,23,18),
(66715,28,22),
(45061,79,7),
(13640,75,9),
(83824,26,12),
(31866,24,9),
(91614,78,17),
(54383,43,19),
(87093,38,22),
(80796,14,11),
(70035,25,10),
(56838,30,23),
(7472,42,18),
(94021,50,25),
(68551,51,20),
(17134,84,15),
(21884,84,12),
(23434,26,11),
(50634,84,9),
(11338,79,13),
(59899,22,17),
(15521,72,14),
(31347,49,17),
(83615,35,21),
(64867,29,17),
(3257,10,8),
(34269,73,10),
(88815,76,19),
(43667,46,24),
(60168,35,23),
(43013,51,23),
(83739,60,23),
(46749,61,25),
(90979,55,7),
(59874,15,7),
(60168,97,13),
(4750,64,21),
(59874,12,9),
(58627,95,13),
(45375,11,6),
(66617,17,9),
(43868,49,16),
(78675,91,15),
(41352,73,16),
(3198,74,14),
(57855,89,12),
(96135,19,10),
(4266,66,15),
(48306,96,25),
(90147,32,18),
(38454,89,16),
(53328,39,20),
(98192,58,12),
(86334,31,24),
(5767,27,24),
(67793,30,25),
(21884,33,8),
(30164,46,22),
(8045,62,20),
(31480,22,7),
(14292,31,14),
(3257,25,6),
(27280,97,24),
(7418,40,16),
(84130,19,15),
(71397,71,15),
(28620,83,7),
(18291,82,19),
(99192,56,25),
(7962,78,22),
(48695,44,12),
(10865,24,13),
(92762,48,11),
(21772,45,8),
(68650,33,19),
(31347,90,24),
(47817,14,10),
(45663,35,6),
(32127,41,22),
(17015,11,11),
(65960,22,11),
(31807,45,24),
(76080,30,11),
(86791,77,23),
(1985,16,16),
(41261,55,10),
(57310,20,14),
(36992,30,25),
(83483,47,18),
(89953,22,16),
(21265,52,17),
(95122,77,22),
(27261,6,6),
(68400,95,9),
(43868,42,22),
(5880,77,9),
(94408,27,16),
(38691,16,13),
(46306,64,11),
(44468,37,22),
(90943,65,8),
(45764,43,17),
(48944,73,19),
(33700,35,17),
(90979,87,23),
(13958,89,6),
(81901,95,14),
(85274,37,19),
(48090,14,7),
(64022,54,16),
(39015,50,9),
(68613,23,22),
(3001,75,20),
(43912,85,9),
(2385,46,24),
(26345,29,24),
(50676,67,9),
(2385,34,13),
(22780,33,7),
(62026,86,7),
(59899,12,10),
(87446,25,14),
(64867,67,20),
(90462,99,10),
(68792,21,7),
(60703,99,11),
(7735,60,7),
(18307,93,7),
(27881,93,23),
(92138,92,13),
(66149,17,8),
(69393,87,19),
(27927,24,18),
(53323,35,6),
(3257,59,6),
(27563,41,12),
(27261,22,15),
(57939,33,14),
(39304,35,21),
(83451,90,10),
(24490,61,10),
(42067,32,17),
(773,82,17),
(59414,38,15),
(60703,18,17),
(24633,65,14),
(51026,97,13),
(54752,72,22),
(38045,59,21),
(97155,45,8),
(85451,37,20),
(94761,66,23),
(13164,67,11),
(8162,42,15),
(63832,19,15),
(76562,75,24),
(39304,76,25),
(58787,23,13),
(17015,42,24),
(5652,75,17),
(2189,35,22),
(73017,83,18),
(71592,34,16),
(17066,39,20),
(14724,46,18),
(3294,14,11),
(27333,66,10),
(37606,55,25),
(14724,52,23),
(7583,72,24),
(95704,71,14),
(15197,63,21),
(86910,49,14),
(79236,29,22),
(10888,21,7),
(30486,82,21),
(1712,93,7),
(99871,91,13),
(8347,22,19),
(86798,25,17),
(37542,99,9),
(13164,34,18),
(87845,10,7),
(49942,24,23),
(77865,50,15),
(35022,29,25),
(145,17,7),
(81615,76,18),
(91972,71,15),
(13337,32,14),
(43389,52,24),
(38454,66,23),
(38969,92,8),
(43667,49,12),
(97110,41,12),
(89875,18,16),
(75441,85,7),
(53640,14,9),
(19683,45,20),
(78894,21,9),
(39345,10,9),
(64281,59,8),
(23110,26,17),
(64234,59,13),
(1183,29,6),
(56645,28,22),
(49376,35,18),
(86584,54,25),
(88171,55,6),
(96906,77,8),
(28985,49,18),
(74932,25,25),
(90147,58,17),
(89086,58,14),
(63336,87,12),
(10865,85,7),
(60281,24,17),
(3029,26,10),
(99619,41,12),
(58040,22,10),
(20220,81,6),
(27563,27,13),
(8902,89,13),
(68650,65,7),
(89108,65,24),
(24724,61,22),
(70518,98,20),
(35022,69,16),
(87845,43,14),
(13164,95,18),
(37332,29,23),
(40130,73,14),
(18064,98,13),
(21048,31,19),
(57057,53,20),
(70053,36,25),
(51187,28,6),
(52979,16,13),
(87358,49,14),
(85274,77,16),
(93123,65,10),
(94021,71,6),
(55774,14,9),
(28065,59,20),
(35776,90,12),
(70016,59,20),
(59483,96,20),
(84130,75,12),
(95996,25,17),
(69393,97,12),
(48090,38,13),
(27940,67,22),
(59384,89,24),
(72822,31,14),
(74519,68,12),
(23434,70,14),
(70518,41,6);

CREATE TABLE submission_stats
(
	challenge_id INT,
    total_submissions INT,
    total_accepted_submissions INT
);
INSERT INTO submission_stats VALUES
(59384,48,8),
(59563,45,25),
(85817,24,20),
(4393,80,8),
(48713,32,19),
(60192,11,10),
(95549,46,23),
(18823,12,11),
(60703,39,11),
(43737,42,8),
(70043,64,23),
(12705,89,22),
(46306,69,20),
(7804,87,15),
(47158,60,13),
(94408,82,20),
(82106,28,24),
(54752,82,6),
(43868,20,18),
(29166,24,22),
(37458,28,21),
(90680,81,20),
(85413,98,25),
(3089,75,21),
(13535,23,18),
(11859,53,8),
(56666,55,6),
(13337,52,18),
(70016,26,9),
(86584,49,9),
(3625,47,15),
(69573,59,20),
(63026,28,15),
(90462,34,22),
(62063,99,15),
(74920,75,17),
(8386,62,8),
(60192,47,12),
(65061,13,7),
(99071,14,10),
(2924,81,25),
(85592,15,9),
(9442,99,13),
(72172,18,13),
(31388,27,11),
(9361,96,7),
(61122,19,16),
(18636,77,6),
(87513,72,10),
(70518,44,23),
(4768,74,24),
(45663,67,8),
(96643,36,25),
(95122,23,23),
(7735,64,25),
(74519,59,23),
(35961,87,8),
(65550,16,13),
(18750,39,25),
(73813,38,20),
(61122,64,21),
(88723,30,13),
(83451,16,7),
(36891,73,25),
(3062,24,23),
(6998,15,11),
(76686,43,13),
(24633,33,14),
(18931,97,23),
(82128,36,25),
(97359,63,8),
(7803,47,13),
(76562,76,24),
(69516,24,22),
(45119,55,22),
(43389,73,17),
(96987,57,22),
(26364,62,15),
(73009,30,6),
(20146,45,18),
(94442,18,16),
(97155,60,23),
(72429,91,9),
(72199,27,20),
(93931,97,20),
(92202,45,7),
(74878,82,13),
(98833,81,13),
(5652,61,22),
(73116,96,10),
(20828,21,20),
(38877,36,24),
(48944,38,13),
(99454,57,21),
(11188,36,8),
(51019,43,23),
(66001,33,22),
(66400,38,16),
(86703,45,25),
(791,40,21),
(96135,36,22),
(98833,90,14),
(558,29,9),
(9361,41,21),
(47999,84,12),
(67253,47,25),
(86480,94,21),
(54982,28,18),
(85274,79,24),
(88109,30,14),
(58396,56,14),
(1003,97,25),
(1979,17,14),
(1827,23,21),
(56132,22,11),
(60706,23,18),
(95546,20,11),
(46128,76,7),
(37211,13,11),
(79330,66,9),
(11824,72,8),
(41261,72,6),
(73495,50,7),
(87093,44,16),
(64311,27,24),
(63832,47,8),
(59414,54,25),
(86703,64,9),
(83943,23,15),
(87446,53,21),
(60168,81,25),
(17134,30,17),
(58627,43,18),
(38969,81,24),
(46004,18,13),
(94160,40,25),
(97879,58,13),
(80308,72,11),
(71397,15,14),
(60768,31,14),
(74710,21,18),
(20790,59,14),
(29166,45,10),
(43432,87,21),
(82106,27,14),
(35961,29,22),
(3029,90,15),
(25740,70,17),
(98994,66,21),
(37268,58,9),
(6377,38,24),
(56132,98,6),
(76313,66,13),
(1681,70,8),
(61792,19,14),
(86910,41,25),
(74519,13,7),
(74932,58,18),
(86703,62,17),
(56838,99,13),
(14950,24,17),
(83836,45,12),
(13951,49,22),
(3367,90,20),
(35982,94,21),
(60935,34,8),
(77865,41,16),
(55147,68,24),
(45230,84,8),
(75642,79,20),
(83451,57,24),
(5737,64,24),
(53400,74,19),
(63906,94,22),
(95549,50,15),
(72130,17,9),
(78738,11,8),
(83234,84,9),
(2741,39,7),
(26060,58,6),
(59748,55,21),
(90943,68,15),
(61792,91,9),
(52401,41,13),
(45119,26,9),
(58812,74,24),
(43196,44,24),
(26345,83,16),
(75410,59,7),
(35946,50,14),
(68287,69,22),
(27339,77,13),
(43693,91,19),
(46749,64,25),
(93232,16,13),
(63906,97,6),
(45157,37,21),
(58627,17,14),
(57252,68,20),
(54617,96,7),
(56803,30,7),
(8870,36,10),
(4393,34,23),
(7472,80,23),
(31483,97,19),
(68218,61,11),
(82425,29,19),
(28404,66,6),
(99397,44,23),
(59439,48,18),
(18544,83,10),
(57939,31,18),
(3367,27,21),
(78498,71,20),
(83388,91,10),
(82425,56,23),
(51839,73,20),
(8870,84,20),
(77653,61,11),
(58045,21,19),
(13574,87,14),
(87093,29,18),
(32875,98,8),
(91398,18,14),
(46306,47,15),
(85632,73,12),
(42156,84,10),
(56192,72,12),
(37458,75,19),
(95704,69,22),
(68573,53,23),
(36244,92,20),
(12974,21,11),
(22351,57,19),
(88755,32,8),
(94288,62,18),
(96906,86,13),
(83943,73,23),
(46474,29,17),
(15197,25,23),
(42478,34,21),
(36992,77,21),
(92799,32,20),
(72083,81,15),
(70053,74,10),
(97427,27,7),
(71586,34,19),
(34584,38,25),
(39345,27,25),
(41268,9,7),
(12705,75,14),
(4750,35,10),
(23864,16,16),
(6095,76,8),
(1322,70,19),
(75535,54,13),
(5652,43,25),
(74744,44,10),
(39151,36,24),
(98259,27,21),
(95980,30,20),
(63085,18,6),
(95122,53,23),
(60386,33,25),
(8668,53,21),
(17572,27,20),
(4226,27,24),
(1985,42,6),
(95570,35,15),
(76707,33,23),
(76426,86,19),
(76426,38,21),
(36159,16,7),
(17579,29,16),
(58949,11,6),
(3367,25,25),
(48531,97,9),
(73009,85,24),
(53323,99,13),
(80036,34,18),
(45663,23,18),
(59230,44,8),
(60777,24,17),
(85736,95,21),
(46128,80,24),
(25505,15,11),
(55774,89,12),
(20790,57,17),
(40130,48,24),
(68859,48,7),
(75395,38,10),
(83836,77,7),
(8162,64,12),
(36548,82,16),
(31587,24,14),
(12107,61,10),
(34960,17,10),
(14950,49,25),
(19587,41,22),
(82407,66,20),
(18307,39,6),
(85632,20,17),
(58787,67,21),
(77679,94,10),
(2741,87,17),
(86480,39,17),
(46474,17,17),
(34269,85,15),
(16881,86,17),
(67148,65,18),
(65343,54,25),
(23908,42,8),
(98194,24,8),
(79330,38,20),
(69573,75,6),
(59423,94,9),
(73814,32,20),
(10888,18,16),
(31483,30,10),
(55824,50,12),
(66001,62,12),
(43389,72,25),
(57310,65,8),
(43785,64,17),
(64145,50,7),
(67542,79,10),
(58627,28,11),
(37349,69,13),
(31456,19,9),
(98192,13,6),
(63831,60,19),
(77992,28,7),
(7289,34,8),
(20502,51,18),
(15447,51,24),
(67148,21,8),
(76080,34,17),
(21884,90,12),
(92762,29,18),
(42877,94,17),
(81615,10,6),
(97937,68,22),
(3089,97,8),
(9524,52,21),
(12559,13,11),
(25740,87,21),
(81615,29,25),
(99397,28,24),
(90147,92,11),
(97203,95,12),
(55774,27,6),
(59563,15,8),
(23908,38,20),
(53323,92,15),
(45955,51,19),
(76686,20,12),
(76426,69,21),
(8680,24,7),
(43912,74,24),
(5767,86,12),
(10099,44,22),
(84211,87,21),
(12705,25,17),
(45061,92,24),
(63850,61,12),
(68920,87,16),
(38037,39,14),
(65889,75,24),
(17596,88,21),
(73231,72,12),
(45363,45,24),
(85662,22,15),
(35051,83,9),
(96900,78,13),
(41547,36,10),
(9524,85,13),
(37211,21,10),
(51026,82,13),
(791,73,21),
(35946,81,21),
(76080,87,11),
(54865,14,13),
(19001,30,17),
(85865,65,17),
(52592,32,20),
(7735,56,22),
(67805,26,15),
(99192,64,16),
(31866,38,24),
(4538,86,8),
(11957,58,14),
(16348,69,13),
(11646,57,16),
(276,31,16),
(85451,70,19),
(94271,53,8),
(14144,32,25),
(65061,19,12),
(23434,33,21),
(6377,85,7),
(76122,87,10),
(90462,21,17),
(42538,72,9),
(6095,28,13),
(43201,7,7),
(91469,78,6),
(59439,91,20),
(10853,16,11),
(35051,15,15),
(83240,21,7),
(91513,78,17),
(13592,73,8),
(94363,45,16),
(84130,71,21),
(80036,27,18),
(43220,93,13),
(21772,83,11),
(23110,68,8),
(92202,40,16),
(1681,25,21),
(68859,17,10),
(59439,11,9),
(25597,93,25),
(27339,46,8),
(86334,45,6),
(99625,25,15),
(58045,92,24),
(30096,25,10),
(90979,25,18),
(73495,87,14),
(48944,45,18),
(39181,20,17),
(83615,39,7),
(45477,99,9),
(20828,63,14),
(76924,68,16),
(42538,94,11),
(20828,82,19),
(6708,90,18),
(95996,90,8),
(93502,27,19),
(6304,24,23),
(15564,29,8),
(94910,37,14),
(18750,46,12),
(72422,20,7),
(79236,48,7),
(29394,46,13),
(29037,84,8),
(558,14,10),
(29037,86,10),
(7735,32,19),
(12421,65,8),
(47999,26,19),
(90462,61,17),
(10053,19,7),
(86758,53,7),
(60281,95,25),
(94288,26,7),
(94271,64,25),
(98259,21,16),
(18307,87,7),
(13744,62,20),
(49324,35,20),
(63722,85,12),
(43196,93,22),
(87211,14,11),
(6095,79,15),
(74637,51,13),
(70016,66,23),
(58550,71,23),
(85566,35,22),
(20042,51,20),
(60768,30,17),
(52401,54,8),
(6561,97,25),
(791,94,13),
(8246,36,12),
(88886,21,14),
(43201,44,24),
(63893,56,22),
(58396,76,18),
(70782,26,15),
(87358,80,16),
(11023,15,7),
(13211,82,19),
(49107,85,23),
(46749,34,6),
(12705,73,22),
(99397,74,19),
(75933,89,16),
(60703,40,22),
(35982,41,24),
(8680,30,24),
(92697,66,23),
(32875,36,16),
(37211,33,15),
(58550,42,21),
(68920,78,17),
(48695,50,6),
(18931,29,25),
(3089,61,25),
(23080,48,17),
(83943,62,8),
(38877,96,6),
(55843,75,7),
(61792,74,16),
(10718,86,15),
(72083,62,8),
(76426,87,12),
(4266,60,13),
(4266,61,9),
(61670,32,16),
(64867,25,10),
(33674,19,13),
(99192,46,20),
(18307,62,25),
(25740,26,21),
(58045,40,8),
(64810,27,23),
(37211,32,11),
(36244,77,6),
(86674,22,18),
(66617,25,22),
(11411,76,11),
(29037,86,12),
(85830,37,11),
(60168,81,25),
(95911,51,7),
(91972,26,24),
(97203,31,15),
(52401,67,12),
(3198,85,15),
(61260,81,8),
(94021,75,19),
(45363,27,20),
(9524,32,25),
(82425,89,15),
(69894,33,22),
(2682,58,9),
(37702,86,25),
(558,77,8),
(91398,90,13),
(85274,26,16),
(82535,97,25),
(63906,17,15),
(39888,89,22),
(50634,67,21),
(64022,51,13),
(46474,19,19),
(34879,88,18),
(65889,17,16),
(3198,30,22),
(32173,27,16),
(21772,67,15),
(77290,15,10),
(72825,19,15),
(16861,79,12),
(90462,35,12),
(64894,43,16),
(42445,76,14),
(67658,87,18),
(67658,25,20),
(64234,82,10),
(22780,98,13),
(23864,32,20),
(63722,11,7),
(6384,9,9),
(53640,67,24),
(82425,92,16),
(76480,23,23),
(87055,98,6),
(61602,32,20),
(33811,38,15),
(31900,35,12),
(36891,63,22),
(13356,97,20),
(68414,59,23),
(7472,98,24),
(53523,75,9),
(33221,46,17),
(39345,99,10),
(82425,38,24),
(43389,74,7),
(45477,28,17),
(11859,91,18),
(61020,89,11),
(75410,55,12),
(92762,54,23),
(4750,30,25),
(33221,25,13),
(51689,43,18),
(2550,62,20),
(31004,74,10),
(96906,36,21),
(71586,57,23),
(14144,38,24),
(98833,42,19),
(7735,47,24),
(41347,41,9),
(76966,44,14),
(38045,30,25),
(27502,92,8),
(76426,48,19),
(37702,13,8),
(21374,73,10),
(85700,39,16),
(27563,34,20),
(21716,56,19),
(77372,27,14),
(3784,36,21),
(29375,40,18),
(829,48,25),
(51689,24,24),
(61670,81,22),
(35608,96,21),
(82535,28,23),
(67149,97,15),
(66400,60,9),
(7804,59,24),
(3260,74,12),
(98509,58,25),
(49942,21,6),
(34718,14,8),
(6561,37,23),
(85729,71,20),
(58460,74,12),
(82128,41,16),
(65061,78,11),
(21284,33,24),
(66715,33,7),
(62026,81,7),
(92762,23,15),
(1322,67,14),
(45061,86,19),
(24750,74,10),
(77627,53,22),
(36992,31,23),
(28324,35,22),
(65083,44,15),
(57804,55,13),
(41261,70,18),
(43693,52,22),
(37498,34,18),
(51019,54,8),
(29827,45,6),
(37458,82,24),
(15564,24,21),
(96643,55,15),
(81186,36,10),
(47679,41,11),
(62026,42,18),
(55824,93,21),
(96906,75,6),
(56078,61,11),
(94541,72,7),
(98192,48,24),
(63831,64,15),
(61110,83,25),
(10865,32,8),
(63227,97,21),
(26060,92,16),
(27891,64,7),
(79580,22,20),
(8506,29,16),
(79749,35,20),
(7418,50,21),
(7848,25,6),
(78675,94,13),
(88109,35,25),
(43912,19,12),
(88550,62,9),
(56007,69,12),
(70035,20,20),
(90979,28,15),
(558,95,9),
(2438,54,13),
(58949,16,15),
(94541,74,25),
(18956,36,21),
(82394,75,24),
(21284,79,23),
(37458,53,13),
(45363,35,25),
(34718,89,7),
(22553,29,24),
(78796,87,6),
(54052,39,25),
(5638,31,16),
(39345,92,19),
(82128,40,14),
(33674,39,6),
(89274,70,17),
(90680,92,25),
(5069,33,9),
(53400,12,6),
(21374,51,15),
(54752,83,7),
(36381,53,8),
(63831,22,11),
(9899,43,14),
(22652,41,16),
(47901,27,14),
(2438,71,24),
(32127,36,24),
(99833,95,20),
(1985,86,17),
(86480,57,6),
(19170,95,13),
(54102,50,10),
(83836,49,7),
(90628,50,23),
(36503,88,23),
(95549,79,14),
(19001,30,19),
(86417,30,16),
(81186,30,18),
(83992,26,11),
(99625,97,10),
(7848,69,25),
(86703,87,9),
(90979,35,25),
(70564,74,21),
(88165,42,16),
(22780,66,22),
(42087,79,9),
(66715,38,19),
(38969,86,7),
(60386,33,14),
(94288,77,6),
(3019,40,24),
(86015,96,17),
(83681,53,22),
(24490,35,19),
(44722,79,17),
(83739,72,16),
(75642,86,14),
(85592,93,19),
(28324,89,22),
(19001,26,18),
(77865,49,24),
(73119,77,7),
(62905,17,15),
(87951,24,20),
(36159,26,10),
(60866,27,24),
(7289,87,17),
(89108,46,6),
(55184,33,20),
(97950,58,21),
(95527,73,23),
(7848,66,12),
(60935,84,15),
(67097,14,13),
(61670,80,15),
(57938,28,18),
(32127,17,11),
(7418,77,22),
(68287,59,17),
(37458,35,15),
(47999,38,24),
(75535,22,21),
(48386,66,21),
(18931,25,17),
(17603,73,8),
(61260,59,20),
(35946,56,18),
(69136,27,14),
(10513,13,13),
(773,41,16),
(68551,73,13),
(92254,67,20),
(11188,80,6),
(5737,80,6),
(8902,69,20),
(60768,53,7),
(51019,24,7),
(83836,43,7),
(43785,83,8),
(2438,62,18),
(85729,69,21),
(55948,18,7),
(70564,27,23),
(99851,67,23),
(51187,66,7),
(60192,31,25),
(88755,91,9),
(92156,69,14),
(58396,47,14),
(95079,34,9),
(29375,61,11),
(39888,23,19),
(33811,63,15),
(96815,42,16),
(87093,45,12),
(43693,61,17),
(23898,78,24),
(19170,55,15),
(71074,30,8),
(86098,24,17),
(3089,13,13),
(88205,30,19),
(62905,38,9),
(23864,70,22),
(67575,46,17),
(60768,25,23),
(10865,56,19),
(48713,74,12),
(19177,11,7),
(95980,81,19),
(67542,23,7),
(54052,28,7),
(59563,28,25),
(36584,44,13),
(52979,44,23),
(43071,48,7),
(38969,28,21),
(80308,55,10),
(67097,93,15),
(21716,77,19),
(76589,95,10),
(276,26,14),
(90943,34,8),
(31923,87,12),
(85451,67,22),
(62389,59,23),
(76589,95,19),
(69190,39,12),
(43785,36,12),
(30164,42,6),
(65343,80,9),
(60768,96,13),
(24633,65,14),
(99871,48,9),
(60281,81,21),
(90680,37,19),
(94847,23,19),
(61602,56,22),
(10513,96,25),
(46631,34,24),
(62911,52,21),
(64810,56,24),
(27940,51,24),
(75441,88,19),
(70564,45,23),
(56078,56,21),
(90943,54,6),
(27940,23,14),
(63722,43,20),
(86674,85,18),
(51019,78,21),
(69136,58,10),
(80308,40,21),
(64867,76,14),
(41347,74,21),
(27280,58,9),
(42002,63,7),
(4866,74,8),
(46128,79,18),
(90147,22,7),
(27333,22,21),
(27414,97,12),
(61312,32,14),
(83681,99,24),
(27643,99,10),
(64311,17,15),
(21326,38,6),
(12421,48,22),
(34516,39,7),
(96922,57,12),
(48713,34,23),
(90979,33,25),
(65550,97,7),
(85451,50,18),
(38045,69,10),
(61020,46,17),
(28620,63,20),
(4850,54,7),
(97427,57,6),
(32674,90,6),
(22652,47,6),
(17603,35,16),
(45281,75,11),
(42577,25,7),
(68287,27,25),
(95546,64,16),
(60768,60,22),
(91804,93,9),
(81526,35,25),
(88165,88,11),
(22780,18,14),
(4449,40,13),
(55184,86,13),
(56222,56,23),
(27280,83,7),
(29332,84,16),
(9761,56,14),
(44435,19,6),
(83483,98,19),
(18064,86,14),
(94288,24,23),
(1483,86,25),
(57218,39,22),
(48386,88,13),
(48306,64,7),
(87093,87,17),
(95122,87,17),
(77992,16,16),
(829,73,6),
(42773,46,24),
(28620,74,17),
(43693,37,25),
(71592,67,18),
(11824,25,12),
(62414,33,12),
(88815,49,16),
(60168,34,20),
(8897,50,8),
(45230,74,9),
(66459,82,20),
(48645,28,18),
(10099,92,8),
(70598,22,6),
(85413,77,20),
(5737,40,15),
(92135,76,18),
(63850,32,10),
(11338,48,12),
(76589,27,15),
(8897,22,21),
(33285,69,18),
(24750,21,7),
(42067,88,14),
(45477,63,14),
(773,49,20),
(94408,9,6),
(66400,38,13),
(58627,63,14),
(79542,63,10),
(57939,80,25),
(84585,25,16),
(48306,66,14),
(45281,94,11),
(54383,63,9),
(61670,93,8),
(28859,44,25),
(70564,21,14),
(56192,48,24),
(58550,47,10),
(73821,63,12),
(9442,69,8),
(558,55,25),
(64810,31,19),
(17596,31,16),
(94160,22,10),
(15965,22,17),
(27881,53,12),
(94847,48,6),
(39151,88,25),
(73516,98,16),
(14308,71,22),
(66125,77,20),
(7346,85,22),
(62703,26,13),
(45663,99,21),
(54617,81,14),
(42773,63,15),
(94363,56,13),
(18879,35,24),
(36381,81,16),
(36244,45,14),
(73495,74,16),
(17066,67,17),
(51228,61,24),
(97359,84,17),
(94767,45,13),
(8065,31,11),
(21265,67,22),
(94408,95,17),
(37458,36,6),
(81186,55,16),
(61312,53,6),
(41101,86,9),
(59423,57,9),
(59384,54,20),
(8897,38,9),
(15779,67,18),
(68650,62,9),
(68613,94,9),
(49107,38,11),
(36056,9,8),
(21326,70,6),
(74878,59,24),
(67542,61,7),
(54206,89,14),
(71592,17,9),
(7848,58,20),
(49107,17,17),
(78675,96,24),
(73603,36,22),
(90680,40,21),
(73495,78,24),
(99068,57,18),
(3257,69,18),
(87513,16,12),
(20146,97,8),
(38945,27,15),
(67793,94,23),
(97427,12,7),
(55948,55,23),
(84426,93,7),
(60935,63,7),
(36159,30,14),
(95079,25,16),
(36584,47,9),
(78796,67,14),
(50040,83,9),
(64022,38,9),
(79330,43,24),
(38969,11,7),
(96922,67,24),
(37509,24,17),
(32674,83,19),
(85569,44,18),
(66282,83,22),
(5737,41,23),
(59563,28,14),
(83943,43,19),
(98192,11,9),
(86480,30,13),
(4538,47,12),
(65789,29,20),
(83681,54,21),
(57862,23,13),
(28404,59,17),
(74920,33,25),
(14292,27,16),
(45230,57,21),
(63227,25,19),
(68792,80,19),
(80411,26,8),
(49376,41,24),
(47881,79,13),
(45549,56,18),
(52401,47,6),
(58949,45,21),
(99787,68,18),
(10099,55,14),
(10258,69,19),
(23908,63,8),
(94160,55,21),
(86098,56,6),
(6377,80,14),
(63722,54,18),
(99454,86,23),
(75410,54,11),
(46749,84,20),
(72130,81,16),
(63835,71,23),
(75642,69,15),
(31866,98,7),
(12107,32,6),
(87358,64,19),
(1003,96,20),
(36381,50,13),
(99625,35,25),
(74637,21,11),
(88550,40,19),
(67542,47,13),
(7060,32,10),
(20146,84,17),
(89086,43,13),
(48531,41,15),
(80196,43,19),
(21716,34,18),
(38877,39,18),
(21716,83,24),
(57218,40,7),
(90022,15,11),
(45559,88,21),
(93562,73,13),
(89274,55,14),
(36584,53,8),
(94910,29,9),
(96643,85,8),
(49942,44,13),
(23434,76,24),
(98192,59,6),
(78760,63,23),
(88165,33,20),
(61020,97,20),
(12906,40,10),
(64145,92,21),
(27339,20,10),
(38430,87,25),
(98833,63,8),
(25540,79,17),
(68650,18,18),
(9442,90,11),
(87055,30,19),
(88711,46,15),
(73009,53,22),
(83240,58,7),
(82128,67,17),
(78738,43,6),
(68920,97,7),
(66282,66,21),
(24989,25,21),
(27414,77,15),
(60564,36,6),
(46128,47,13),
(45230,17,15),
(83234,93,9),
(42577,25,21),
(31388,88,23),
(71074,95,15),
(15366,87,22),
(62475,22,13),
(83943,24,16),
(37702,85,14),
(71592,16,15),
(52592,31,18),
(85569,39,17),
(38945,56,21),
(345,93,19),
(72713,52,21),
(62874,30,18),
(16877,74,10),
(85413,83,9),
(74932,49,25),
(2148,28,10),
(75395,19,9),
(57252,29,14),
(87055,25,7),
(4850,82,9),
(62874,54,12),
(66282,31,21),
(41278,56,15),
(15035,50,11),
(11824,52,14),
(58378,77,6),
(60874,89,12),
(11188,97,12),
(6921,46,21),
(32989,95,20),
(89086,14,10),
(70035,42,15),
(41508,10,6),
(12906,86,18),
(7060,38,23),
(94218,21,18),
(77725,96,25),
(18205,30,22),
(68414,24,7),
(82394,65,25),
(78796,22,15),
(27563,40,13),
(45559,17,16),
(96524,25,25),
(21716,84,16),
(56666,35,25),
(29394,61,11),
(58378,11,10),
(5737,15,6),
(8595,48,17),
(44061,25,6),
(56192,51,19),
(73694,47,10),
(72422,24,13),
(18823,94,16),
(65343,31,7),
(22351,70,18),
(36056,34,10),
(30096,41,7),
(43628,95,19),
(57939,15,13),
(27280,41,10),
(66149,70,16),
(92762,20,12),
(28859,15,6),
(94408,96,14),
(16912,29,17),
(34336,72,7),
(59607,23,23),
(5158,34,23),
(84426,14,11),
(96987,6,6),
(57862,18,10),
(95911,80,6),
(6998,88,10),
(38877,92,15),
(45061,90,12),
(94658,38,24),
(37606,79,10),
(54052,37,19),
(79542,81,22),
(45230,29,25),
(77992,84,20),
(145,38,17),
(94021,78,6),
(97937,42,12),
(85736,22,12),
(16912,20,9),
(10853,72,14),
(69573,61,24),
(95980,56,8),
(82407,23,19),
(72083,13,11),
(14144,73,13),
(38430,84,16),
(96270,82,11),
(69393,21,11),
(51228,57,11),
(91513,55,16),
(4159,58,8),
(33811,36,25),
(68218,64,12),
(88554,41,21),
(96906,72,21),
(67805,23,14),
(15779,71,10),
(74519,34,21),
(92799,9,9),
(44829,60,9),
(62905,50,22),
(3423,71,14),
(4538,95,14),
(98729,77,10),
(57310,55,17),
(84592,33,12),
(73231,45,13),
(42877,80,10),
(75642,26,15),
(44722,82,10),
(48645,45,11),
(91513,13,11),
(85662,74,16),
(74434,39,20),
(65889,84,9),
(10611,96,19),
(48306,43,7),
(5737,86,20),
(68573,98,21),
(43389,88,16),
(60281,20,13),
(62703,33,16),
(68414,82,23),
(61780,46,21),
(18064,35,17),
(38969,31,25),
(88171,83,17),
(29694,26,9),
(33285,98,13),
(42087,61,7),
(94442,24,7),
(94288,93,19),
(4698,90,10),
(52611,33,24),
(58550,31,19),
(24989,74,6),
(85592,91,25),
(66125,31,20),
(60874,75,14),
(54383,24,24),
(12421,82,13),
(95546,59,19),
(79749,79,13),
(59748,80,25),
(9361,92,11),
(83824,28,7),
(34718,41,10),
(10513,39,8),
(73694,41,24),
(83388,64,19),
(38558,84,7),
(83992,98,24),
(45549,61,17),
(69516,59,8),
(57938,65,18),
(45776,59,13),
(12974,47,18),
(85632,27,12),
(70016,84,8),
(10865,63,19),
(75441,20,16),
(29332,55,20),
(3062,76,21),
(37458,52,14),
(83992,41,25),
(7962,73,9),
(20220,94,18),
(7472,93,22),
(36382,47,9),
(19481,92,10),
(32681,44,7),
(64894,55,6),
(26580,70,19),
(43432,39,25),
(1483,42,25),
(97,92,16),
(10853,61,7),
(11859,43,8),
(38045,92,15),
(99728,42,23),
(73119,20,20),
(95079,42,22),
(32681,10,7),
(32173,27,24),
(69894,25,16),
(97155,64,21),
(43220,95,15),
(6561,10,7),
(91513,89,17),
(3019,91,12),
(73814,60,22),
(47015,93,12),
(8897,15,11),
(98192,56,7),
(51839,54,23),
(88711,43,12),
(97937,52,13),
(70706,99,24),
(19683,64,10),
(89108,30,21),
(48773,73,17),
(16861,64,25),
(61260,32,21),
(64281,73,15),
(95704,47,15),
(42365,86,11),
(20502,80,8),
(43785,17,14),
(21716,37,24),
(7551,81,22),
(79580,76,9),
(91584,33,25),
(70564,42,25),
(13951,35,25),
(95911,72,19),
(94218,35,17),
(35776,78,20),
(7060,56,13),
(25597,59,24),
(81573,32,15),
(86910,32,9),
(13574,87,11),
(43667,43,10),
(39388,76,8),
(48306,75,8),
(77679,22,17),
(92138,23,15),
(99787,76,23),
(82394,24,17),
(83992,50,19),
(70650,85,20),
(99851,25,21),
(25740,83,9),
(92202,76,25),
(3062,31,14),
(89108,22,13),
(43693,91,22),
(1827,85,23),
(52401,86,22),
(55147,99,15),
(67253,54,12),
(89108,78,13),
(48944,23,7),
(55184,30,12),
(28859,41,25),
(64816,20,7),
(40747,43,25),
(42649,66,8),
(80673,56,22),
(81615,75,15),
(90628,52,13),
(72130,79,25),
(44468,33,17),
(51689,27,24),
(70442,14,7),
(79749,90,20),
(25597,74,19),
(6095,35,25),
(99068,66,25),
(27891,96,15),
(45776,82,25),
(15197,98,8),
(6998,9,8),
(5767,80,24),
(45230,30,23),
(59384,82,18),
(38877,54,13),
(77653,80,24),
(74932,44,12),
(79580,25,6),
(70814,45,6),
(4768,63,22),
(64932,80,15),
(57218,29,23),
(83615,20,15),
(61020,19,19),
(25597,24,8),
(7583,32,17),
(33674,31,8),
(79580,27,13),
(38454,16,16),
(91584,76,21),
(51116,31,6),
(5158,55,8),
(92227,35,20),
(64127,93,18),
(23662,28,15),
(66149,36,12),
(59607,89,8),
(99192,61,23),
(2189,49,6),
(47679,35,18),
(83234,32,25),
(85413,13,8),
(53945,80,6),
(61260,81,13),
(23898,37,7),
(13640,78,21),
(80036,68,16),
(68218,63,23),
(36503,88,16),
(56007,36,22),
(77992,24,20),
(99071,23,23),
(57855,99,19),
(86798,90,23),
(38430,98,15),
(37349,25,25),
(80411,77,8),
(88171,80,12),
(42877,72,24),
(51187,41,8),
(1387,27,17),
(42445,96,8),
(23864,21,17),
(80196,65,20),
(43737,15,9),
(61286,23,11),
(71730,78,25),
(51839,31,13),
(35982,90,10),
(58470,56,9),
(38945,53,16),
(61122,83,14),
(18064,75,25),
(87211,35,18),
(18931,48,15),
(29226,60,17),
(13640,11,7),
(41101,80,14),
(57397,48,23),
(3019,63,19),
(68218,50,24),
(10611,58,20),
(18636,39,20),
(68287,52,23),
(8169,31,24),
(58460,59,11),
(70293,75,10),
(59384,85,21),
(85413,93,25),
(37260,76,11),
(8045,19,10),
(57862,97,15),
(33221,67,13),
(72825,96,9),
(39888,98,12),
(51187,27,7),
(4449,29,24),
(16579,30,10),
(14724,49,13),
(55439,38,20),
(48531,88,8),
(18750,59,17),
(13535,73,9),
(31483,59,7),
(23662,21,12),
(86703,13,10),
(42478,46,10),
(6384,50,7),
(42445,14,10),
(61260,44,17),
(38430,39,17),
(69393,68,7),
(5880,10,6),
(16515,72,7),
(75478,12,10),
(57310,72,11),
(43912,31,9),
(15521,83,23),
(28475,84,23),
(57057,16,13),
(85729,28,23),
(96135,98,13),
(76122,51,25),
(23434,12,8),
(72713,7,7),
(68551,58,11),
(39345,29,23),
(64086,34,8),
(86674,29,21),
(87055,48,8),
(62131,48,21),
(26580,41,8),
(86703,43,24),
(76589,74,20),
(62703,26,11),
(85956,63,15),
(54982,73,24),
(6561,45,10),
(52611,91,6),
(8595,93,23),
(82409,36,24),
(23898,68,13),
(31388,10,10),
(72199,84,15),
(56803,85,24),
(68400,39,17),
(89108,84,22),
(93562,74,22),
(92254,52,9),
(60866,77,13),
(92202,22,22),
(27339,17,7),
(71074,37,15),
(42877,88,16),
(14292,33,15),
(42478,33,9),
(89086,95,21),
(59899,41,22),
(52611,81,18),
(89108,47,6),
(43912,99,20),
(64145,51,24),
(12705,22,8),
(68650,28,23),
(19170,51,19),
(84055,19,10),
(74710,99,24),
(71074,90,24),
(13574,18,8),
(1322,38,25),
(41547,48,12),
(58460,79,11),
(88723,68,16),
(31456,19,17),
(88971,21,16),
(88205,91,18),
(71592,44,16),
(19587,96,12),
(4768,49,6),
(66844,33,24),
(71730,31,15),
(75478,46,15),
(48531,55,19),
(23908,32,18),
(88008,26,16),
(49107,60,19),
(89875,19,13),
(66715,43,25),
(85700,39,20),
(20220,35,25),
(52462,18,12),
(9442,66,10),
(96524,57,24),
(21884,22,15),
(77679,66,7),
(60703,49,10),
(86832,97,23),
(78796,28,7),
(64867,18,12),
(57057,77,16),
(34960,32,10),
(58460,65,20),
(64810,85,10),
(98259,46,19),
(21284,33,18),
(11023,15,14),
(28859,28,17),
(11023,35,25),
(63026,94,7),
(4698,89,14),
(34333,60,7),
(42002,21,18),
(23110,65,17),
(32681,27,20),
(55824,16,9),
(18291,33,8),
(15965,41,25),
(61110,57,15),
(18655,35,12),
(11859,31,20),
(70398,37,23),
(57862,48,23),
(68551,34,22),
(88454,29,17),
(48773,71,16),
(99071,41,13),
(94271,60,9),
(9361,91,15),
(85729,88,24),
(24078,44,24),
(7583,24,22),
(30899,48,23),
(94160,25,16),
(91398,37,21),
(28404,26,12),
(54026,24,7),
(71397,29,6),
(22938,77,7),
(1183,52,7),
(85662,22,16),
(34960,27,25),
(59414,16,11),
(96643,58,10),
(55184,25,10),
(61792,69,6),
(62131,56,6),
(56838,56,25),
(98509,97,13),
(61122,23,18),
(38945,12,11),
(27643,45,16),
(41352,18,11),
(82016,66,24),
(62905,39,7),
(87093,77,8),
(78796,26,6),
(12559,92,13),
(96643,26,25),
(26580,83,18),
(55439,20,10),
(30096,43,25),
(38877,23,15),
(29332,19,10),
(42577,65,9),
(73017,78,7),
(3198,54,11),
(42002,56,20),
(80196,96,19),
(23110,99,18),
(99871,66,16),
(56007,86,17),
(9761,19,9),
(7551,30,10),
(68619,18,14),
(7962,37,19),
(52592,60,8),
(41714,9,9),
(10792,98,24),
(56222,71,25),
(72422,79,25),
(19177,30,15),
(40415,92,17),
(13356,61,25),
(46749,15,12),
(66149,77,19),
(83388,94,15),
(45332,48,19),
(52611,51,25),
(53640,18,10),
(31587,27,20),
(62063,27,17),
(76966,56,24),
(43389,84,16),
(7803,84,20),
(66715,44,16),
(47999,21,21),
(13535,31,21),
(60192,49,19),
(17603,44,25),
(90147,47,24),
(28859,90,20),
(73516,61,16),
(42445,82,24),
(47999,54,13),
(56007,95,11),
(35079,80,7),
(38430,19,19),
(90462,38,23),
(62131,35,18),
(30096,95,9),
(63085,61,6),
(92655,27,15),
(63831,17,6),
(31483,93,17),
(91513,79,13),
(3423,99,20),
(54982,20,12),
(97,25,16),
(82409,28,23),
(5737,10,10),
(57839,23,15),
(10718,99,18),
(42538,67,15),
(63831,38,16),
(77627,35,10),
(86910,21,20),
(91398,18,12),
(61020,16,14),
(8668,20,13),
(27502,92,22),
(88815,83,6),
(33090,56,13),
(68650,27,20),
(8065,83,20),
(18291,29,25),
(58121,81,6),
(43389,30,25),
(16861,86,11),
(1989,23,7),
(62389,69,19),
(43667,92,22),
(7417,56,16),
(58550,11,7),
(29332,72,25),
(72422,78,23),
(74637,15,8),
(76313,75,20),
(51026,60,16),
(74637,47,20),
(54865,83,23),
(80579,76,20),
(13211,14,12),
(86910,12,11),
(38691,58,22),
(94160,52,24),
(7551,65,9),
(55147,95,12),
(75096,29,24),
(94910,20,12),
(42478,49,17),
(5652,27,19),
(75574,77,12),
(16515,86,25),
(56803,33,10),
(93562,20,12),
(84592,54,20),
(80796,7,6),
(73495,98,23),
(17015,92,18),
(45477,87,22),
(48695,13,12),
(64086,31,7),
(79236,29,15),
(63195,21,10),
(82017,67,23),
(86334,35,14),
(63312,92,17),
(29694,61,18),
(96815,28,16),
(99787,39,25),
(57218,24,18),
(83681,19,11),
(68792,83,10),
(43737,29,18),
(79580,94,10),
(65343,61,11),
(93502,27,14),
(18956,71,16),
(12575,43,21),
(26992,14,11),
(74902,46,22),
(31068,12,9),
(99851,29,16),
(4850,38,25),
(55824,82,10),
(34336,30,20),
(52592,40,22),
(76068,10,10),
(13337,44,21),
(28324,21,17),
(70814,31,25),
(61643,46,24),
(23110,52,10),
(28985,43,23),
(88454,53,7),
(33285,99,18),
(89274,84,7),
(47901,44,15),
(83451,96,14),
(95911,41,15),
(70488,66,12),
(23110,40,9),
(57397,52,11),
(65083,19,11),
(53400,61,18),
(90628,61,19),
(84585,46,15),
(87845,82,17),
(50676,33,20),
(59439,57,10),
(23898,36,21),
(43196,24,21),
(23080,76,14),
(23110,62,23),
(61260,64,23),
(79938,33,16),
(86832,55,10),
(73814,91,23),
(88554,55,23),
(18205,18,12),
(96922,98,19),
(88971,35,8),
(64145,35,22),
(93210,21,9),
(40747,41,17),
(51839,39,19),
(73231,32,16),
(4449,28,11),
(88008,61,7),
(91614,52,11),
(51839,91,9),
(58378,96,19),
(75933,36,20),
(63227,55,21),
(76966,88,20),
(6561,11,6),
(45962,68,7),
(20828,41,23),
(78498,70,12),
(85274,20,13),
(45477,66,7),
(10053,21,18),
(92138,41,13),
(75535,80,15),
(75535,44,25),
(32681,34,20),
(86832,20,20),
(60192,79,11),
(42387,90,21),
(76426,53,14),
(94160,66,20),
(90147,86,8),
(74261,85,16),
(42877,47,19),
(89953,99,8),
(81901,61,9),
(48386,90,17),
(22553,42,16),
(13337,46,11),
(86417,20,13),
(90022,53,23),
(22351,25,16),
(88165,55,6),
(89108,49,24),
(88550,83,16),
(68920,20,14),
(84426,22,21),
(91584,80,12),
(28859,94,20),
(47999,39,6),
(80411,47,24),
(34333,16,12),
(39304,60,14),
(96135,37,23),
(66125,30,20),
(49324,86,21),
(31923,14,11),
(94847,33,11),
(7418,43,21),
(48713,56,21),
(31480,95,25),
(7418,82,21),
(17394,26,21),
(25740,23,6),
(66459,53,15),
(4266,29,22),
(18750,41,12),
(99871,29,16),
(60192,45,21),
(12107,49,12),
(50676,97,20),
(37458,38,24),
(19683,79,21),
(27056,63,9),
(40508,91,24),
(54008,66,20),
(43864,98,6),
(56113,29,15),
(75478,78,9),
(66149,20,15),
(49376,48,8),
(95549,77,23),
(41871,18,10),
(66125,14,8),
(78498,34,9),
(45157,92,20),
(74710,31,20),
(68400,36,9),
(27940,60,23),
(80196,25,18),
(86584,36,14),
(29226,75,22),
(61122,30,17),
(31004,91,20),
(12705,75,17),
(82017,76,12),
(18064,89,19),
(82106,72,12),
(97359,44,24),
(93502,25,18),
(57218,72,7),
(15869,72,21),
(90022,49,14),
(93562,12,9),
(60777,20,10),
(82407,70,9),
(80715,83,13),
(45332,26,14),
(23662,41,24),
(91071,32,11),
(345,46,20),
(74902,70,13),
(33811,37,25),
(69190,86,15),
(60777,54,24),
(58550,60,23),
(86098,34,21),
(87446,40,14),
(23434,8,6),
(34960,11,8),
(49324,98,23),
(4247,89,11),
(97155,64,11),
(86758,20,16),
(31900,22,19),
(3019,67,21),
(61670,79,16),
(43196,22,21),
(94442,25,24),
(91972,16,11),
(59874,24,17),
(39888,25,13),
(868,81,6),
(61670,56,25),
(4866,98,18),
(60168,20,15),
(88550,80,10),
(10865,58,17),
(49324,13,11),
(86987,29,21),
(83739,11,11),
(56459,43,11),
(63831,86,8),
(2148,42,6),
(95546,65,8),
(28065,71,13),
(63722,23,12),
(91513,57,10),
(97950,11,7),
(63195,27,16),
(18823,59,14),
(80673,13,8),
(8169,92,19),
(15869,86,15),
(58396,85,19),
(33674,58,14),
(73694,67,18),
(33811,45,22),
(58550,73,7),
(63085,77,10),
(96524,96,24),
(27280,73,17),
(19436,47,20),
(38558,39,25),
(47015,87,12),
(53640,31,23),
(83240,8,7),
(38691,83,25),
(88205,54,25),
(17572,32,9),
(73821,31,16),
(42067,23,18),
(55689,18,13),
(76313,36,11),
(34718,40,24),
(98259,45,24),
(35946,33,14),
(85569,27,12),
(23119,24,24),
(34718,33,22),
(54206,63,8),
(1322,72,9),
(98833,33,7),
(43013,62,13),
(73116,69,18),
(44722,62,19),
(29394,59,6),
(67097,95,20),
(69516,42,15),
(35051,60,6),
(88550,34,21),
(30164,80,19),
(47158,94,12),
(86791,46,24);

CREATE TABLE hackers1
(
	hacker_id INT,
    name VARCHAR(50)
);
INSERT INTO hackers1 VALUES
(79,'Rose'),
(433,'Angela'),
(463,'Frank'),
(533,'Patrick'),
(597,'Lisa'),
(650,'Kimberly'),
(1050,'Bonnie'),
(1240,'Michael'),
(1433,'Todd'),
(2345,'Joe'),
(2697,'Earl'),
(2764,'Robert'),
(2820,'Amy'),
(2873,'Pamela'),
(3018,'Maria'),
(3124,'Joe'),
(3162,'Linda'),
(3178,'Melissa'),
(3222,'Carol'),
(3374,'Paula'),
(4413,'Marilyn'),
(5026,'Jennifer'),
(5327,'Harry'),
(5333,'David'),
(5478,'Julia'),
(5509,'Kevin'),
(5990,'Paul'),
(6030,'James'),
(6259,'Kelly'),
(6322,'Robin'),
(6340,'Ralph'),
(6508,'Gloria'),
(6775,'Victor'),
(6944,'David'),
(7336,'Joyce'),
(7460,'Donna'),
(7865,'Michelle'),
(7891,'Stephanie'),
(7897,'Gerald'),
(7978,'Walter'),
(8150,'Christina'),
(8871,'Brandon'),
(8878,'Elizabeth'),
(8894,'Joseph'),
(9198,'Lawrence'),
(9630,'Marilyn'),
(9643,'Lori'),
(10068,'Matthew'),
(10144,'Jesse'),
(10629,'John'),
(10940,'Martha'),
(10985,'Timothy'),
(11092,'Christine'),
(11209,'Anthony'),
(11587,'Paula'),
(11753,'Kimberly'),
(12303,'Louise'),
(12371,'Martin'),
(12423,'Paul'),
(12707,'Antonio'),
(12765,'Jacqueline'),
(12852,'Diana'),
(12856,'John'),
(13224,'Dorothy'),
(13391,'Evelyn'),
(13733,'Phillip'),
(13901,'Evelyn'),
(13923,'Debra'),
(14113,'David'),
(14737,'Willie'),
(14826,'Brandon'),
(15039,'Ann'),
(15054,'Emily'),
(15071,'Dorothy'),
(15158,'Jonathan'),
(15225,'Dorothy'),
(15486,'Marilyn'),
(15498,'Norma'),
(15999,'Nancy'),
(16014,'Andrew'),
(16234,'Keith'),
(16257,'Benjamin'),
(16363,'Charles'),
(16530,'Alan'),
(16700,'Tammy'),
(16747,'Anna'),
(16932,'James'),
(17482,'Robin'),
(18003,'Jean'),
(18050,'Andrew'),
(18105,'Roy'),
(18199,'Diana'),
(18317,'Christina'),
(18497,'Jesse'),
(18892,'Joyce'),
(18941,'Patricia'),
(19131,'Gregory'),
(19516,'Brian'),
(19540,'Christine'),
(19552,'Lillian'),
(19708,'Aaron'),
(19736,'Dorothy'),
(19761,'Christopher'),
(19773,'Bobby'),
(19904,'Bobby'),
(19963,'Gerald'),
(20033,'Carol'),
(20435,'Jeremy'),
(20574,'Clarence'),
(20594,'Wayne'),
(20604,'Carolyn'),
(20811,'Margaret'),
(20857,'Andrew'),
(20888,'Albert'),
(21152,'Judy'),
(21219,'Arthur'),
(21334,'Cynthia'),
(21372,'Jerry'),
(21657,'Thomas'),
(21743,'Elizabeth'),
(21866,'Justin'),
(21973,'Albert'),
(22013,'James'),
(22165,'Stephen'),
(22467,'Alan'),
(22510,'Joshua'),
(22744,'Norma'),
(22750,'Mildred'),
(22780,'Melissa'),
(22917,'Paul'),
(22942,'Gerald'),
(22949,'Ronald'),
(23101,'Sandra'),
(23177,'Helen'),
(23755,'Larry'),
(23794,'Alan'),
(24095,'Paul'),
(24420,'Chris'),
(24576,'Steven'),
(24725,'Jennifer'),
(25226,'Bonnie'),
(25398,'Shirley'),
(26023,'Jeffrey'),
(26093,'Janet'),
(26170,'Albert'),
(26468,'Charles'),
(26601,'Kelly'),
(26701,'Bobby'),
(26955,'Elizabeth'),
(27050,'Keith'),
(27064,'Jose'),
(27725,'Ann'),
(27789,'Helen'),
(28201,'Jason'),
(29047,'Gerald'),
(29445,'Carlos'),
(29451,'Ryan'),
(29719,'Ashley'),
(30061,'Julia'),
(30073,'Harry'),
(30082,'Sean'),
(30845,'Julia'),
(30933,'Marilyn'),
(31151,'Cheryl'),
(31221,'Susan'),
(31247,'Judith'),
(31263,'Ruth'),
(31454,'Jane'),
(31618,'Sara'),
(31822,'Denise'),
(32349,'Jason'),
(32353,'Rose'),
(32455,'Susan'),
(32540,'Irene'),
(32687,'Jonathan'),
(32710,'Shawn'),
(32920,'Julia'),
(33142,'Linda'),
(33245,'Melissa'),
(33323,'Dennis'),
(33782,'Jeremy'),
(33863,'Patrick'),
(34234,'Jennifer'),
(34294,'Lillian'),
(34369,'Charles'),
(34506,'Philip'),
(34794,'Jimmy'),
(34840,'Doris'),
(35116,'Craig'),
(35492,'Walter'),
(35606,'Wayne'),
(36058,'Katherine'),
(36562,'Mark'),
(36594,'Barbara'),
(36654,'Mark'),
(36691,'Joe'),
(36786,'Maria'),
(37187,'John'),
(37492,'Brian'),
(37997,'Kimberly'),
(38419,'Bonnie'),
(38522,'Terry'),
(38962,'Brian'),
(39091,'Ruby'),
(39313,'Wayne'),
(39434,'Rebecca'),
(39441,'Joyce'),
(39831,'Douglas'),
(39857,'Philip'),
(40093,'Lori'),
(40147,'Benjamin'),
(40266,'Dennis'),
(40816,'Sara'),
(40827,'Douglas'),
(41057,'Dennis'),
(41336,'Ernest'),
(41457,'Clarence'),
(41558,'Diana'),
(41618,'Steve'),
(41708,'Amy'),
(42115,'Adam'),
(42225,'Douglas'),
(42368,'Scott'),
(42573,'Samuel'),
(42672,'Louis'),
(42973,'Jason'),
(43192,'Bobby'),
(43604,'Janet'),
(44052,'Clarence'),
(44214,'Dorothy'),
(44217,'Sharon'),
(44397,'Brandon'),
(44598,'Timothy'),
(44690,'Christina'),
(44791,'Barbara'),
(44914,'Jose'),
(45630,'Kelly'),
(46082,'Paul'),
(46328,'Clarence'),
(46518,'Lillian'),
(46870,'Christine'),
(46977,'Russell'),
(47174,'Marie'),
(47258,'Richard'),
(47559,'Kenneth'),
(48490,'Judy'),
(48592,'Arthur'),
(48743,'Lori'),
(49008,'Scott'),
(49044,'Brian'),
(49116,'Larry'),
(49340,'Karen'),
(50385,'Steve'),
(50467,'Teresa'),
(50503,'Nicholas'),
(50616,'Robin'),
(50874,'Bruce'),
(50910,'Harry'),
(51132,'Harold'),
(51134,'Richard'),
(51548,'Bobby'),
(51572,'Deborah'),
(51726,'Jeffrey'),
(51775,'Bobby'),
(51872,'Rose'),
(53072,'Douglas'),
(53295,'Brian'),
(53342,'Carolyn'),
(53548,'Denise'),
(53808,'Janet'),
(53940,'Kathy'),
(54045,'Catherine'),
(54113,'Paula'),
(54180,'Sara'),
(54408,'Thomas'),
(54807,'Daniel'),
(54899,'Amy'),
(54967,'Kenneth'),
(55050,'Jerry'),
(55343,'Randy'),
(55374,'Teresa'),
(56107,'Kelly'),
(56707,'Jose'),
(56812,'Beverly'),
(56909,'Arthur'),
(56978,'Melissa'),
(57448,'Earl'),
(57527,'Ryan'),
(57572,'Margaret'),
(57824,'Diana'),
(58141,'Nicholas'),
(58485,'Debra'),
(58891,'David'),
(58932,'Nicole'),
(59446,'Kevin'),
(59761,'Rachel'),
(59792,'Janet'),
(59818,'Virginia'),
(59943,'Philip'),
(60355,'Shirley'),
(60516,'Martin'),
(60517,'Martha'),
(61010,'Rachel'),
(61045,'Brian'),
(61280,'Philip'),
(61793,'Mark'),
(61816,'Kenneth'),
(62078,'Lillian'),
(62110,'Lawrence'),
(62325,'Marie'),
(62333,'Earl'),
(62640,'Brenda'),
(63107,'Sean'),
(63715,'Donald'),
(63800,'Anna'),
(64609,'Frances'),
(64716,'Mark'),
(64790,'Dorothy'),
(64823,'Bruce'),
(65072,'Stephanie'),
(65113,'Lawrence'),
(65554,'Randy'),
(65716,'Sarah'),
(65875,'Carolyn'),
(66014,'Anna'),
(66627,'Craig'),
(66648,'Virginia'),
(66702,'Nicholas'),
(67479,'Roy'),
(67735,'Janice'),
(67815,'Douglas'),
(68071,'Charles'),
(68435,'Thomas'),
(68566,'Karen'),
(68845,'Harry'),
(69030,'Carl'),
(69101,'Stephen'),
(69149,'Elizabeth'),
(69660,'Shirley'),
(69706,'Matthew'),
(69799,'Paula'),
(69928,'Chris'),
(70115,'Stephen'),
(70287,'Gloria'),
(70302,'George'),
(70689,'Joan'),
(71152,'Paula'),
(71848,'Frank'),
(72237,'Brandon'),
(72721,'Michelle'),
(72783,'Dennis'),
(73115,'Maria'),
(73374,'Doris'),
(73426,'Edward'),
(73470,'Paul'),
(73695,'Julie'),
(73716,'Bobby'),
(73740,'Julie'),
(73849,'Eugene'),
(73967,'Ruby'),
(74021,'Russell'),
(74186,'Jeremy'),
(74486,'Frances'),
(74568,'Ralph'),
(74658,'Linda'),
(74763,'Jessica'),
(74861,'Fred'),
(75019,'Catherine'),
(75233,'Pamela'),
(75635,'Eric'),
(75889,'Jeremy'),
(75908,'Rebecca'),
(76035,'John'),
(76080,'Barbara'),
(77184,'Susan'),
(77217,'Sarah'),
(77490,'Kathryn'),
(77749,'Sarah'),
(77963,'Michelle'),
(78002,'Emily'),
(78143,'Diana'),
(78205,'Jose'),
(78408,'Mildred'),
(78666,'Theresa'),
(78993,'Jeremy'),
(79101,'Beverly'),
(79136,'Jennifer'),
(79278,'Phyllis'),
(79449,'Kathryn'),
(79480,'Roy'),
(79658,'Tina'),
(80094,'Anne'),
(80178,'Carolyn'),
(80214,'Nicholas'),
(80394,'Nicholas'),
(80580,'Ralph'),
(80648,'Michael'),
(80682,'Deborah'),
(80744,'Alan'),
(80902,'Julia'),
(81064,'Albert'),
(81186,'Brenda'),
(81242,'Frances'),
(81314,'Denise'),
(81338,'Mark'),
(81474,'Bonnie'),
(81492,'Ralph'),
(81511,'Howard'),
(81598,'Roy'),
(81751,'Roy'),
(82956,'Christina'),
(83245,'Steve'),
(83263,'Johnny'),
(83371,'Cynthia'),
(83376,'Walter'),
(83509,'Sharon'),
(83643,'Earl'),
(83669,'Alan'),
(83772,'Judy'),
(83913,'Matthew'),
(83968,'Julie'),
(83987,'Jerry'),
(84254,'Diane'),
(84307,'Evelyn'),
(84441,'Dennis'),
(84640,'Douglas'),
(85006,'Martha'),
(85501,'Beverly'),
(85948,'Mark'),
(86065,'Samuel'),
(86173,'Janet'),
(86195,'Craig'),
(86284,'Howard'),
(86429,'Kathleen'),
(86742,'Norma'),
(86845,'Wayne'),
(87230,'Phyllis'),
(87277,'Jimmy'),
(87555,'Jerry'),
(87802,'Gregory'),
(88484,'Jean'),
(88642,'Anna'),
(88706,'Alan'),
(89164,'Steve'),
(89310,'Bruce'),
(89457,'Douglas'),
(89638,'Antonio'),
(89737,'Jeremy'),
(89780,'Willie'),
(89781,'Jeffrey'),
(89814,'Jane'),
(89988,'Larry'),
(89991,'Katherine'),
(90030,'Martin'),
(90236,'Jesse'),
(90401,'Shawn'),
(90531,'Jack'),
(90612,'Edward'),
(90750,'Joyce'),
(90959,'Christina'),
(91095,'Doris'),
(91573,'Cynthia'),
(91640,'Debra'),
(91744,'Harold'),
(92239,'Shirley'),
(92654,'Joyce'),
(92783,'Justin'),
(92840,'Harold'),
(93308,'Amy'),
(93361,'Louis'),
(93433,'Tina'),
(93494,'Laura'),
(93664,'Keith'),
(93764,'Dennis'),
(94083,'Lillian'),
(94104,'Patrick'),
(94251,'Adam'),
(94671,'Clarence'),
(95183,'Victor'),
(95335,'Lawrence'),
(95354,'Nicholas'),
(95647,'George'),
(95648,'Charles'),
(95682,'Christine'),
(95928,'Russell'),
(95934,'Christine'),
(95958,'Linda'),
(96017,'Carlos'),
(96104,'Emily'),
(96821,'Angela'),
(97336,'Lawrence'),
(97530,'Amy'),
(98727,'Carol'),
(98780,'Nancy'),
(98835,'Gary'),
(98981,'Rose'),
(99149,'Timothy'),
(99169,'Nancy'),
(99617,'Mary'),
(99789,'Joshua');


CREATE TABLE submissions1
(
	submission_date DATE,
    submission_id INT,
    hacker_id INT,
    score INT
);
INSERT INTO submissions1 VALUES
('2016-03-01',48,650,0),
('2016-03-01',119,3162,0),
('2016-03-01',141,4413,0),
('2016-03-01',203,5478,0),
('2016-03-01',215,5509,0),
('2016-03-01',252,5990,0),
('2016-03-01',264,7460,0),
('2016-03-01',348,7865,0),
('2016-03-01',395,7897,0),
('2016-03-01',452,7978,0),
('2016-03-01',460,8150,0),
('2016-03-01',485,9630,0),
('2016-03-01',522,11209,0),
('2016-03-01',798,12371,0),
('2016-03-01',807,12423,0),
('2016-03-01',908,19773,0),
('2016-03-01',971,19963,0),
('2016-03-01',998,20811,0),
('2016-03-01',1119,20888,0),
('2016-03-01',1123,21372,0),
('2016-03-01',1172,22165,0),
('2016-03-01',1236,22917,0),
('2016-03-01',1352,22949,0),
('2016-03-01',1374,24095,0),
('2016-03-01',1380,24576,0),
('2016-03-01',1385,26093,0),
('2016-03-01',1410,26468,0),
('2016-03-01',1625,27064,0),
('2016-03-01',1648,30082,0),
('2016-03-01',1666,32455,0),
('2016-03-01',1667,33323,0),
('2016-03-01',1706,33863,0),
('2016-03-01',1712,34234,0),
('2016-03-01',1736,34369,0),
('2016-03-01',1749,36594,0),
('2016-03-01',1760,37997,0),
('2016-03-01',1786,38962,0),
('2016-03-01',1871,41057,0),
('2016-03-01',1898,42973,0),
('2016-03-01',1906,44791,0),
('2016-03-01',2023,48490,0),
('2016-03-01',2072,49340,0),
('2016-03-01',2172,51132,0),
('2016-03-01',2178,51548,0),
('2016-03-01',2316,53342,0),
('2016-03-01',2350,54113,0),
('2016-03-01',2470,54408,0),
('2016-03-01',2520,55374,0),
('2016-03-01',2521,56707,0),
('2016-03-01',2624,81338,85),
('2016-03-01',2676,83509,95),
('2016-03-01',2686,81314,10),
('2016-03-01',2823,26955,35),
('2016-03-01',2947,91573,55),
('2016-03-01',3231,26170,10),
('2016-03-01',3235,89164,65),
('2016-03-01',3266,92239,20),
('2016-03-01',3394,67815,40),
('2016-03-01',3459,59792,10),
('2016-03-01',3483,56909,95),
('2016-03-01',3498,5026,50),
('2016-03-01',3507,80744,0),
('2016-03-01',3517,84441,90),
('2016-03-01',3518,70115,15),
('2016-03-01',3560,89737,95),
('2016-03-01',3565,18050,0),
('2016-03-01',3580,53295,75),
('2016-03-01',3584,19516,95),
('2016-03-01',3588,11587,20),
('2016-03-01',3595,42225,15),
('2016-03-01',3603,64790,70),
('2016-03-01',3682,37492,40),
('2016-03-01',3688,25226,70),
('2016-03-01',3706,95648,15),
('2016-03-01',3784,83913,65),
('2016-03-01',3786,83968,100),
('2016-03-01',3845,54045,75),
('2016-03-01',3891,22750,100),
('2016-03-01',3939,39091,0),
('2016-03-01',3941,98981,65),
('2016-03-01',4005,16014,15),
('2016-03-01',4009,94251,15),
('2016-03-01',4016,62640,30),
('2016-03-01',4081,31247,85),
('2016-03-01',4133,97530,100),
('2016-03-01',4184,66648,20),
('2016-03-01',4270,79278,35),
('2016-03-01',4303,92654,15),
('2016-03-01',4451,8878,55),
('2016-03-01',4523,2697,100),
('2016-03-01',4533,34294,65),
('2016-03-01',4575,22467,70),
('2016-03-01',4598,3124,70),
('2016-03-01',4624,73695,30),
('2016-03-01',4651,21743,5),
('2016-03-01',4683,95335,60),
('2016-03-01',4748,83371,40),
('2016-03-01',4798,81314,80),
('2016-03-01',4921,58141,90),
('2016-03-01',4952,75233,35),
('2016-03-01',5003,433,25),
('2016-03-01',5006,77217,75),
('2016-03-01',5137,43192,100),
('2016-03-01',5270,78993,60),
('2016-03-01',5284,81314,35),
('2016-03-01',5320,53072,25),
('2016-03-01',5336,6030,70),
('2016-03-01',5386,79136,25),
('2016-03-01',5406,57527,55),
('2016-03-01',5408,31263,15),
('2016-03-01',5640,41618,20),
('2016-03-01',5698,22780,45),
('2016-03-01',5712,88484,30),
('2016-03-01',5848,63800,60),
('2016-03-02',5851,650,0),
('2016-03-02',5970,3162,0),
('2016-03-02',6171,4413,0),
('2016-03-02',6191,5478,0),
('2016-03-02',6395,5509,0),
('2016-03-02',6464,5990,0),
('2016-03-02',6559,7460,0),
('2016-03-02',6588,7865,0),
('2016-03-02',6606,7897,0),
('2016-03-02',6608,7978,0),
('2016-03-02',6619,8150,0),
('2016-03-02',6637,9630,0),
('2016-03-02',6642,11209,0),
('2016-03-02',6696,12371,0),
('2016-03-02',6739,12423,0),
('2016-03-02',6784,19773,0),
('2016-03-02',6793,19963,0),
('2016-03-02',6807,20811,0),
('2016-03-02',6843,20888,0),
('2016-03-02',6857,21372,0),
('2016-03-02',6879,22165,0),
('2016-03-02',6914,22917,0),
('2016-03-02',6944,22949,0),
('2016-03-02',6951,24095,0),
('2016-03-02',7000,24576,0),
('2016-03-02',7061,26093,0),
('2016-03-02',7125,26468,0),
('2016-03-02',7155,27064,0),
('2016-03-02',7171,30082,0),
('2016-03-02',7241,32455,0),
('2016-03-02',7244,33323,0),
('2016-03-02',7287,33863,0),
('2016-03-02',7360,34234,0),
('2016-03-02',7423,34369,0),
('2016-03-02',7514,36594,0),
('2016-03-02',7606,37997,0),
('2016-03-02',7607,38962,0),
('2016-03-02',7756,41057,0),
('2016-03-02',7787,42973,0),
('2016-03-02',7902,44791,0),
('2016-03-02',7906,48490,0),
('2016-03-02',7924,49340,0),
('2016-03-02',7989,51132,0),
('2016-03-02',8097,51548,0),
('2016-03-02',8151,53342,0),
('2016-03-02',8311,54113,0),
('2016-03-02',8413,54408,0),
('2016-03-02',8437,55374,0),
('2016-03-02',8440,56707,0),
('2016-03-02',8491,56978,0),
('2016-03-02',8579,59818,0),
('2016-03-02',8604,60355,0),
('2016-03-02',8622,62333,0),
('2016-03-02',8656,67479,0),
('2016-03-02',8677,69799,0),
('2016-03-02',8773,70302,0),
('2016-03-02',8829,71848,0),
('2016-03-02',8842,73849,0),
('2016-03-02',8901,58932,65),
('2016-03-02',8944,86429,55),
('2016-03-02',8972,90959,65),
('2016-03-02',9068,87230,25),
('2016-03-02',9092,34840,75),
('2016-03-02',9122,51726,10),
('2016-03-02',9228,89780,0),
('2016-03-02',9267,67735,25),
('2016-03-02',9277,85501,40),
('2016-03-02',9368,59761,65),
('2016-03-02',9389,78408,35),
('2016-03-02',9403,89781,80),
('2016-03-02',9406,79101,30),
('2016-03-02',9408,11092,35),
('2016-03-02',9419,94083,45),
('2016-03-02',9472,77184,80),
('2016-03-02',9503,80394,40),
('2016-03-02',9587,11753,90),
('2016-03-02',9705,97336,10),
('2016-03-02',9789,1050,85),
('2016-03-02',9814,50467,60),
('2016-03-02',9932,83376,55),
('2016-03-02',9986,69030,10),
('2016-03-02',9988,95354,75),
('2016-03-02',10033,60516,65),
('2016-03-02',10039,81598,15),
('2016-03-02',10146,66648,95),
('2016-03-02',10162,62640,85),
('2016-03-02',10165,98981,0),
('2016-03-02',10256,49116,70),
('2016-03-02',10325,99789,60),
('2016-03-02',10345,89781,25),
('2016-03-02',10352,73967,30),
('2016-03-02',10506,51134,20),
('2016-03-02',10519,99789,90),
('2016-03-02',10524,21973,50),
('2016-03-02',10526,87230,5),
('2016-03-02',10586,68071,10),
('2016-03-02',10596,83913,45),
('2016-03-02',10620,78002,0),
('2016-03-02',10653,39091,0),
('2016-03-02',10669,73967,40),
('2016-03-02',10784,12303,20),
('2016-03-02',10814,20033,30),
('2016-03-02',10860,31822,80),
('2016-03-02',10866,39091,25),
('2016-03-02',10887,29719,100),
('2016-03-02',10902,5333,0),
('2016-03-02',10915,36691,5),
('2016-03-02',11001,10068,10),
('2016-03-02',11048,48592,65),
('2016-03-02',11082,87555,45),
('2016-03-02',11292,18941,35),
('2016-03-02',11373,36786,55),
('2016-03-02',11376,21334,60),
('2016-03-02',11468,98981,35),
('2016-03-02',11527,20435,90),
('2016-03-02',11546,8878,60),
('2016-03-02',11551,95648,10),
('2016-03-02',11649,98727,75),
('2016-03-02',11687,73740,0),
('2016-03-02',11763,87802,10),
('2016-03-02',11796,32349,40),
('2016-03-02',11806,66648,30),
('2016-03-02',11852,533,85),
('2016-03-02',11859,97530,35),
('2016-03-02',11880,15225,0),
('2016-03-02',11890,40093,45),
('2016-03-02',11901,60516,0),
('2016-03-02',11942,98981,65),
('2016-03-02',11960,49008,85),
('2016-03-02',11994,73115,60),
('2016-03-02',12002,29047,70),
('2016-03-02',12014,57448,10),
('2016-03-02',12033,53295,45),
('2016-03-02',12059,77749,0),
('2016-03-02',12151,72783,95),
('2016-03-02',12211,70115,95),
('2016-03-02',12304,21973,15),
('2016-03-02',12318,16932,95),
('2016-03-02',12422,69030,45),
('2016-03-02',12454,78408,25),
('2016-03-02',12472,41558,80),
('2016-03-02',12476,77490,60),
('2016-03-02',12477,59446,50),
('2016-03-02',12503,30845,80),
('2016-03-02',12513,2764,5),
('2016-03-02',12523,74021,55),
('2016-03-02',12537,46328,0),
('2016-03-02',12602,37187,40),
('2016-03-02',12679,99169,85),
('2016-03-02',12776,61280,15),
('2016-03-02',12856,40147,45),
('2016-03-02',12875,78205,55),
('2016-03-02',12883,22013,45),
('2016-03-02',12908,47174,5),
('2016-03-02',12920,66014,45),
('2016-03-02',13066,39091,55),
('2016-03-02',13133,39857,60),
('2016-03-03',13148,650,0),
('2016-03-03',13184,3162,0),
('2016-03-03',13187,4413,0),
('2016-03-03',13211,5478,0),
('2016-03-03',13229,5509,0),
('2016-03-03',13289,5990,0),
('2016-03-03',13349,7460,0),
('2016-03-03',13486,7865,0),
('2016-03-03',13524,7897,0),
('2016-03-03',13647,7978,0),
('2016-03-03',13676,8150,0),
('2016-03-03',13737,9630,0),
('2016-03-03',13751,11209,0),
('2016-03-03',13800,12371,0),
('2016-03-03',13889,12423,0),
('2016-03-03',13905,19773,0),
('2016-03-03',13918,19963,0),
('2016-03-03',13952,20811,0),
('2016-03-03',14164,20888,0),
('2016-03-03',14186,21372,0),
('2016-03-03',14245,22165,0),
('2016-03-03',14308,22917,0),
('2016-03-03',14387,22949,0),
('2016-03-03',14391,24095,0),
('2016-03-03',14517,24576,0),
('2016-03-03',14560,26093,0),
('2016-03-03',14637,26468,0),
('2016-03-03',14654,27064,0),
('2016-03-03',14742,30082,0),
('2016-03-03',14749,32455,0),
('2016-03-03',14760,33323,0),
('2016-03-03',14813,33863,0),
('2016-03-03',14821,34234,0),
('2016-03-03',14914,34369,0),
('2016-03-03',14961,36594,0),
('2016-03-03',14965,37997,0),
('2016-03-03',15048,38962,0),
('2016-03-03',15329,41057,0),
('2016-03-03',15427,42973,0),
('2016-03-03',15558,44791,0),
('2016-03-03',15589,48490,0),
('2016-03-03',15627,49340,0),
('2016-03-03',15748,51132,0),
('2016-03-03',15763,51548,0),
('2016-03-03',15839,53342,0),
('2016-03-03',15913,54113,0),
('2016-03-03',16025,54408,0),
('2016-03-03',16051,55374,0),
('2016-03-03',16223,56707,0),
('2016-03-03',16248,56978,0),
('2016-03-03',16249,59818,0),
('2016-03-03',16322,60355,0),
('2016-03-03',16327,62333,0),
('2016-03-03',16368,67479,0),
('2016-03-03',16459,69799,0),
('2016-03-03',16505,70302,0),
('2016-03-03',16616,71848,0),
('2016-03-03',16680,73849,0),
('2016-03-03',16794,76080,0),
('2016-03-03',17028,2697,25),
('2016-03-03',17081,34840,100),
('2016-03-03',17188,50467,65),
('2016-03-03',17346,49116,95),
('2016-03-03',17382,65113,20),
('2016-03-03',17385,46518,40),
('2016-03-03',17392,91573,95),
('2016-03-03',17423,24725,65),
('2016-03-03',17480,24725,10),
('2016-03-03',17598,10985,5),
('2016-03-03',17661,97336,90),
('2016-03-03',17726,15039,10),
('2016-03-03',17801,33142,90),
('2016-03-03',17817,74861,55),
('2016-03-03',17830,18105,15),
('2016-03-03',17839,20594,20),
('2016-03-03',17959,67735,10),
('2016-03-03',17967,81598,50),
('2016-03-03',17970,32540,15),
('2016-03-03',18051,79278,80),
('2016-03-03',18157,16014,35),
('2016-03-03',18197,53808,10),
('2016-03-03',18363,69706,0),
('2016-03-03',18389,91573,30),
('2016-03-03',18482,89991,40),
('2016-03-03',18522,55343,20),
('2016-03-03',18583,53295,90),
('2016-03-03',18697,90401,55),
('2016-03-03',18819,70287,75),
('2016-03-03',18834,78002,0),
('2016-03-03',18864,80682,40),
('2016-03-03',18995,78408,85),
('2016-03-03',19012,46870,90),
('2016-03-03',19039,12852,10),
('2016-03-03',19056,29719,50),
('2016-03-03',19283,74568,15),
('2016-03-03',19291,56909,60),
('2016-03-03',19440,21657,40),
('2016-03-03',19448,21743,70),
('2016-03-03',19501,42368,100),
('2016-03-03',19564,31247,50),
('2016-03-03',19569,43604,30),
('2016-03-03',19578,72237,55),
('2016-03-03',19668,17482,100),
('2016-03-03',19705,89164,50),
('2016-03-03',19758,75908,50),
('2016-03-03',19835,50910,20),
('2016-03-03',19911,86429,20),
('2016-03-03',19952,8878,75),
('2016-03-03',20007,18105,60),
('2016-03-03',20073,83263,15),
('2016-03-03',20130,25398,90),
('2016-03-03',20295,73740,95),
('2016-03-03',20298,86065,70),
('2016-03-03',20337,79480,0),
('2016-03-03',20388,87555,15),
('2016-03-03',20464,10068,55),
('2016-03-03',20486,59761,50),
('2016-03-03',20567,95958,30),
('2016-03-03',20590,31822,10),
('2016-03-03',20609,16932,60),
('2016-03-03',20620,12707,50),
('2016-03-03',20664,82956,45),
('2016-03-03',20784,59761,60),
('2016-03-03',20945,95647,75),
('2016-03-03',21185,75889,45),
('2016-03-03',21209,45630,65),
('2016-03-03',21210,80682,0),
('2016-03-04',21226,650,0),
('2016-03-04',21229,3162,0),
('2016-03-04',21445,4413,0),
('2016-03-04',21482,5478,0),
('2016-03-04',21492,5509,0),
('2016-03-04',21497,5990,0),
('2016-03-04',21526,7460,0),
('2016-03-04',21703,7865,0),
('2016-03-04',21756,7897,0),
('2016-03-04',21781,7978,0),
('2016-03-04',21812,8150,0),
('2016-03-04',21973,9630,0),
('2016-03-04',22008,11209,0),
('2016-03-04',22035,12371,0),
('2016-03-04',22148,12423,0),
('2016-03-04',22150,19773,0),
('2016-03-04',22169,19963,0),
('2016-03-04',22212,20811,0),
('2016-03-04',22313,20888,0),
('2016-03-04',22407,21372,0),
('2016-03-04',22456,22165,0),
('2016-03-04',22474,22917,0),
('2016-03-04',22485,22949,0),
('2016-03-04',22554,24095,0),
('2016-03-04',22588,24576,0),
('2016-03-04',22645,26093,0),
('2016-03-04',22650,26468,0),
('2016-03-04',22743,27064,0),
('2016-03-04',22745,30082,0),
('2016-03-04',22792,32455,0),
('2016-03-04',22811,33323,0),
('2016-03-04',22833,33863,0),
('2016-03-04',22873,34234,0),
('2016-03-04',23098,34369,0),
('2016-03-04',23142,36594,0),
('2016-03-04',23211,37997,0),
('2016-03-04',23282,38962,0),
('2016-03-04',23316,41057,0),
('2016-03-04',23365,42973,0),
('2016-03-04',23369,44791,0),
('2016-03-04',23476,48490,0),
('2016-03-04',23501,49340,0),
('2016-03-04',23508,51132,0),
('2016-03-04',23527,51548,0),
('2016-03-04',23528,53342,0),
('2016-03-04',23541,54113,0),
('2016-03-04',23544,54408,0),
('2016-03-04',23596,55374,0),
('2016-03-04',23671,56707,0),
('2016-03-04',23676,56978,0),
('2016-03-04',23682,64609,45),
('2016-03-04',23732,13923,15),
('2016-03-04',23834,51572,100),
('2016-03-04',23869,40816,40),
('2016-03-04',23927,49116,70),
('2016-03-04',23932,75635,75),
('2016-03-04',23993,41336,35),
('2016-03-04',24066,24725,30),
('2016-03-04',24071,36654,70),
('2016-03-04',24098,95183,15),
('2016-03-04',24102,78408,50),
('2016-03-04',24166,31151,20),
('2016-03-04',24198,89737,0),
('2016-03-04',24243,89780,5),
('2016-03-04',24253,15039,5),
('2016-03-04',24267,7336,80),
('2016-03-04',24283,13733,95),
('2016-03-04',24413,59446,45),
('2016-03-04',24503,41457,65),
('2016-03-04',24585,533,0),
('2016-03-04',24834,1240,60),
('2016-03-04',24996,16932,70),
('2016-03-04',25007,80094,35),
('2016-03-04',25011,77217,80),
('2016-03-04',25154,61793,85),
('2016-03-04',25156,69660,55),
('2016-03-04',25285,31263,20),
('2016-03-04',25301,30061,60),
('2016-03-04',25312,77217,15),
('2016-03-04',25408,47174,70),
('2016-03-04',25444,21152,15),
('2016-03-04',25476,73716,80),
('2016-03-04',25552,19516,80),
('2016-03-04',25593,53548,10),
('2016-03-04',25735,21334,70),
('2016-03-04',25744,90612,0),
('2016-03-04',25755,29719,95),
('2016-03-04',25781,69928,5),
('2016-03-04',25799,93664,50),
('2016-03-04',25830,72721,100),
('2016-03-04',25906,37492,25),
('2016-03-04',25939,16257,100),
('2016-03-04',25972,62640,40),
('2016-03-04',26020,80580,85),
('2016-03-04',26023,86845,35),
('2016-03-04',26126,84307,65),
('2016-03-04',26133,70287,40),
('2016-03-04',26146,90531,20),
('2016-03-04',26147,39831,60),
('2016-03-04',26202,11092,20),
('2016-03-04',26645,19904,40),
('2016-03-04',26741,42573,25),
('2016-03-04',26781,15225,10),
('2016-03-04',26786,50910,10),
('2016-03-04',26795,79136,90),
('2016-03-04',26818,7891,0),
('2016-03-04',26839,81314,25),
('2016-03-04',26850,59943,85),
('2016-03-04',26908,28201,80),
('2016-03-04',26958,80744,95),
('2016-03-04',26967,533,15),
('2016-03-04',27030,93361,10),
('2016-03-04',27073,14737,35),
('2016-03-04',27106,85006,10),
('2016-03-04',27128,36562,55),
('2016-03-04',27149,40093,85),
('2016-03-04',27262,50467,20),
('2016-03-04',27314,69706,45),
('2016-03-04',27334,30845,65),
('2016-03-04',27403,73374,75),
('2016-03-04',27552,66014,30),
('2016-03-04',27566,63715,85),
('2016-03-04',27627,12707,55),
('2016-03-04',27673,54807,25),
('2016-03-04',27726,82956,60),
('2016-03-04',27727,42368,75),
('2016-03-04',27822,47258,75),
('2016-03-04',27889,72783,95),
('2016-03-04',27906,78408,5),
('2016-03-04',27955,80682,0),
('2016-03-04',27972,81511,90),
('2016-03-04',27990,14737,25),
('2016-03-04',28008,72783,90),
('2016-03-04',28018,24420,80),
('2016-03-04',28040,95648,20),
('2016-03-04',28042,19540,60),
('2016-03-04',28043,25226,90),
('2016-03-04',28066,10985,85),
('2016-03-04',28120,44598,50),
('2016-03-04',28178,30845,35),
('2016-03-04',28189,44397,30),
('2016-03-04',28215,6508,90),
('2016-03-05',28276,650,0),
('2016-03-05',28277,3162,0),
('2016-03-05',28308,4413,0),
('2016-03-05',28368,5478,0),
('2016-03-05',28404,5509,0),
('2016-03-05',28444,5990,0),
('2016-03-05',28471,7460,0),
('2016-03-05',28493,7865,0),
('2016-03-05',28496,7897,0),
('2016-03-05',28526,7978,0),
('2016-03-05',28627,8150,0),
('2016-03-05',28652,9630,0),
('2016-03-05',28772,11209,0),
('2016-03-05',28790,12371,0),
('2016-03-05',28792,12423,0),
('2016-03-05',28795,19773,0),
('2016-03-05',28919,19963,0),
('2016-03-05',28938,20811,0),
('2016-03-05',29096,20888,0),
('2016-03-05',29100,21372,0),
('2016-03-05',29117,22165,0),
('2016-03-05',29180,22917,0),
('2016-03-05',29230,22949,0),
('2016-03-05',29301,24095,0),
('2016-03-05',29376,24576,0),
('2016-03-05',29400,26093,0),
('2016-03-05',29414,26468,0),
('2016-03-05',29419,27064,0),
('2016-03-05',29490,30082,0),
('2016-03-05',29548,32455,0),
('2016-03-05',29581,33323,0),
('2016-03-05',29608,33863,0),
('2016-03-05',29629,34234,0),
('2016-03-05',29759,34369,0),
('2016-03-05',29785,36594,0),
('2016-03-05',29804,37997,0),
('2016-03-05',29829,38962,0),
('2016-03-05',29834,41057,0),
('2016-03-05',29889,42973,0),
('2016-03-05',29905,44791,0),
('2016-03-05',29940,48490,0),
('2016-03-05',29944,49340,0),
('2016-03-05',29992,51132,0),
('2016-03-05',29993,51548,0),
('2016-03-05',29997,53342,0),
('2016-03-05',30120,54113,0),
('2016-03-05',30125,54408,0),
('2016-03-05',30128,55374,0),
('2016-03-05',30150,56707,0),
('2016-03-05',30289,56978,0),
('2016-03-05',30311,59818,0),
('2016-03-05',30313,60355,0),
('2016-03-05',30340,62333,0),
('2016-03-05',30440,67479,0),
('2016-03-05',30443,69799,0),
('2016-03-05',30490,70302,0),
('2016-03-05',30544,71848,0),
('2016-03-05',30654,73849,0),
('2016-03-05',30680,76080,0),
('2016-03-05',30718,77963,0),
('2016-03-05',30832,79449,0),
('2016-03-05',30871,80214,0),
('2016-03-05',30910,83245,0),
('2016-03-05',31033,83772,0),
('2016-03-05',31107,86195,0),
('2016-03-05',31118,86284,0),
('2016-03-05',31152,88706,0),
('2016-03-05',31206,40093,55),
('2016-03-05',31302,90612,50),
('2016-03-05',31328,7891,10),
('2016-03-05',31372,68071,75),
('2016-03-05',31398,40093,50),
('2016-03-05',31401,20574,85),
('2016-03-05',31414,39091,70),
('2016-03-05',31420,16932,55),
('2016-03-05',31496,53808,20),
('2016-03-05',31550,44690,0),
('2016-03-05',31588,1050,75),
('2016-03-05',31637,73426,20),
('2016-03-05',31703,86065,30),
('2016-03-05',31761,14113,5),
('2016-03-05',31807,67735,30),
('2016-03-05',31874,80648,10),
('2016-03-05',31935,77490,60),
('2016-03-05',32094,50503,5),
('2016-03-05',32104,46518,20),
('2016-03-05',32207,13224,10),
('2016-03-05',32214,73115,50),
('2016-03-05',32217,13391,25),
('2016-03-05',32267,15054,75),
('2016-03-05',32325,44214,35),
('2016-03-05',32342,41558,60),
('2016-03-05',32429,597,60),
('2016-03-05',32464,83643,85),
('2016-03-05',32521,99169,55),
('2016-03-05',32550,83643,100),
('2016-03-05',32564,79,60),
('2016-03-05',32570,54045,35),
('2016-03-05',32583,81186,45),
('2016-03-05',32590,57572,70),
('2016-03-05',32658,97530,50),
('2016-03-05',32761,41336,30),
('2016-03-05',32826,83371,90),
('2016-03-05',32835,90612,30),
('2016-03-05',32852,89814,5),
('2016-03-05',32875,20574,25),
('2016-03-05',32985,91573,50),
('2016-03-05',32986,31822,55),
('2016-03-05',32996,31822,20),
('2016-03-05',33079,43604,85),
('2016-03-05',33143,30845,20),
('2016-03-05',33159,16700,45),
('2016-03-05',33162,40816,50),
('2016-03-05',33169,19904,70),
('2016-03-05',33317,39441,10),
('2016-03-05',33343,50874,100),
('2016-03-05',33362,57572,65),
('2016-03-05',33433,32710,15),
('2016-03-05',33437,75635,30),
('2016-03-05',33517,7891,5),
('2016-03-05',33538,88484,65),
('2016-03-05',33551,92654,85),
('2016-03-05',33556,66702,75),
('2016-03-05',33570,40816,55),
('2016-03-05',33576,5327,90),
('2016-03-05',33684,60517,25),
('2016-03-05',33708,20033,50),
('2016-03-05',33765,49116,95),
('2016-03-05',33939,5026,30),
('2016-03-05',33952,71152,55),
('2016-03-05',33967,62640,50),
('2016-03-05',33993,93361,10),
('2016-03-05',34134,35492,25),
('2016-03-05',34145,68071,20),
('2016-03-05',34148,26701,60),
('2016-03-05',34150,34840,95),
('2016-03-05',34164,48592,65),
('2016-03-05',34227,73967,30),
('2016-03-05',34282,34794,15),
('2016-03-05',34293,73374,40),
('2016-03-05',34388,81314,15),
('2016-03-05',34389,79480,90),
('2016-03-05',34410,83376,75),
('2016-03-05',34419,36691,95),
('2016-03-05',34425,73716,60),
('2016-03-05',34558,44690,0),
('2016-03-05',34657,6259,40),
('2016-03-05',34683,11753,5),
('2016-03-05',34854,6508,20),
('2016-03-05',34984,56107,50),
('2016-03-05',35070,3124,40),
('2016-03-05',35167,11753,45),
('2016-03-05',35184,13733,80),
('2016-03-05',35195,99789,45),
('2016-03-05',35221,50910,70),
('2016-03-06',35252,650,0),
('2016-03-06',35293,3162,0),
('2016-03-06',35300,4413,0),
('2016-03-06',35310,5478,0),
('2016-03-06',35341,5509,0),
('2016-03-06',35370,5990,0),
('2016-03-06',35376,7460,0),
('2016-03-06',35429,7865,0),
('2016-03-06',35497,7897,0),
('2016-03-06',35530,7978,0),
('2016-03-06',35569,8150,0),
('2016-03-06',35740,9630,0),
('2016-03-06',35744,11209,0),
('2016-03-06',35787,12371,0),
('2016-03-06',35878,12423,0),
('2016-03-06',35937,19773,0),
('2016-03-06',35990,19963,0),
('2016-03-06',36080,20811,0),
('2016-03-06',36152,20888,0),
('2016-03-06',36181,21372,0),
('2016-03-06',36187,22165,0),
('2016-03-06',36279,22917,0),
('2016-03-06',36317,22949,0),
('2016-03-06',36349,24095,0),
('2016-03-06',36494,24576,0),
('2016-03-06',36561,26093,0),
('2016-03-06',36707,26468,0),
('2016-03-06',36736,27064,0),
('2016-03-06',36783,30082,0),
('2016-03-06',36821,32455,0),
('2016-03-06',36852,33323,0),
('2016-03-06',36890,33863,0),
('2016-03-06',37032,34234,0),
('2016-03-06',37120,34369,0),
('2016-03-06',37134,36594,0),
('2016-03-06',37164,37997,0),
('2016-03-06',37220,38962,0),
('2016-03-06',37223,41057,0),
('2016-03-06',37231,42973,0),
('2016-03-06',37269,44791,0),
('2016-03-06',37315,48490,0),
('2016-03-06',37540,49340,0),
('2016-03-06',37581,51132,0),
('2016-03-06',37615,51548,0),
('2016-03-06',37629,53342,0),
('2016-03-06',37670,54113,0),
('2016-03-06',37678,54408,0),
('2016-03-06',37692,55374,0),
('2016-03-06',37721,56707,0),
('2016-03-06',37799,56978,0),
('2016-03-06',37804,59818,0),
('2016-03-06',37838,60355,0),
('2016-03-06',37848,62333,0),
('2016-03-06',37885,67479,0),
('2016-03-06',37948,69799,0),
('2016-03-06',38011,70302,0),
('2016-03-06',38029,71848,0),
('2016-03-06',38051,73849,0),
('2016-03-06',38057,76080,0),
('2016-03-06',38075,84307,25),
('2016-03-06',38088,43604,90),
('2016-03-06',38139,95934,95),
('2016-03-06',38175,90959,100),
('2016-03-06',38186,95335,100),
('2016-03-06',38215,5327,65),
('2016-03-06',38231,93764,95),
('2016-03-06',38234,93494,35),
('2016-03-06',38243,3222,0),
('2016-03-06',38315,41618,0),
('2016-03-06',38320,66627,55),
('2016-03-06',38332,27789,80),
('2016-03-06',38394,72783,5),
('2016-03-06',38407,75908,80),
('2016-03-06',38416,57572,95),
('2016-03-06',38601,94083,25),
('2016-03-06',38605,8894,60),
('2016-03-06',38651,47258,100),
('2016-03-06',38764,8894,100),
('2016-03-06',38786,54967,20),
('2016-03-06',38789,85948,40),
('2016-03-06',38823,3018,30),
('2016-03-06',38858,75635,85),
('2016-03-06',38941,13733,40),
('2016-03-06',38954,84307,20),
('2016-03-06',39010,2345,100),
('2016-03-06',39045,84254,80),
('2016-03-06',39062,20594,80),
('2016-03-06',39068,16700,90),
('2016-03-06',39079,29445,20),
('2016-03-06',39106,73426,0),
('2016-03-06',39115,20435,75),
('2016-03-06',39123,42115,90),
('2016-03-06',39124,75233,95),
('2016-03-06',39170,83669,30),
('2016-03-06',39194,15039,100),
('2016-03-06',39347,72783,35),
('2016-03-06',39413,84307,80),
('2016-03-06',39441,15999,60),
('2016-03-06',39468,81064,100),
('2016-03-06',39500,87277,75),
('2016-03-06',39545,19736,40),
('2016-03-06',39551,18317,75),
('2016-03-06',39564,98981,0),
('2016-03-06',39599,58141,30),
('2016-03-06',39622,68435,100),
('2016-03-06',39623,50503,40),
('2016-03-06',39745,69101,0),
('2016-03-06',39786,84307,90),
('2016-03-06',39836,15225,65),
('2016-03-06',40009,10629,20),
('2016-03-06',40034,36786,40),
('2016-03-06',40061,94104,85),
('2016-03-06',40063,15498,30),
('2016-03-06',40168,24725,45),
('2016-03-06',40191,86065,35),
('2016-03-06',40248,68071,85),
('2016-03-06',40280,23794,20),
('2016-03-06',40358,22013,5),
('2016-03-06',40488,10985,0),
('2016-03-06',40506,74021,85),
('2016-03-06',40567,40816,85),
('2016-03-06',40608,31618,90),
('2016-03-06',40631,18050,5),
('2016-03-06',40674,78143,5),
('2016-03-06',40706,597,65),
('2016-03-06',40710,27725,85),
('2016-03-06',40839,90030,75),
('2016-03-06',40899,89737,60),
('2016-03-06',40907,40816,55),
('2016-03-06',40951,75635,65),
('2016-03-06',40970,37492,15),
('2016-03-06',41012,46870,70),
('2016-03-06',41041,75635,30),
('2016-03-06',41137,73374,90),
('2016-03-06',41296,15158,40),
('2016-03-06',41374,62325,85),
('2016-03-06',41496,15225,60),
('2016-03-06',41508,94104,55),
('2016-03-06',41524,51775,85),
('2016-03-06',41551,6508,90),
('2016-03-06',41677,85948,35),
('2016-03-06',41754,70287,25),
('2016-03-06',41801,8878,35),
('2016-03-06',41808,33245,80),
('2016-03-06',41809,24725,55),
('2016-03-06',41820,14826,25),
('2016-03-06',41827,94083,75),
('2016-03-06',41859,19761,60),
('2016-03-06',41959,68435,95),
('2016-03-06',41966,31151,100),
('2016-03-06',42002,79278,75),
('2016-03-06',42027,59761,80),
('2016-03-06',42091,65875,40),
('2016-03-06',42115,21743,100),
('2016-03-06',42150,46870,80),
('2016-03-07',42153,650,0),
('2016-03-07',42296,3162,0),
('2016-03-07',42341,4413,0),
('2016-03-07',42365,5478,0),
('2016-03-07',42390,5509,0),
('2016-03-07',42481,5990,0),
('2016-03-07',42484,7460,0),
('2016-03-07',42500,7865,0),
('2016-03-07',42545,7897,0),
('2016-03-07',42600,7978,0),
('2016-03-07',42652,8150,0),
('2016-03-07',42726,9630,0),
('2016-03-07',42772,11209,0),
('2016-03-07',42840,12371,0),
('2016-03-07',42851,12423,0),
('2016-03-07',42925,19773,0),
('2016-03-07',42948,19963,0),
('2016-03-07',43014,20811,0),
('2016-03-07',43021,20888,0),
('2016-03-07',43050,21372,0),
('2016-03-07',43107,22165,0),
('2016-03-07',43124,22917,0),
('2016-03-07',43194,22949,0),
('2016-03-07',43208,24095,0),
('2016-03-07',43292,24576,0),
('2016-03-07',43374,26093,0),
('2016-03-07',43396,26468,0),
('2016-03-07',43504,27064,0),
('2016-03-07',43554,30082,0),
('2016-03-07',43619,32455,0),
('2016-03-07',43624,33323,0),
('2016-03-07',43627,33863,0),
('2016-03-07',43630,34234,0),
('2016-03-07',43634,34369,0),
('2016-03-07',43710,36594,0),
('2016-03-07',43740,39857,85),
('2016-03-07',43759,64823,100),
('2016-03-07',43787,73740,75),
('2016-03-07',43805,57824,70),
('2016-03-07',43939,98835,10),
('2016-03-07',43953,13391,85),
('2016-03-07',44003,18105,80),
('2016-03-07',44068,80682,50),
('2016-03-07',44073,64790,70),
('2016-03-07',44081,54899,60),
('2016-03-07',44193,39434,30),
('2016-03-07',44196,64823,60),
('2016-03-07',44208,21219,75),
('2016-03-07',44307,80682,5),
('2016-03-07',44322,80682,10),
('2016-03-07',44354,36654,25),
('2016-03-07',44534,51775,85),
('2016-03-07',44580,94083,85),
('2016-03-07',44588,90030,25),
('2016-03-07',44723,77749,90),
('2016-03-07',44773,95354,70),
('2016-03-07',44786,55343,15),
('2016-03-07',44820,73716,10),
('2016-03-07',44876,81242,90),
('2016-03-07',44944,14113,5),
('2016-03-07',44950,39831,0),
('2016-03-07',44962,87555,90),
('2016-03-07',44977,62640,30),
('2016-03-07',44990,88484,0),
('2016-03-07',45042,44217,35),
('2016-03-07',45098,83371,15),
('2016-03-07',45144,14826,35),
('2016-03-07',45276,99789,35),
('2016-03-07',45369,99169,55),
('2016-03-07',45482,81186,30),
('2016-03-07',45516,68845,0),
('2016-03-07',45614,69149,50),
('2016-03-07',45655,80682,5),
('2016-03-07',45688,9198,35),
('2016-03-07',45708,53940,30),
('2016-03-07',45766,3018,20),
('2016-03-07',45794,30061,90),
('2016-03-07',45865,34294,50),
('2016-03-07',45891,2820,40),
('2016-03-07',45899,98780,80),
('2016-03-07',45950,84640,50),
('2016-03-07',45951,20435,50),
('2016-03-07',46042,54807,60),
('2016-03-07',46069,62078,25),
('2016-03-07',46115,31247,90),
('2016-03-07',46163,31221,0),
('2016-03-07',46169,16747,10),
('2016-03-07',46253,80902,55),
('2016-03-07',46305,53940,45),
('2016-03-07',46335,70689,50),
('2016-03-07',46372,42672,75),
('2016-03-07',46398,89991,60),
('2016-03-07',46412,14737,65),
('2016-03-07',46424,56107,60),
('2016-03-07',46458,1240,95),
('2016-03-07',46566,78993,45),
('2016-03-07',46569,61010,75),
('2016-03-07',46576,73716,85),
('2016-03-07',46606,533,55),
('2016-03-07',46673,79480,70),
('2016-03-07',46711,7891,50),
('2016-03-07',46809,30073,65),
('2016-03-07',46811,41558,85),
('2016-03-07',46832,99149,20),
('2016-03-07',46956,30061,20),
('2016-03-07',47361,98727,80),
('2016-03-07',47458,95647,70),
('2016-03-07',47515,6775,20),
('2016-03-07',47520,62078,85),
('2016-03-08',47557,650,0),
('2016-03-08',47585,3162,0),
('2016-03-08',47676,4413,0),
('2016-03-08',47706,5478,0),
('2016-03-08',47733,5509,0),
('2016-03-08',47870,5990,0),
('2016-03-08',47892,7460,0),
('2016-03-08',47908,7865,0),
('2016-03-08',47968,7897,0),
('2016-03-08',47976,7978,0),
('2016-03-08',48048,8150,0),
('2016-03-08',48051,9630,0),
('2016-03-08',48152,11209,0),
('2016-03-08',48159,12371,0),
('2016-03-08',48241,12423,0),
('2016-03-08',48257,19773,0),
('2016-03-08',48476,19963,0),
('2016-03-08',48524,20811,0),
('2016-03-08',48591,20888,0),
('2016-03-08',48679,21372,0),
('2016-03-08',48791,22165,0),
('2016-03-08',48822,22917,0),
('2016-03-08',48863,22949,0),
('2016-03-08',48877,24095,0),
('2016-03-08',48897,24576,0),
('2016-03-08',48914,26093,0),
('2016-03-08',48928,26468,0),
('2016-03-08',49029,27064,0),
('2016-03-08',49069,30082,0),
('2016-03-08',49132,32455,0),
('2016-03-08',49189,33323,0),
('2016-03-08',49210,33863,0),
('2016-03-08',49234,34234,0),
('2016-03-08',49277,34369,0),
('2016-03-08',49297,36594,0),
('2016-03-08',49393,37997,0),
('2016-03-08',49485,38962,0),
('2016-03-08',49522,41057,0),
('2016-03-08',49567,42973,0),
('2016-03-08',49592,44791,0),
('2016-03-08',49629,48490,0),
('2016-03-08',49778,49340,0),
('2016-03-08',49938,51132,0),
('2016-03-08',49960,51548,0),
('2016-03-08',49965,53342,0),
('2016-03-08',50010,54113,0),
('2016-03-08',50029,54408,0),
('2016-03-08',50060,55374,0),
('2016-03-08',50062,56707,0),
('2016-03-08',50081,56978,0),
('2016-03-08',50145,59818,0),
('2016-03-08',50186,60355,0),
('2016-03-08',50288,62333,0),
('2016-03-08',50310,67479,0),
('2016-03-08',50329,69799,0),
('2016-03-08',50603,70302,0),
('2016-03-08',50747,71848,0),
('2016-03-08',50767,73849,0),
('2016-03-08',50955,76080,0),
('2016-03-08',50973,77963,0),
('2016-03-08',50977,79449,0),
('2016-03-08',51061,80214,0),
('2016-03-08',51093,83245,0),
('2016-03-08',51181,83772,0),
('2016-03-08',51244,86195,0),
('2016-03-08',51328,86284,0),
('2016-03-08',51447,88706,0),
('2016-03-08',51448,89638,0),
('2016-03-08',51463,90236,0),
('2016-03-08',51544,89781,70),
('2016-03-08',51586,46518,15),
('2016-03-08',51599,90959,45),
('2016-03-08',51614,54899,30),
('2016-03-08',51626,32710,30),
('2016-03-08',51685,16530,55),
('2016-03-08',51858,81492,50),
('2016-03-08',51915,91095,65),
('2016-03-08',52067,3374,80),
('2016-03-08',52154,16014,10),
('2016-03-08',52287,42368,70),
('2016-03-08',52292,10985,45),
('2016-03-08',52391,84640,40),
('2016-03-08',52432,2873,55),
('2016-03-08',52473,89737,25),
('2016-03-08',52511,55343,60),
('2016-03-08',52518,27725,5),
('2016-03-08',52528,16234,55),
('2016-03-08',52537,39857,95),
('2016-03-08',52556,57527,70),
('2016-03-08',52647,13901,35),
('2016-03-08',52676,31822,50),
('2016-03-08',52686,20604,5),
('2016-03-08',52696,45630,100),
('2016-03-08',52800,50503,85),
('2016-03-08',52802,95928,80),
('2016-03-08',52810,83371,60),
('2016-03-08',52908,42573,85),
('2016-03-08',52916,54180,95),
('2016-03-08',52985,83509,30),
('2016-03-08',53059,99149,35),
('2016-03-08',53155,61816,50),
('2016-03-08',53247,55050,40),
('2016-03-08',53265,11092,65),
('2016-03-08',53297,73695,50),
('2016-03-08',53302,86429,60),
('2016-03-08',53323,22750,0),
('2016-03-08',53388,39091,60),
('2016-03-08',53424,49008,55),
('2016-03-08',53426,18003,15),
('2016-03-08',53441,22780,55),
('2016-03-08',53515,43604,90),
('2016-03-08',53533,81186,80),
('2016-03-08',53779,98981,0),
('2016-03-08',53835,80902,5),
('2016-03-08',53932,77490,25),
('2016-03-08',53945,54180,55),
('2016-03-08',53952,6030,60),
('2016-03-08',54019,44690,80),
('2016-03-08',54093,62325,25),
('2016-03-08',54139,85948,25),
('2016-03-08',54177,19552,60),
('2016-03-08',54281,10985,90),
('2016-03-08',54326,40266,85),
('2016-03-08',54329,21657,50),
('2016-03-08',54344,84254,100),
('2016-03-08',54425,74763,20),
('2016-03-08',54571,77184,25),
('2016-03-08',54591,66648,55),
('2016-03-08',54642,94251,30),
('2016-03-08',54651,18497,90),
('2016-03-08',54666,73470,30),
('2016-03-08',54784,7891,25),
('2016-03-08',54789,1240,55),
('2016-03-08',54918,9643,95),
('2016-03-08',54956,73716,25),
('2016-03-08',54973,69660,85),
('2016-03-08',55110,18105,85),
('2016-03-08',55121,68566,80),
('2016-03-08',55137,18105,20),
('2016-03-08',55185,3018,40),
('2016-03-08',55219,14737,100),
('2016-03-08',55223,83669,10),
('2016-03-08',55308,44397,35),
('2016-03-08',55311,14113,65),
('2016-03-08',55353,74186,60),
('2016-03-08',55387,87230,25),
('2016-03-08',55529,80648,30),
('2016-03-08',55575,23101,65),
('2016-03-08',55841,44690,100),
('2016-03-08',55846,50503,0),
('2016-03-08',55857,2697,10),
('2016-03-08',55937,50467,10);


-- 1. Query all columns for all American cities in the CITY table with populations larger than 100000. The CountryCode for America is USA.
SELECT 
	* 
FROM 
	city 
WHERE 
	population > 100000 
		AND 
	countrycode='USA';


-- 2. Query the NAME field for all American cities in the CITY table with populations larger than 120000. The CountryCode for America is 
-- USA.
SELECT 
	name 
FROM 
	city 
WHERE 
	population > 120000 
		AND 
	countrycode='USA';


-- 3. Query all columns (attributes) for every row in the CITY table.
SELECT 
	* 
FROM 
	city;


-- 4. Query all columns for a city in CITY with the ID 1661.
SELECT 
	* 
FROM 
	city 
WHERE 
	id=1661;


-- 5. Query all attributes of every Japanese city in the CITY table. The COUNTRYCODE for Japan is JPN.
SELECT 
	* 
FROM 
	city 
WHERE 
	countrycode='JPN';
    

-- 6. Query the names of all the Japanese cities in the CITY table. The COUNTRYCODE for Japan is JPN.
SELECT 
	name 
FROM 
	city 
WHERE 
	countrycode='JPN';
    

-- 7. Query a list of CITY and STATE from the STATION table.
SELECT 
	city,
    state 
FROM 
	station;


-- 8. Query a list of CITY names from STATION for cities that have an even ID number. Print the results in any order, but exclude 
-- duplicates from the answer.
SELECT 
	DISTINCT city 
FROM 
	station 
WHERE 
	id % 2 =0;
    

-- 9. Find the difference between the total number of CITY entries in the table and the number of distinct CITY entries in the table.
SELECT 
	COUNT(city) - COUNT(DISTINCT city) 
FROM 
	station;
    

-- 10. Query the list of CITY names starting with vowels (i.e., a, e, i, o, or u) from STATION. Your result cannot contain duplicates.
SELECT 
	DISTINCT city 
FROM 
	station 
WHERE 
	city REGEXP '^[AEIOU]';
    

-- 11. Query the list of CITY names ending with vowels (a, e, i, o, u) from STATION. Your result cannot contain duplicates.
SELECT 
	DISTINCT city 
FROM 
	station 
WHERE 
	city REGEXP '[AEIOU]$';
    

-- 12. Query the list of CITY names from STATION which have vowels (i.e., a, e, i, o, and u) as both their first and last characters. Your
-- result cannot contain duplicates.
SELECT 
	DISTINCT city 
FROM 
	station 
WHERE 
	city REGEXP '^[AEIOU].*[AEIOU]$';
    

-- 13. Query the list of CITY names from STATION that do not start with vowels. Your result cannot contain duplicates.
SELECT 
	DISTINCT city 
FROM 
	station 
WHERE 
	city NOT REGEXP '^[AEIOU]';


-- 14. Query the list of CITY names from STATION that do not end with vowels. Your result cannot contain duplicates.
SELECT 
	DISTINCT city 
FROM 
	station 
WHERE 
	city NOT REGEXP '[AEIOU]$';
    

-- 15. Query the list of CITY names from STATION that either do not start with vowels or do not end with vowels. Your result cannot
-- contain duplicates.
SELECT 
	DISTINCT city 
FROM 
	station 
WHERE 
	city NOT REGEXP '^[AEIOU].*[AEIOU]';
    

-- 16. Query the list of CITY names from STATION that do not start with vowels and do not end with vowels. Your result cannot contain 
-- duplicates.
SELECT 
	DISTINCT city 
FROM 
	station 
WHERE 
	city NOT REGEXP '^[AEIOU]' 
		AND 
	city NOT REGEXP '[AEIOU]$';


-- 17. Query the Name of any student in STUDENTS who scored higher than 75 Marks. Order your output by the last three characters of each
-- name. If two or more students both have names ending in the same last three characters (i.e.: Bobby, Robby, etc.), secondary sort them
-- by ascending ID.
SELECT 
	name 
FROM 
	student 
WHERE 
	marks > 75 
ORDER BY 
	RIGHT(name,3),ID;
    

-- 18. Write a query that prints a list of employee names (i.e.: the name attribute) from the Employee table in alphabetical order.
SELECT  
	name 
FROM 
	employee 
ORDER BY 
	name;


-- 19. Write a query that prints a list of employee names (i.e.: the name attribute) for employees in Employee having a salary greater 
-- than $2000 per month who have been employees for less than 10 months. Sort your result by ascending employee_id.
SELECT 
	name 
FROM 
	employee 
WHERE 
	salary > 2000 
		AND 
	months< 10 
ORDER BY 
	employee_id;
    

-- 20. Write a query identifying the type of each record in the TRIANGLES table using its three side lengths. Output one of the following
-- statements for each record in the table:
-- 1. Equilateral: It's a triangle with  sides of equal length.
-- 2. Isosceles: It's a triangle with  sides of equal length.
-- 3. Scalene: It's a triangle with  sides of differing lengths.
-- 4. Not A Triangle: The given values of A, B, and C don't form a triangle.
SELECT
CASE 
	WHEN a + b <= c OR a + c <= b OR b + c <= a THEN "Not A Triangle"
	WHEN a = b AND a = c  THEN "Equilateral"
	WHEN a = b OR b = c OR c = a THEN "Isosceles"
    ELSE "Scalene"
END AS TriangleType
FROM 
	triangle;


-- 21. You are given a table, BST, containing two columns: N and P, where N represents the value of a node in Binary Tree, and P is the 
-- parent of N.
-- Write a query to find the node type of Binary Tree ordered by the value of the node. Output one of the following for each node:
-- 1. Root: If node is root node.
-- 2. Leaf: If node is leaf node.
-- 3. Inner: If node is neither root nor leaf node
SELECT 
	DISTINCT n,
	CASE 
		WHEN n IN (SELECT n FROM bst WHERE p IS NULL) THEN "Root"
		WHEN n NOT IN  (SELECT DISTINCT p FROM bst WHERE p IS NOT NULL) THEN "Leaf" 
        WHEN n IN (SELECT DISTINCT p FROM bst WHERE p IS NOT NULL) THEN "Inner"
	END AS result
 FROM 
	bst 
ORDER BY
	n;
    
    
-- 22. Amber's conglomerate corporation just acquired some new companies. Each of the companies follows this hierarchy: 
-- founder -> Lead Manager -> Senior Manager -> Manager -> Employee
-- Given the table schemas below, write a query to print the company_code, founder name, total number of lead managers, total number of 
-- senior managers, total number of managers, and total number of employees. Order your output by ascending company_code.
-- Note:
-- 1. The tables may contain duplicate records.
-- 2. The company_code is string, so the sorting should not be numeric. For example, if the company_codes are C_1, C_2, and C_10, then 
-- the ascending company_codes will be C_1, C_10, and C_2.
SELECT 
    c.company_code,
    c.founder,
    COUNT(DISTINCT lm.lead_manager_code) AS total_lead_managers,
    COUNT(DISTINCT sm.senior_manager_code) AS total_senior_managers,
    COUNT(DISTINCT m.manager_code) AS total_managers,
    COUNT(DISTINCT e.employee_code) AS total_employees
FROM 
    company c
INNER JOIN 
    lead_manager lm ON c.company_code = lm.company_code
INNER JOIN 
    senior_manager sm ON c.company_code = sm.company_code
INNER JOIN 
    manager m ON c.company_code = m.company_code
INNER JOIN 
    employee1 e ON c.company_code = e.company_code
GROUP BY 
    c.company_code, c.founder
ORDER BY 
    c.company_code ASC;
    
    
-- 23. Query a count of the number of cities in CITY having a Population larger than 100000.
SELECT 
	COUNT(*) 
FROM 
	city 
WHERE 
	population > 100000;


-- 24. Query the total population of all cities in CITY where District is California.
SELECT 
	SUM(population) 
FROM 
	city 
WHERE 
	district="California";


-- 25. Query the average population of all cities in CITY where District is California.
SELECT 
	AVG(population) 
FROM 
	city 
WHERE 
	district="California";
    
    
-- 26. Query the average population for all cities in CITY, rounded down to the nearest integer.
SELECT 
	ROUND(AVG(population),0)
FROM 
	city;
    
    
-- 27. Query the sum of the populations for all Japanese cities in CITY. The COUNTRYCODE for Japan is JPN.
SELECT 
	SUM(population)
FROM 
	city
WHERE
	countrycode="JPN";
    
    
-- 28. Query the difference between the maximum and minimum populations in CITY.
SELECT 
	MAX(population) - MIN(population)
FROM 
	city;
    
    
-- 29. Samantha was tasked with calculating the average monthly salaries for all employees in the EMPLOYEES table, but did not realize
-- her keyboard's 0 key was broken until after completing the calculation. She wants your help finding the difference between her 
-- miscalculation (using salaries with any zeros removed), and the actual average salary.
-- Write a query calculating the amount of error (actual - miscalculated i.e.:  average monthly salaries), and round it up to the next 
-- integer.
set @actual = (SELECT AVG(salary) FROM employee2);
set @miscalculated = (SELECT AVG(REPLACE(salary,0,'')) FROM employee2);
SELECT 
	CEIL(@actual - @miscalculated);
--                          OR
SELECT
	CEIL(AVG(salary) - AVG(REPLACE(salary,0,''))) 
FROM 
	employee2;
    
    
-- 30. We define an employee's total earnings to be their monthly salary * months worked, and the maximum total earnings to be the 
-- maximum total earnings for any employee in the Employee table. Write a query to find the maximum total earnings for all employees as 
-- well as the total number of employees who have maximum total earnings. Then print these values as 2 space-separated integers.
set @maxSalary = (SELECT MAX(salary * months) FROM employee);
SELECT @maxSalary,COUNT(*) FROM employee WHERE salary*months = @maxSalary;
--                       OR
SELECT 
	MAX(salary * months),
    COUNT(*)
FROM 
	employee 
WHERE 
	salary * months = 
    (
		SELECT 
			MAX(salary * months)  
		FROM 
			employee
	);
    
    
-- 31. Query the following two values from the STATION table:
-- 1. The sum of all values in LAT_N rounded to a scale of 2 decimal places.
-- 2. The sum of all values in LONG_W rounded to a scale of 2 decimal places.
SELECT
	ROUND(SUM(LAT_N),2),
    ROUND(SUM(LONG_W),2) 
FROM 
	station;
    
    
-- 32. Query the sum of Northern Latitudes (LAT_N) from STATION having values greater than 38.7880 and less than 137.2345. Truncate your
-- answer to  decimal places
SELECT
	ROUND(SUM(LAT_N),4)
FROM 
	station 
WHERE
	LAT_N > 38.7880 
		AND
	LAT_N < 137.2345;
    
    
-- 33. Query the greatest value of the Northern Latitudes (LAT_N) from STATION that is less than 137.2345. Truncate your answer to  
-- decimal places.
SELECT 
	ROUND(MAX(LAT_N),4) 
FROM 
	station 
WHERE 
	LAT_N < 137.2345;
    
    
-- 34. Query the Western Longitude (LONG_W) for the largest Northern Latitude (LAT_N) in STATION that is less than 137.2345. Round your 
-- answer to 4 decimal places.
SELECT 
	ROUND(LONG_W,4) 
FROM 
	station 
WHERE 
	LAT_N = 
		(
			SELECT 
				MAX(LAT_N) 
			FROM 
				station
			WHERE 
				LAT_N < 137.2345
		);
                
                
-- 35. 	Query the smallest Northern Latitude (LAT_N) from STATION that is greater than 38.7780. Round your answer to 4 decimal places.
SELECT 
	ROUND(MIN(LAT_N),4) 
FROM 
	station 
WHERE 
	LAT_N > 38.7780;
    
    
-- 36. Query the Western Longitude (LONG_W)where the smallest Northern Latitude (LAT_N) in STATION is greater than 38.7780. Round your 
-- answer to  decimal places.
SELECT 
	ROUND(LONG_W,4) 
FROM 
	station 
WHERE 
	LAT_N = 
		(
			SELECT 
				MIN(LAT_N) 
			FROM 
				station 
			WHERE 
				LAT_N > 38.7780
		);
        
        
-- 37. Consider P1(a,b) and P2(c,d) to be two points on a 2D plane.
-- 1. a happens to equal the minimum value in Northern Latitude (LAT_N in STATION).
-- 2. b happens to equal the minimum value in Western Longitude (LONG_W in STATION).
-- 3. c happens to equal the maximum value in Northern Latitude (LAT_N in STATION).
-- 4. d happens to equal the maximum value in Western Longitude (LONG_W in STATION).
-- Query the Manhattan Distance between points P1 and P2 and round it to a scale of 4 decimal places.
SELECT 
	ROUND(ABS(MIN(LAT_N) - MAX(LAT_N)) + ABS(MIN(LONG_W) - MAX(LONG_W)),4) AS "Manhattan Distance" 
FROM 
	station;
    
    
-- 38. Consider P1(a,b) and P2(c,d) to be two points on a 2D plane where (a,b) are the respective minimum and maximum values of Northern 
-- Latitude (LAT_N) and (c,d) are the respective minimum and maximum values of Western Longitude (LONG_W) in STATION.
-- Query the Euclidean Distance between points  and  and format your answer to display 4 decimal digits.
SELECT 
	ROUND(SQRT(POWER((MIN(LAT_N) - MAX(LAT_N)),2) +POWER((MIN(LONG_W) - MAX(LONG_W)),2)),4) AS "Euclidean Distance" 
FROM 
	station;
    
    
-- 39. A median is defined as a number separating the higher half of a data set from the lower half. Query the median of the Northern 
-- Latitudes (LAT_N) from STATION and round your answer to 4 decimal places.
SELECT ROUND(AVG(LAT_N), 4) AS median
FROM (
    SELECT 
        LAT_N,
        ROW_NUMBER() OVER (ORDER BY LAT_N) AS row_num,
        COUNT(*) OVER () AS total_rows
    FROM 
        STATION
) AS t
WHERE 
    row_num IN (CEIL(total_rows / 2), FLOOR(total_rows / 2) + 1);


-- 40 Given the CITY and COUNTRY tables, query the sum of the populations of all cities where the CONTINENT is 'Asia'.
-- Note: CITY.CountryCode and COUNTRY.Code are matching key columns.
SELECT 
    SUM(city.population) AS "Total"
FROM 
    city 
INNER JOIN 
country ON city.CountryCode = country.code 
WHERE
    continent = "Asia";
    
    
-- 41. Given the CITY and COUNTRY tables, query the names of all cities where the CONTINENT is 'Africa'.
-- Note: CITY.CountryCode and COUNTRY.Code are matching key columns.
SELECT 
    city.name
FROM 
    city
INNER JOIN 
country ON city.CountryCode = country.code 
WHERE
    continent = "Africa";
    
    
-- 42. Given the CITY and COUNTRY tables, query the names of all the continents (COUNTRY.Continent) and their respective average city 
-- populations (CITY.Population) rounded down to the nearest integer.
-- Note: CITY.CountryCode and COUNTRY.Code are matching key columns.
SELECT 
    continent,
    FLOOR(AVG(city.population))
FROM 
    city
INNER JOIN 
country ON city.CountryCode = country.code
GROUP BY 
	continent;
    
    
-- 43. You are given two tables: Students and Grades. Students contains three columns ID, Name and Marks.
-- Grades contains the following data:
-- Ketty gives Eve a task to generate a report containing three columns: Name, Grade and Mark. Ketty doesn't want the names of those 
-- students who received a grade lower than 8. The report must be in descending order by grade -- i.e. higher grades are entered first. 
-- If there is more than one student with the same grade (8-10) assigned to them, order those particular students by their name 
-- alphabetically. Finally, if the grade is lower than 8, use "NULL" as their name and list them by their grades in descending order. If 
-- there is more than one student with the same grade (1-7) assigned to them, order those particular students by their marks in ascending 
-- order.
-- Write a query to help Eve.
SELECT
	CASE WHEN grade >= 8 THEN name ELSE "NULL" END AS Name,
    grade,
    marks
FROM
(
	SELECT 
		Name,
		(
			SELECT 
				grade 
			FROM 
				grade 
			WHERE 
				student.marks 
			BETWEEN 
				min_mark AND max_mark
		) AS "Grade",
        marks
FROM 
	student
ORDER BY
    CASE WHEN grade >= 8 THEN grade END DESC,
    CASE WHEN grade >= 8 THEN name END ASC,
    CASE WHEN grade < 8 THEN grade END DESC,
    CASE WHEN grade < 8 THEN marks END ASC
) AS t;


-- 44. Julia just finished conducting a coding contest, and she needs your help assembling the leaderboard! Write a query to print the
-- respective hacker_id and name of hackers who achieved full scores for more than one challenge. Order your output in descending order 
-- by the total number of challenges in which the hacker earned a full score. If more than one hacker received full scores in same number 
-- of challenges, then sort them by ascending hacker_id.
SELECT
        hackers.hacker_id,
        name
FROM 
	hackers
INNER JOIN 
(
	SELECT 
		s.hacker_id AS "hacker_id",
		COUNT(challenge_id) AS "Total"
	FROM 
		submissions s
			 INNER JOIN 
		challenges USING(challenge_id) 
			 INNER JOIN 
		difficulty d USING(difficulty_level)
	WHERE 
		d.score = s.score
	GROUP BY 
		s.hacker_id
	HAVING
	   Total > 1
) AS t ON hackers.hacker_id = t.hacker_id
ORDER BY
	Total DESC,
    hackers.hacker_id ASC
;


-- 45. Harry Potter and his friends are at Ollivander's with Ron, finally replacing Charlie's old broken wand.
-- Hermione decides the best way to choose is by determining the minimum number of gold galleons needed to buy each non-evil wand of high 
-- power and age. Write a query to print the id, age, coins_needed, and power of the wands that Ron's interested in, sorted in order of 
-- descending power. If more than one wand has same power, sort the result in order of descending age.
SELECT 
    id,age,
    coins_needed,
    wands.power 
FROM 
    wands 
INNER JOIN 
wands_property USING(code)
INNER JOIN
(
    SELECT 
        code,
    power,
    min(coins_needed) AS "minimum" 
    FROM 
        wands 
    INNER JOIN 
        wands_property USING(code) 
    WHERE 
        is_evil = 0 
    GROUP BY 
        code,
        power
) AS t ON t.code = wands.code AND t.power = wands.power AND wands.coins_needed = t.minimum
ORDER BY 
    wands.power DESC,
    age DESC
;


-- 46. Julia asked her students to create some coding challenges. Write a query to print the hacker_id, name, and the total number of 
-- challenges created by each student. Sort your results by the total number of challenges in descending order. If more than one student 
-- created the same number of challenges, then sort the result by hacker_id. If more than one student created the same number of 
-- challenges and the count is less than the maximum number of challenges created, then exclude those students from the result.
WITH temp1 AS
(
    SELECT 
        hacker_id,
        name,
        COUNT(challenge_id) AS "total"
    FROM 
        hackers 
    INNER JOIN 
        challenges USING(hacker_id)
    GROUP BY 
        hacker_id,name
    ORDER BY
        total DESC,
        hacker_id
),
temp2 AS
(
    SELECT 
        MAX(total) AS maximum
    FROM 
        temp1
)
SELECT 
    hacker_id,
    name,
    total
FROM 
    temp1 
JOIN 
    temp2 
WHERE 
    total 
NOT IN
    (
        SELECT 
            total
        FROM 
            temp1 
        WHERE 
            total != (SELECT maximum FROM temp2)
        GROUP BY
            total
        HAVING
            COUNT(*) >  1
) ;


-- 47. You did such a great job helping Julia with her last coding contest challenge that she wants you to work on this one, too!
-- The total score of a hacker is the sum of their maximum scores for all of the challenges. Write a query to print the hacker_id, name, 
-- and total score of the hackers ordered by the descending score. If more than one hacker achieved the same total score, then sort the 
-- result by ascending hacker_id. Exclude all hackers with a total score of 0 from your result.
WITH temp AS
(
	SELECT 
	 hacker_id,
	 SUM(score) AS "total"
	FROM
	(
		SELECT 
			hacker_id,
			challenge_id,
			MAX(score) "score" 
		FROM 
			submissions 
		GROUP BY 
			hacker_id,
			challenge_id
	) AS t 
	GROUP BY 
		hacker_id
	HAVING
		total > 0
)
SELECT 
	hacker_id,
    name,
    total 
FROM 
	hackers 
INNER JOIN 
	temp USING(hacker_id) 
ORDER BY 
	total DESC,
    hacker_id ASC;
    
    
-- 48. You are given a table, Projects, containing three columns: Task_ID, Start_Date and End_Date. It is guaranteed that the difference 
-- between the End_Date and the Start_Date is equal to 1 day for each row in the table.
-- If the End_Date of the tasks are consecutive, then they are part of the same project. Samantha is interested in finding the total 
-- number of different projects completed.
-- Write a query to output the start and end dates of projects listed by the number of days it took to complete the project in ascending 
-- order. If there is more than one project that have the same number of completion days, then order by the start date of the project.
SELECT 
	start_date "ProjectStartDate",
    MIN(end_date) AS "ProjectEndDate"
FROM
(
	SELECT
		start_date 
	FROM 
		projects
	WHERE 
		start_date 
	NOT IN 
		(
			SELECT
				end_date
			FROM
				projects
		 )
) AS t1,
(
	SELECT
		end_date 
	FROM 
		projects
	WHERE 
		end_date 
	NOT IN 
		(
			SELECT
				start_date
			FROM
				projects
		 )
) AS t2
WHERE 
	start_date < end_date
GROUP BY
	start_date
ORDER BY
	DATEDIFF(min(end_date),start_date) ASC,
    start_date ASC;
			
            
-- 49. You are given three tables: Students, Friends and Packages. Students contains two columns: ID and Name. Friends contains two 
-- columns: ID and Friend_ID (ID of the ONLY best friend). Packages contains two columns: ID and Salary (offered salary in $ thousands 
-- per month).
-- Write a query to output the names of those students whose best friends got offered a higher salary than them. Names must be ordered by
-- the salary amount offered to the best friends. It is guaranteed that no two students got same salary offer.
SELECT 
	name
FROM
(
	SELECT 
		id,name,salary,friend_id
	FROM 
		students s 
			INNER JOIN 
		friends f USING(id) 
			INNER JOIN 
		packages p USING(id) 
) AS t1
INNER JOIN
(
SELECT 
	id,
	salary AS "friend_salary" 
FROM 
	packages 
) AS t2 ON t2.id = t1.friend_id
WHERE
	salary < friend_salary
ORDER BY
	friend_salary;


-- 50. You are given a table, Functions, containing two columns: X and Y.
-- Two pairs (X1, Y1) and (X2, Y2) are said to be symmetric pairs if X1 = Y2 and X2 = Y1.
-- Write a query to output all such symmetric pairs in ascending order by the value of X. List the rows such that X1 ≤ Y1.
SELECT 
	X,
    Y 
FROM
(
	SELECT 
		f1.X AS X,
        f1.Y AS Y 
	FROM 
		functions f1,
        functions f2 
	WHERE 
		f1.X = f2.Y 
			AND 
		f2.X = f1.Y 
			AND 
		f1.X <> f2.X 
			AND 
		f1.Y <> f2.Y
			AND 
		f1.X  < f1.Y
) AS t
UNION
SELECT 
	X,
    Y 
FROM 
	functions 
WHERE 
	X = Y
GROUP BY
	X,
    y
HAVING
	COUNT(*) > 1
ORDER BY 
	X;


-- 51. Generate the following two result sets:
-- 	1. Query an alphabetically ordered list of all names in OCCUPATIONS, immediately followed by the first letter of each profession as a 
--     parenthetical (i.e.: enclosed in parentheses). For example: AnActorName(A), ADoctorName(D), AProfessorName(P), and ASingerName(S).
-- 2. Query the number of ocurrences of each occupation in OCCUPATIONS. Sort the occurrences in ascending order, and output them in the 
--    following format:
-- 			There are a total of [occupation_count] [occupation]s.
--    where [occupation_count] is the number of occurrences of an occupation in OCCUPATIONS and [occupation] is the lowercase occupation 
--    name. If more than one Occupation has the same [occupation_count], they should be ordered alphabetically.
-- Note: There will be at least two entries in the table for each type of occupation.
SELECT
        CONCAT(NAME,"(",LEFT(occupation,1),")")  AS  "name"
    FROM 
        occupations
UNION ALL
SELECT
    CONCAT("There are a total of ",COUNT(*)," ",LOWER(occupation),"s.") AS "name"
FROM
    occupations
GROUP BY
    occupation
ORDER BY
    name ASC;
    

-- 52. Pivot the Occupation column in OCCUPATIONS so that each Name is sorted alphabetically and displayed underneath its corresponding 
-- Occupation. The output column headers should be Doctor, Professor, Singer, and Actor, respectively.
-- Note: Print NULL when there are no more names corresponding to an occupation.
SELECT 
	MAX(IF(occupation="Doctor",name,NULL)) AS "Doctor",
	MAX(IF(occupation="Actor",name,NULL)) AS "Actor",
    MAX(IF(occupation="Professor",name,NULL)) AS "Professor",
    MAX(IF(occupation="Singer",name,NULL)) AS "Singer"
FROM
(
	SELECT 
		*,
        ROW_NUMBER() OVER(PARTITION BY occupation ORDER BY name) AS rnk 
	FROM 
		occupations
) AS t
GROUP BY 
	rnk;


-- 53. P(R) represents a pattern drawn by Julia in R rows. The following pattern represents P(5):
-- * * * * * 
-- * * * * 
-- * * * 
-- * * 
-- *
-- Write a query to print the pattern P(20).
DELIMITER //
CREATE PROCEDURE P(total_row INT)
BEGIN
    DECLARE i INT DEFAULT 0;
    DECLARE output VARCHAR(255);
    set i = total_row;
    set output = " "; 
    WHILE i > 0 
    DO
       set output = CONCAT(output,REPEAT("* ",i),"\n");
       set i = i -1;
    END WHILE;
	SELECT output;
END //
DELIMITER ;

DELIMITER //
CREATE FUNCTION P(total_row INT)
RETURNS VARCHAR (255)
DETERMINISTIC
BEGIN
    DECLARE i INT;
    DECLARE output VARCHAR(255);
    set i = total_row;
    set output = " "; 
    WHILE i > 0 
    DO
       set output = CONCAT(output,REPEAT("* ",i),"\n");
       set i = i -1;
    END WHILE;
    RETURN output;
END //
DELIMITER ;

CALL P(5);
SELECT P(5);

set @total_row = 21;
SELECT 
	repeat("* ",@total_row :=@total_row - 1) AS pattern 
FROM 
	information_schema.tables 
LIMIT 
	20;


-- 54. P(R) represents a pattern drawn by Julia in R rows. The following pattern represents P(5):
-- * 
-- * * 
-- * * * 
-- * * * * 
-- * * * * *
-- Write a query to print the pattern P(20).
set @total_row = 0;
SELECT 
	repeat("* ",@total_row :=@total_row + 1) AS pattern 
FROM 
	information_schema.tables 
LIMIT 
	20;
    
    
-- 55. Samantha interviews many candidates from different colleges using coding challenges and contests. Write a query to print the 
-- contest_id, hacker_id, name, and the sums of total_submissions, total_accepted_submissions, total_views, and total_unique_views for 
-- each contest sorted by contest_id. Exclude the contest from the result if all four sums are 0.
-- Note: A specific contest can be used to screen candidates at more than one college, but each college only holds  screening contest.
SELECT 
	contest_id,
 	hacker_id,
 	name,
	SUM(t1.total_submission),
 	SUM(t1.total_accepted_submission),
	SUM(t2.total_views),
	SUM(t2.total_unique_views)
FROM 
	contests 
		INNER JOIN 
	colleges USING(contest_id) 
		INNER JOIN 
	challenges1 USING(college_id) 
		INNER JOIN 
	(
		SELECT 
			challenge_id,
			SUM(total_submissions) AS "total_submission",
			SUM(total_accepted_submissions) AS "total_accepted_submission"
		FROM
			submission_stats
		GROUP BY
			challenge_id
	) AS t1 USING(challenge_id)
	 		INNER JOIN 
	(
		SELECT 
			challenge_id,
			SUM(total_views) AS "total_views",
			SUM(total_unique_views) AS "total_unique_views"
		FROM
			view_stats
		GROUP BY
			challenge_id
	) AS t2 USING(challenge_id)
GROUP BY 
	contest_id,
	hacker_id,
	name
HAVING
    SUM(t1.total_submission) + SUM(t1.total_accepted_submission) + SUm(t2.total_views) + SUM(t2.total_unique_views) > 0
ORDER BY 
    contest_id;


-- 56. Julia conducted a 8 days of learning SQL contest. The start date of the contest was March 01, 2016 and the end date was March 15, 
-- 2016.
-- Write a query to print total number of unique hackers who made at least 1 submission each day (starting on the first day of the 
-- contest), and find the hacker_id and name of the hacker who made maximum number of submissions each day. If more than one such hacker 
-- has a maximum number of submissions, print the lowest hacker_id. The query should print this information for each day of the contest, 
-- sorted by the date.
WITH MaxSubEachDay AS
(
	SELECT 
		submission_date,
		hacker_id,
		total,
		RANK() OVER(PARTITION BY submission_date ORDER BY total desc,hacker_id) AS "rnk"
	FROM
	(
		SELECT 
			submission_date,
			hacker_id,
			COUNT(hacker_id) AS "Total" 
		FROM 
			submissions1 
		GROUP BY 
			submission_date,
			hacker_id
	) AS t
),
DayWiseRank AS
(
	SELECT 
		submission_date,
        hacker_id,
        DENSE_RANK() OVER(ORDER BY submission_date) AS "DayRank"
	FROM 
		submissions1
),
HackerCntTillDate AS
(
	SELECT 
		outtr.submission_date,
        outtr.hacker_id,
        CASE 
			WHEN outtr.submission_date="2016-03-01" THEN 1 ELSE 1 + (SELECT COUNT(DISTINCT submission_date) FROM submissions1 a WHERE
            a.hacker_id = outtr.hacker_id AND a.submission_date < outtr.submission_date) END AS "PrevCount",
		outtr.DayRank
	FROM
		DayWiseRank AS outtr
),
HackerSubEachDay AS
(
	SELECT
		submission_date,
        COUNT(DISTINCT hacker_id) AS "HackerCnt"
	FROM
		HackerCntTillDate
	WHERE
		PrevCount = DayRank
	GROUP BY
		submission_date
)
SELECT 
	HackerSubEachDay.submission_date,
	HackerSubEachDay.HackerCnt,
	MaxSubEachDay.hacker_id,
	hackers1.name
FROM
	HackerSubEachDay
		INNER JOIN
	MaxSubEachDay ON HackerSubEachDay.submission_date = MaxSubEachDay.submission_date
		INNER JOIN
	hackers1 ON hackers1.hacker_id = MaxSubEachDay.hacker_id
WHERE
	MaxSubEachDay.rnk=1;

    
-- 57. Write a query to print all prime numbers less than or equal to 1000. Print your result on a single line, and use the ampersand (&) 
-- character as your separator (instead of a space).
SELECT
	GROUP_CONCAT(num ORDER BY num SEPARATOR '&')
FROM
(
	SELECT 
		ones.i + tens.i*10 + hundreds.i*100  + 1 AS num  
	FROM
	(
		(
			SELECT 0 AS i UNION SELECT 1 UNION SELECT 2 UNION SELECT 3 UNION SELECT 4 UNION SELECT 5 UNION SELECT 6 UNION SELECT 7 
			UNION SELECT 8 UNION SELECT 9
		) AS ones
			CROSS JOIN
		(
			SELECT 0 AS i UNION SELECT 1 UNION SELECT 2 UNION SELECT 3 UNION SELECT 4 UNION SELECT 5 UNION SELECT 6 UNION SELECT 7 UNION 
			SELECT 8 UNION SELECT 9
		) AS tens
			CROSS JOIN
	    (
			SELECT 0 AS i UNION SELECT 1 UNION SELECT 2 UNION SELECT 3 UNION SELECT 4 UNION SELECT 5 UNION SELECT 6 UNION SELECT 7 
			UNION SELECT 8 UNION SELECT 9
	   ) AS hundreds
	)
    WHERE
		ones.i + tens.i*10 + hundreds.i*100  < 1000
	ORDER BY
		num
) AS number
WHERE
	num > 1
		AND
	NOT EXISTS
		(
			SELECT potential_factor FROM
			(
				SELECT  
					(ones.i + tens.i * 10 + hundreds.i * 100) + 1 AS potential_factor
				FROM
					(
					   (
							SELECT 0 AS i UNION SELECT 1 UNION SELECT 2 UNION SELECT 3 UNION SELECT 4 UNION SELECT 5 UNION 
							SELECT 6 UNION SELECT 7 UNION SELECT 8 UNION SELECT 9
						) AS ones
							CROSS JOIN
					   (
							SELECT 0 AS i UNION SELECT 1 UNION SELECT 2 UNION SELECT 3 UNION SELECT 4 UNION SELECT 5 UNION SELECT 6 
							UNION SELECT 7 UNION SELECT 8 UNION SELECT 9
					  ) AS tens
							CROSS JOIN
					   (
							SELECT 0 AS i UNION SELECT 1 UNION SELECT 2 UNION SELECT 3 UNION SELECT 4 UNION SELECT 5 UNION SELECT 6 
							UNION SELECT 7 UNION SELECT 8 UNION SELECT 9
						) AS hundreds
					)
				WHERE
					ones.i + tens.i * 10 + hundreds.i * 100 < 1000
			) AS potential_factors
			WHERE
				potential_factor > 1
					AND 
				potential_factors.potential_factor < num
 					AND  
				num % potential_factors.potential_factor = 0 
	      );